{"type":"Topology","bbox":[-180,-90,180,83.57906683535938],"transform":{"scale":[0.036003600360036005,0.017359642647800717],"translate":[-180,-90]},"objects":{"countries":{"type":"GeometryCollection","geometries":[{"type":"MultiPolygon","arcs":[[[0,1,2,3,4]]],"id":"luxembourg","properties":{"name":"Luxembourg","subjecto":"Luxembourg","partof":"Luxembourg","prec":3}},{"type":"MultiPolygon","arcs":[[[5,6,7,8,9,10,11,12,13,14,15,16,17,18,19,20,21,22,23]],[[24,25]]],"id":"switzerland","properties":{"name":"Switzerland","subjecto":"Switzerland","partof":"Switzerland","prec":3}},{"type":"MultiPolygon","arcs":[[[26]],[[27]],[[28]],[[29]],[[30,31,32,33,34,35,36,37]],[[38]],[[39]],[[40]]],"id":"spain","properties":{"name":"Spain","subjecto":"Spain","partof":"Spain","prec":3}},{"type":"MultiPolygon","arcs":[[[41]],[[42,43,44,45,46]]],"id":"korea_ussr","properties":{"name":"Korea (USSR)","subjecto":"USSR","partof":"Korea (USSR)","prec":3}},{"type":"MultiPolygon","arcs":[[[47]],[[48]],[[49,50]],[[51]]],"id":"united_kingdom","properties":{"name":"United Kingdom","subjecto":"United Kingdom","partof":"United Kingdom","prec":3}},{"type":"MultiPolygon","arcs":[[[52]],[[53]],[[54]],[[55]]],"id":"japan_usa","properties":{"name":"Japan (USA)","subjecto":"USA","partof":"Japan (USA)","prec":3}},{"type":"MultiPolygon","arcs":[[[56,57]]],"id":"bhutan","properties":{"name":"Bhutan","subjecto":"Bhutan","partof":"Bhutan","prec":3}},{"type":"MultiPolygon","arcs":[[[58,59,60,61]]],"id":"western_sahara","properties":{"name":"Western Sahara","subjecto":"Western Sahara","partof":"Western Sahara","prec":3}},{"type":"MultiPolygon","arcs":[[[62,63,64]]],"id":"qatar","properties":{"name":"Qatar","subjecto":"Qatar","partof":"Qatar","prec":3}},{"type":"MultiPolygon","arcs":[[[-63,65,66,67,68,69]]],"id":"united_arab_emirates","properties":{"name":"United Arab Emirates","subjecto":"United Arab Emirates","partof":"United Arab Emirates","prec":3}},{"type":"MultiPolygon","arcs":[[[70,71,72,73,74,75,76]]],"id":"mali","properties":{"name":"Mali","subjecto":"France","partof":"Mali","prec":3}},{"type":"MultiPolygon","arcs":[[[77,-67]],[[78,79,80,-69]]],"id":"oman","properties":{"name":"Oman","subjecto":"Oman","partof":"Oman","prec":3}},{"type":"MultiPolygon","arcs":[[[81,-72,82,83,84,85,86]]],"id":"niger","properties":{"name":"Niger","subjecto":"France","partof":"Niger","prec":3}},{"type":"MultiPolygon","arcs":[[[87,-85,88,89,90,91,92]]],"id":"chad","properties":{"name":"Chad","subjecto":"France","partof":"Chad","prec":3}},{"type":"MultiPolygon","arcs":[[[93,94,95,96]]],"id":"tonkin","properties":{"name":"Tonkin","subjecto":"France","partof":"Tonkin","prec":3}},{"type":"MultiPolygon","arcs":[[[97]]],"id":"cuba","properties":{"name":"Cuba","subjecto":"Cuba","partof":"Cuba","prec":3}},{"type":"MultiPolygon","arcs":[[[98,99,100,-95,101,102]]],"id":"laos","properties":{"name":"Laos","subjecto":"France","partof":"Laos","prec":3}},{"type":"MultiPolygon","arcs":[[[103,104]]],"id":"haiti","properties":{"name":"Haiti","subjecto":"Haiti","partof":"Haiti","prec":3}},{"type":"MultiPolygon","arcs":[[[-104,105]]],"id":"dominican_republic","properties":{"name":"Dominican Republic","subjecto":"Dominican Republic","partof":"Dominican Republic","prec":3}},{"type":"MultiPolygon","arcs":[[[106]],[[107]],[[108]],[[109]],[[110]],[[111]],[[112]],[[113]]],"id":"philippines","properties":{"name":"Philippines","subjecto":"Philippines","partof":"Philippines","prec":3}},{"type":"MultiPolygon","arcs":[[[114]]],"id":"puerto_rico","properties":{"name":"Puerto Rico","subjecto":"Puerto Rico","partof":"Puerto Rico","prec":3}},{"type":"MultiPolygon","arcs":[[[115]]],"id":"jamaica_uk","properties":{"name":"Jamaica (UK)","subjecto":"United Kingdom","partof":"Jamaica (UK)","prec":3}},{"type":"MultiPolygon","arcs":[[[116,117,-73,-82,118,119]]],"id":"burkina_faso","properties":{"name":"Burkina Faso","subjecto":"Burkina Faso","partof":"Burkina Faso","prec":3}},{"type":"MultiPolygon","arcs":[[[120,121,122,123]]],"id":"nicaragua","properties":{"name":"Nicaragua","subjecto":"Nicaragua","partof":"Nicaragua","prec":3}},{"type":"MultiPolygon","arcs":[[[-103,124,125,126,127]]],"id":"cambodia","properties":{"name":"Cambodia","subjecto":"France","partof":"Cambodia","prec":3}},{"type":"MultiPolygon","arcs":[[[128,129,130,-124]]],"id":"costa_rica","properties":{"name":"Costa Rica","subjecto":"Costa Rica","partof":"Costa Rica","prec":3}},{"type":"MultiPolygon","arcs":[[[131,-92,132,133,134]]],"id":"central_african_republic","properties":{"name":"Central African Republic","subjecto":"Central African Republic","partof":"Central African Republic","prec":3}},{"type":"MultiPolygon","arcs":[[[135,136,137]]],"id":"sierra_leone","properties":{"name":"Sierra Leone","subjecto":"United Kingdom","partof":"Sierra Leone","prec":3}},{"type":"MultiPolygon","arcs":[[[138]]],"id":"sri_lanka","properties":{"name":"Sri Lanka","subjecto":"Sri Lanka","partof":"Sri Lanka","prec":3}},{"type":"MultiPolygon","arcs":[[[139,140,141,-130]]],"id":"panama","properties":{"name":"Panama","subjecto":"Panama","partof":"Panama","prec":3}},{"type":"MultiPolygon","arcs":[[[142,143,144,145]]],"id":"guyana","properties":{"name":"Guyana","subjecto":"Netherlands","partof":"Guyana","prec":3}},{"type":"MultiPolygon","arcs":[[[146,147,148,-137]]],"id":"liberia","properties":{"name":"Liberia","subjecto":"Liberia","partof":"Liberia","prec":3}},{"type":"MultiPolygon","arcs":[[[149,-134,150,151,152,153,154,155,156,157,158]]],"id":"zaire","properties":{"name":"Zaire","subjecto":"Zaire","partof":"Zaire","prec":3}},{"type":"MultiPolygon","arcs":[[[159,160,161,162,163,164,-155,165,166]]],"id":"tanzania_united_republic_of","properties":{"name":"Tanzania, United Republic of","subjecto":"United Kingdom","partof":"Tanzania, United Republic of","prec":3}},{"type":"MultiPolygon","arcs":[[[-153,167,-167,168]]],"id":"rwanda","properties":{"name":"Rwanda","subjecto":"Rwanda","partof":"Rwanda","prec":3}},{"type":"MultiPolygon","arcs":[[[-154,-169,-166]]],"id":"burundi","properties":{"name":"Burundi","subjecto":"Burundi","partof":"Burundi","prec":3}},{"type":"MultiPolygon","arcs":[[[169,-159,170]],[[-157,171,172,173]]],"id":"angola_portugal","properties":{"name":"Angola (Portugal)","subjecto":"Portugal","partof":"Angola (Portugal)","prec":3}},{"type":"MultiPolygon","arcs":[[[-172,-156,-165,174,175,176,177,178]]],"id":"northern_rhodesia","properties":{"name":"Northern Rhodesia","subjecto":"United Kingdom","partof":"Northern Rhodesia","prec":3}},{"type":"MultiPolygon","arcs":[[[179,-175,-164]]],"id":"nyasaland","properties":{"name":"Nyasaland","subjecto":"United Kingdom","partof":"Nyasaland","prec":3}},{"type":"MultiPolygon","arcs":[[[180,181,182,183,184]]],"id":"bolivia","properties":{"name":"Bolivia","subjecto":"Bolivia","partof":"Bolivia","prec":3}},{"type":"MultiPolygon","arcs":[[[185,186,187,188,-176,-180,-163,189]]],"id":"mozambique_portugal","properties":{"name":"Mozambique (Portugal)","subjecto":"Portugal","partof":"Mozambique (Portugal)","prec":3}},{"type":"MultiPolygon","arcs":[[[190]]],"id":"madagascar_france","properties":{"name":"Madagascar (France)","subjecto":"France","partof":"Madagascar (France)","prec":3}},{"type":"MultiPolygon","arcs":[[[-189,191,192,-177]]],"id":"rhodesia","properties":{"name":"Rhodesia","subjecto":"United Kingdom","partof":"Rhodesia","prec":3}},{"type":"MultiPolygon","arcs":[[[193,194,195,196,-173,-179,197]]],"id":"namibia","properties":{"name":"Namibia","subjecto":"Namibia","partof":"Namibia","prec":3}},{"type":"MultiPolygon","arcs":[[[198,199,-184,200]],[[201]],[[202]],[[203,204,205]]],"id":"chile","properties":{"name":"Chile","subjecto":"Chile","partof":"Chile","prec":3}},{"type":"MultiPolygon","arcs":[[[-178,-193,206,-198]]],"id":"botswana","properties":{"name":"Botswana","subjecto":"United Kingdom","partof":"Botswana","prec":3}},{"type":"MultiPolygon","arcs":[[[207,-182,208]]],"id":"paraguay","properties":{"name":"Paraguay","subjecto":"Paraguay","partof":"Paraguay","prec":3}},{"type":"MultiPolygon","arcs":[[[-207,-192,-188,209,-186,210,-194],[211]],[[-196,212]]],"id":"south_africa","properties":{"name":"South Africa","subjecto":"South Africa","partof":"South Africa","prec":3}},{"type":"MultiPolygon","arcs":[[[-187,-210]]],"id":"swaziland","properties":{"name":"Swaziland","subjecto":"United Kingdom","partof":"Swaziland","prec":3}},{"type":"MultiPolygon","arcs":[[[-212]]],"id":"lesotho","properties":{"name":"Lesotho","subjecto":"United Kingdom","partof":"Lesotho","prec":3}},{"type":"MultiPolygon","arcs":[[[213]],[[214]]],"id":"new_zealand","properties":{"name":"New Zealand","subjecto":"New Zealand","partof":"New Zealand","prec":3}},{"type":"MultiPolygon","arcs":[[[-205,215]],[[-201,-183,-208,216,217,218]],[[219,-206]]],"id":"argentina","properties":{"name":"Argentina","subjecto":"Argentina","partof":"Argentina","prec":3}},{"type":"MultiPolygon","arcs":[[[220]]],"id":"iceland","properties":{"name":"Iceland","subjecto":"Iceland","partof":"Iceland","prec":3}},{"type":"MultiPolygon","arcs":[[[221,-50]]],"id":"ireland","properties":{"name":"Ireland","subjecto":"Ireland","partof":"Ireland","prec":3}},{"type":"MultiPolygon","arcs":[[[222,223,224,225]]],"id":"mongolia","properties":{"name":"Mongolia","subjecto":"Mongolia","partof":"Mongolia","prec":3}},{"type":"MultiPolygon","arcs":[[[226,227,228,-1,229]]],"id":"belgium","properties":{"name":"Belgium","subjecto":"Belgium","partof":"Belgium","prec":3}},{"type":"MultiPolygon","arcs":[[[230,231,232,233,234]]],"id":"hungary","properties":{"name":"Hungary","subjecto":"Hungary","partof":"Hungary","prec":3}},{"type":"MultiPolygon","arcs":[[[-234,235,236,237,238]]],"id":"romania","properties":{"name":"Romania","subjecto":"Romania","partof":"Romania","prec":3}},{"type":"MultiPolygon","arcs":[[[-238,239,240,241,242]]],"id":"bulgaria","properties":{"name":"Bulgaria","subjecto":"Bulgaria","partof":"Bulgaria","prec":3}},{"type":"MultiPolygon","arcs":[[[243,244,245,246,247,248,-224]]],"id":"xinjiang","properties":{"name":"Xinjiang","subjecto":"Xinjiang","partof":"Xinjiang","prec":3}},{"type":"MultiPolygon","arcs":[[[249,250,251]]],"id":"albania","properties":{"name":"Albania","subjecto":"Albania","partof":"Albania","prec":3}},{"type":"MultiPolygon","arcs":[[[252,-37]]],"id":"portugal","properties":{"name":"Portugal","subjecto":"Portugal","partof":"Portugal","prec":3}},{"type":"MultiPolygon","arcs":[[[253,254,255,256,257]],[[258,259,-241]]],"id":"turkey","properties":{"name":"Turkey","subjecto":"Turkey","partof":"Turkey","prec":3}},{"type":"MultiPolygon","arcs":[[[260]],[[-252,261,-242,-260,262]]],"id":"greece","properties":{"name":"Greece","subjecto":"Greece","partof":"Greece","prec":3}},{"type":"MultiPolygon","arcs":[[[-258,263,264,265,266,267,268,269]]],"id":"iran","properties":{"name":"Iran","subjecto":"Iran","partof":"Iran","prec":3}},{"type":"MultiPolygon","arcs":[[[270,-248,271,272,-267]]],"id":"afghanistan","properties":{"name":"Afghanistan","subjecto":"Afghanistan","partof":"Afghanistan","prec":3}},{"type":"MultiPolygon","arcs":[[[273,-254,-270,274,275,276,277]]],"id":"iraq","properties":{"name":"Iraq","subjecto":"Iraq","partof":"Iraq","prec":3}},{"type":"MultiPolygon","arcs":[[[278,279,280,-255,-274,281]]],"id":"syria","properties":{"name":"Syria","subjecto":"Syria","partof":"Syria","prec":3}},{"type":"MultiPolygon","arcs":[[[282,283,284]]],"id":"tunisia","properties":{"name":"Tunisia","subjecto":"France","partof":"Tunisia","prec":3}},{"type":"MultiPolygon","arcs":[[[-61,285,286,-284,287,288,-83,-71,289]]],"id":"algeria","properties":{"name":"Algeria","subjecto":"France","partof":"Algeria","prec":3}},{"type":"MultiPolygon","arcs":[[[-286,-60,290]]],"id":"morocco","properties":{"name":"Morocco","subjecto":"France","partof":"Morocco","prec":3}},{"type":"MultiPolygon","arcs":[[[-280,291,292]]],"id":"lebanon","properties":{"name":"Lebanon","subjecto":"Lebanon","partof":"Lebanon","prec":3}},{"type":"MultiPolygon","arcs":[[[293,294,295,296,297]]],"id":"mexico","properties":{"name":"Mexico","subjecto":"Mexico","partof":"Mexico","prec":3}},{"type":"MultiPolygon","arcs":[[[298,299,-276]]],"id":"kuwait","properties":{"name":"Kuwait","subjecto":"Kuwait","partof":"Kuwait","prec":3}},{"type":"MultiPolygon","arcs":[[[300,301,-100,302,303,304,305]]],"id":"burma","properties":{"name":"Burma","subjecto":"Burma","partof":"Burma","prec":3}},{"type":"MultiPolygon","arcs":[[[306,307,-305]]],"id":"bangladesh","properties":{"name":"Bangladesh","subjecto":"Bangladesh","partof":"Bangladesh","prec":3}},{"type":"MultiPolygon","arcs":[[[308,309,-303,-99,-128,310]]],"id":"thailand","properties":{"name":"Thailand","subjecto":"Thailand","partof":"Thailand","prec":3}},{"type":"MultiPolygon","arcs":[[[311,312,-295]]],"id":"belize","properties":{"name":"Belize","subjecto":"Belize","partof":"Belize","prec":3}},{"type":"MultiPolygon","arcs":[[[313,-296,-313,314,315,316]]],"id":"guatemala","properties":{"name":"Guatemala","subjecto":"Guatemala","partof":"Guatemala","prec":3}},{"type":"MultiPolygon","arcs":[[[317,-122,318,319,-316]]],"id":"honduras","properties":{"name":"Honduras","subjecto":"Honduras","partof":"Honduras","prec":3}},{"type":"MultiPolygon","arcs":[[[320,-317,-320]]],"id":"el_salvador","properties":{"name":"El Salvador","subjecto":"El Salvador","partof":"El Salvador","prec":3}},{"type":"MultiPolygon","arcs":[[[321,322,323,324,325,-141,326]]],"id":"colombia","properties":{"name":"Colombia","subjecto":"Colombia","partof":"Colombia","prec":3}},{"type":"MultiPolygon","arcs":[[[327,328,329,-119,-87]]],"id":"benin","properties":{"name":"Benin","subjecto":"Benin","partof":"Benin","prec":3}},{"type":"MultiPolygon","arcs":[[[-117,330,331,332]]],"id":"gold_coast","properties":{"name":"Gold Coast","subjecto":"United Kingdom","partof":"Gold Coast","prec":3}},{"type":"MultiPolygon","arcs":[[[-120,-330,333,-331]]],"id":"togo","properties":{"name":"Togo","subjecto":"Togo","partof":"Togo","prec":3}},{"type":"MultiPolygon","arcs":[[[-148,334,-74,-118,-333,335]]],"id":"ivory_coast","properties":{"name":"Ivory Coast","subjecto":"France","partof":"Ivory Coast","prec":3}},{"type":"MultiPolygon","arcs":[[[336,-309]],[[337,338,339,340]]],"id":"malaysia","properties":{"name":"Malaysia","subjecto":"Malaysia","partof":"Malaysia","prec":3}},{"type":"MultiPolygon","arcs":[[[-145,341,342,343]]],"id":"suriname","properties":{"name":"Suriname","subjecto":"Suriname","partof":"Suriname","prec":3}},{"type":"MultiPolygon","arcs":[[[344,-343,345]]],"id":"french_guiana","properties":{"name":"French Guiana","subjecto":"French Guiana","partof":"French Guiana","prec":3}},{"type":"MultiPolygon","arcs":[[[-170,346,347,348,-135,-150]]],"id":"congo","properties":{"name":"Congo","subjecto":"Congo","partof":"Congo","prec":3}},{"type":"MultiPolygon","arcs":[[[349,-348,350,351]]],"id":"gabon","properties":{"name":"Gabon","subjecto":"Gabon","partof":"Gabon","prec":3}},{"type":"MultiPolygon","arcs":[[[352,-352,353]],[[354]]],"id":"equatorial_guinea","properties":{"name":"Equatorial Guinea","subjecto":"Equatorial Guinea","partof":"Equatorial Guinea","prec":3}},{"type":"MultiPolygon","arcs":[[[355,-325,356]]],"id":"ecuador","properties":{"name":"Ecuador","subjecto":"Ecuador","partof":"Ecuador","prec":3}},{"type":"MultiPolygon","arcs":[[[-185,-200,357,-357,-324,358]]],"id":"peru","properties":{"name":"Peru","subjecto":"Peru","partof":"Peru","prec":3}},{"type":"MultiPolygon","arcs":[[[-209,-181,-359,-323,359,-146,-344,-345,360,361,-217]],[[362]]],"id":"brazil","properties":{"name":"Brazil","subjecto":"Brazil","partof":"Brazil","prec":3}},{"type":"MultiPolygon","arcs":[[[363]],[[364,365]]],"id":"papua_new_guinea","properties":{"name":"Papua New Guinea","subjecto":"Papua New Guinea","partof":"Papua New Guinea","prec":3}},{"type":"MultiPolygon","arcs":[[[366]],[[367]]],"id":"australia","properties":{"name":"Australia","subjecto":"Australia","partof":"Australia","prec":3}},{"type":"MultiPolygon","arcs":[[[-218,-362,368]]],"id":"uruguay","properties":{"name":"Uruguay","subjecto":"Uruguay","partof":"Uruguay","prec":3}},{"type":"MultiPolygon","arcs":[[[369]],[[370]],[[371]],[[372]],[[373,374]],[[375]]],"id":"denmark","properties":{"name":"Denmark","subjecto":"Denmark","partof":"Denmark","prec":3}},{"type":"MultiPolygon","arcs":[[[376,377]],[[378,379,380,381,382]],[[383]]],"id":"poland","properties":{"name":"Poland","subjecto":"Poland","partof":"Poland","prec":3}},{"type":"MultiPolygon","arcs":[[[384,-228,385]]],"id":"netherlands","properties":{"name":"Netherlands","subjecto":"Netherlands","partof":"Netherlands","prec":3}},{"type":"MultiPolygon","arcs":[[[386,387,-231,388,389,-24,390,391]]],"id":"austria","properties":{"name":"Austria","subjecto":"Austria","partof":"Austria","prec":3}},{"type":"MultiPolygon","arcs":[[[392,393,394,-328,-86,-88]]],"id":"nigeria","properties":{"name":"Nigeria","subjecto":"United Kingdom","partof":"Nigeria","prec":3}},{"type":"MultiPolygon","arcs":[[[395,396,-394]]],"id":"southern_cameroon","properties":{"name":"Southern Cameroon","subjecto":"United Kingdom","partof":"Southern Cameroon","prec":3}},{"type":"MultiPolygon","arcs":[[[397,398,-282,-278,399]]],"id":"jordan","properties":{"name":"Jordan","subjecto":"Jordan","partof":"Jordan","prec":3}},{"type":"MultiPolygon","arcs":[[[400,401,-89,-84,-289]]],"id":"fezzan_frech_lybia","properties":{"name":"Fezzan (Frech Lybia)","subjecto":"France","partof":"Fezzan (Frech Lybia)","prec":3}},{"type":"MultiPolygon","arcs":[[[402,403,-292,-279,-399,404]]],"id":"israel","properties":{"name":"Israel","subjecto":"Israel","partof":"Israel","prec":3}},{"type":"MultiPolygon","arcs":[[[405,-400,-277,-300,406,-64,-70,-81,407]]],"id":"saudi_arabia","properties":{"name":"Saudi Arabia","subjecto":"Saudi Arabia","partof":"Saudi Arabia","prec":3}},{"type":"MultiPolygon","arcs":[[[-403,408,409,410,411]]],"id":"egypt","properties":{"name":"Egypt","subjecto":"United Kingdom","partof":"Egypt","prec":3}},{"type":"MultiPolygon","arcs":[[[412,413]]],"id":"nepal","properties":{"name":"Nepal","subjecto":"Nepal","partof":"Nepal","prec":3}},{"type":"MultiPolygon","arcs":[[[414,415,-62,-290,-77]]],"id":"mauritania","properties":{"name":"Mauritania","subjecto":"France","partof":"Mauritania","prec":3}},{"type":"MultiPolygon","arcs":[[[416,-151,-133,-91,417,-410,418,419,420,421]]],"id":"sudan","properties":{"name":"Sudan","subjecto":"United Kingdom","partof":"Sudan","prec":3}},{"type":"MultiPolygon","arcs":[[[422,-408,-80]]],"id":"yemen","properties":{"name":"Yemen","subjecto":"Yemen","partof":"Yemen","prec":3}},{"type":"MultiPolygon","arcs":[[[423,-420,424,425]]],"id":"eritrea","properties":{"name":"Eritrea","subjecto":"United Kingdom","partof":"Eritrea","prec":3}},{"type":"MultiPolygon","arcs":[[[426,427,428,429,-415,-76,430]]],"id":"senegal","properties":{"name":"Senegal","subjecto":"France","partof":"Senegal","prec":3}},{"type":"MultiPolygon","arcs":[[[431,432,433,-421,-424,434]]],"id":"ethiopia","properties":{"name":"Ethiopia","subjecto":"Ethiopia","partof":"Ethiopia","prec":3}},{"type":"MultiPolygon","arcs":[[[-429,435]]],"id":"gambia_the","properties":{"name":"Gambia, The","subjecto":"United Kingdom","partof":"Gambia, The","prec":3}},{"type":"MultiPolygon","arcs":[[[-435,-426,436,437]]],"id":"djibouti","properties":{"name":"Djibouti","subjecto":"Djibouti","partof":"Djibouti","prec":3}},{"type":"MultiPolygon","arcs":[[[-427,438,439]]],"id":"guinea_bissau_portugal","properties":{"name":"Guinea-Bissau (Portugal)","subjecto":"Portugal","partof":"Guinea-Bissau (Portugal)","prec":3}},{"type":"MultiPolygon","arcs":[[[-335,-147,-136,440,-439,-431,-75]]],"id":"guinea","properties":{"name":"Guinea","subjecto":"France","partof":"Guinea","prec":3}},{"type":"MultiPolygon","arcs":[[[-360,-322,441,-143]]],"id":"venezuela","properties":{"name":"Venezuela","subjecto":"Venezuela","partof":"Venezuela","prec":3}},{"type":"MultiPolygon","arcs":[[[442]]],"id":"trinidad","properties":{"name":"Trinidad","subjecto":"Trinidad","partof":"Trinidad","prec":3}},{"type":"MultiPolygon","arcs":[[[443,-339]]],"id":"brunei","properties":{"name":"Brunei","subjecto":"Brunei","partof":"Brunei","prec":3}},{"type":"MultiPolygon","arcs":[[[444,-161,445,-422,-434,446]]],"id":"kenya","properties":{"name":"Kenya","subjecto":"United Kingdom","partof":"Kenya","prec":3}},{"type":"MultiPolygon","arcs":[[[-152,-417,-446,-160,-168]]],"id":"uganda","properties":{"name":"Uganda","subjecto":"United Kingdom","partof":"Uganda","prec":3}},{"type":"MultiPolygon","arcs":[[[447,448,449,450,451,452,453,454,455,456,457,458]],[[459]],[[460]],[[461]],[[462]],[[463]],[[464]],[[465]],[[466]],[[467]],[[468]],[[469]],[[470]],[[471]],[[472]],[[473]],[[474]],[[475]],[[476]],[[477]],[[478]],[[479]],[[480]]],"id":"canada","properties":{"name":"Canada","subjecto":"Canada","partof":"Canada","prec":3}},{"type":"MultiPolygon","arcs":[[[481]],[[482]],[[483,484,485,486]]],"id":"norway","properties":{"name":"Norway","subjecto":"Norway","partof":"Norway","prec":3}},{"type":"MultiPolygon","arcs":[[[487,488,489,-486]]],"id":"finland","properties":{"name":"Finland","subjecto":"Finland","partof":"Finland","prec":3}},{"type":"MultiPolygon","arcs":[[[490,-487,-490]]],"id":"sweden","properties":{"name":"Sweden","subjecto":"Sweden","partof":"Sweden","prec":3}},{"type":"MultiPolygon","arcs":[[[491]],[[492]],[[493]],[[494]],[[495]],[[496]]],"id":"antarctica","properties":{"name":"Antarctica","subjecto":"Antarctica","partof":"Antarctica","prec":3}},{"type":"MultiPolygon","arcs":[[[497,-232,-388,498,499,-381]]],"id":"czechoslovakia","properties":{"name":"Czechoslovakia","subjecto":"Czechoslovakia","partof":"Czechoslovakia","prec":3}},{"type":"MultiPolygon","arcs":[[[500,-268,-273,501]]],"id":"pakistan","properties":{"name":"Pakistan","subjecto":"Pakistan","partof":"Pakistan","prec":3}},{"type":"MultiPolygon","arcs":[[[-247,502,-413,503,-58,504,-306,-308,505,-502,-272]]],"id":"india","properties":{"name":"India","subjecto":"India","partof":"India","prec":3}},{"type":"MultiPolygon","arcs":[[[-57,-504,-414,-503,-246,506,507,508,509,510,511,-301,-505]]],"id":"tibet","properties":{"name":"Tibet","subjecto":"Tibet","partof":"Tibet","prec":3}},{"type":"MultiPolygon","arcs":[[[512]],[[513,514,-96,-101,-302,-512,515,-510,516,-508,517,-244,-223]]],"id":"china","properties":{"name":"China","subjecto":"China","partof":"China","prec":3}},{"type":"MultiPolygon","arcs":[[[-226,518,-43,519,-514]]],"id":"manchuria","properties":{"name":"Manchuria","subjecto":"Manchuria","partof":"Manchuria","prec":3}},{"type":"MultiPolygon","arcs":[[[520]],[[-264,-257,521,-236,-233,-498,-380,522,-488,-485,523,-44,-519,-225,-249,-271,-266,524]],[[525]],[[526]],[[527]],[[528]],[[529]],[[530]],[[531]],[[532]],[[533]],[[534]],[[535]],[[536]],[[537]],[[538]],[[539]],[[540]],[[541]],[[542]],[[543]],[[544]],[[545]],[[546]]],"id":"ussr","properties":{"name":"USSR","subjecto":"USSR","partof":"USSR","prec":3}},{"type":"MultiPolygon","arcs":[[[547,-382,-500,548,549,550,551]],[[552,-378]]],"id":"germany_soviet","properties":{"name":"Germany (Soviet)","subjecto":"USSR","partof":"Germany (Soviet)","prec":3}},{"type":"MultiPolygon","arcs":[[[553,554,555,-4]]],"id":"saar_protectorate","properties":{"name":"Saar Protectorate","subjecto":"France","partof":"Saar Protectorate","prec":3}},{"type":"MultiPolygon","arcs":[[[556,557,-389,-235,-239,-243,-262,-251]]],"id":"yugoslavia","properties":{"name":"Yugoslavia","subjecto":"Yugoslavia","partof":"Yugoslavia","prec":3}},{"type":"MultiPolygon","arcs":[[[558]],[[559]],[[560,561,-6,-390,-558]]],"id":"italy","properties":{"name":"Italy","subjecto":"Italy","partof":"Italy","prec":3}},{"type":"MultiPolygon","arcs":[[[562,563,-229,-385,564,-374,565,-552,566]]],"id":"germany_uk","properties":{"name":"Germany (UK)","subjecto":"United Kingdom","partof":"Germany (UK)","prec":3}},{"type":"MultiPolygon","arcs":[[[567,-567,-551,568,-549,-499,-387]]],"id":"germany_usa","properties":{"name":"Germany (USA)","subjecto":"USA","partof":"Germany (USA)","prec":3}},{"type":"MultiPolygon","arcs":[[[-3,569,-563,-568,-392,570,-26,571,-22,572,573,-554]]],"id":"germany_france","properties":{"name":"Germany (France)","subjecto":"France","partof":"Germany (France)","prec":3}},{"type":"MultiPolygon","arcs":[[[574]],[[575]]],"id":"antigua_and_barbuda","properties":{"name":"Antigua and Barbuda","subjecto":"Antigua and Barbuda","partof":"Antigua and Barbuda","prec":3}},{"type":"MultiPolygon","arcs":[[[-562,576,-35,577,578,579,-31,580,-230,-5,-556,581,-573,582,19,583],[584]],[[585]],[[586]],[[587]],[[16,588]],[[589]],[[590]],[[591]],[[12,592]],[[593]],[[594]],[[595]],[[8,596]],[[597]],[[598]]],"id":"france","properties":{"name":"France","subjecto":"France","partof":"France","prec":3}},{"type":"MultiPolygon","arcs":[[[599,-33,600,-579]]],"id":"andorra","properties":{"name":"Andorra","subjecto":"Andorra","partof":"Andorra","prec":3}},{"type":"MultiPolygon","arcs":[[[601]]],"id":"barbados","properties":{"name":"Barbados","subjecto":"Barbados","partof":"Barbados","prec":3}},{"type":"MultiPolygon","arcs":[[[602]]],"id":"dominica","properties":{"name":"Dominica","subjecto":"Dominica","partof":"Dominica","prec":3}},{"type":"MultiPolygon","arcs":[[[603]],[[604]],[[605]]],"id":"grenada","properties":{"name":"Grenada","subjecto":"Grenada","partof":"Grenada","prec":3}},{"type":"MultiPolygon","arcs":[[[606]]],"id":"martinique_france","properties":{"name":"Martinique (France)","subjecto":"France","partof":"Martinique (France)","prec":3}},{"type":"MultiPolygon","arcs":[[[607]]],"id":"montserrat","properties":{"name":"Montserrat","subjecto":"Montserrat","partof":"Montserrat","prec":3}},{"type":"MultiPolygon","arcs":[[[608]]],"id":"anguilla","properties":{"name":"Anguilla","subjecto":"Anguilla","partof":"Anguilla","prec":3}},{"type":"MultiPolygon","arcs":[[[609]],[[610]]],"id":"saint_kitts_and_nevis","properties":{"name":"Saint Kitts and Nevis","subjecto":"Saint Kitts and Nevis","partof":"Saint Kitts and Nevis","prec":3}},{"type":"MultiPolygon","arcs":[[[611]]],"id":"saint_lucia","properties":{"name":"Saint Lucia","subjecto":"Saint Lucia","partof":"Saint Lucia","prec":3}},{"type":"MultiPolygon","arcs":[[[612]],[[613]],[[614]],[[615]]],"id":"saint_vincent_and_the_grenadines","properties":{"name":"Saint Vincent and the Grenadines","subjecto":"Saint Vincent and the Grenadines","partof":"Saint Vincent and the Grenadines","prec":3}},{"type":"MultiPolygon","arcs":[[[616]],[[617]],[[618]]],"id":"united_states_virgin_islands","properties":{"name":"United States Virgin Islands","subjecto":"USA","partof":"United States Virgin Islands","prec":3}},{"type":"MultiPolygon","arcs":[[[619]],[[620]],[[621]],[[622]]],"id":"guadeloupe","properties":{"name":"Guadeloupe","subjecto":"France","partof":"Guadeloupe","prec":3}},{"type":"MultiPolygon","arcs":[[[623]],[[624]],[[625]]],"id":"netherlands_antilles","properties":{"name":"Netherlands Antilles","subjecto":"Netherlands Antilles","partof":"Netherlands Antilles","prec":3}},{"type":"MultiPolygon","arcs":[[[626,627]]],"id":"saint_martin","properties":{"name":"Saint Martin","subjecto":"Saint Martin","partof":"Saint Martin","prec":3}},{"type":"MultiPolygon","arcs":[[[-627,628]]],"id":"saint_barthelemy","properties":{"name":"Saint Barthelemy","subjecto":"Saint Barthelemy","partof":"Saint Barthelemy","prec":3}},{"type":"MultiPolygon","arcs":[[[629,630,-126]]],"id":"cochin_china","properties":{"name":"Cochin China","subjecto":"France","partof":"Cochin China","prec":3}},{"type":"MultiPolygon","arcs":[[[-94,631,-630,-125,-102]]],"id":"annam","properties":{"name":"Annam","subjecto":"France","partof":"Annam","prec":3}},{"type":"MultiPolygon","arcs":[[[632,633,-447,-433]]],"id":"somalia","properties":{"name":"Somalia","subjecto":"United Kingdom","partof":"Somalia","prec":3}},{"type":"MultiPolygon","arcs":[[[-633,-432,-438,634]]],"id":"british_somaliland","properties":{"name":"British Somaliland","subjecto":"United Kingdom","partof":"British Somaliland","prec":3}},{"type":"MultiPolygon","arcs":[[[-402,635,636,-411,-418,-90]]],"id":"cyraneica_uk_lybia","properties":{"name":"Cyraneica (UK Lybia)","subjecto":"United Kingdom","partof":"Cyraneica (UK Lybia)","prec":3}},{"type":"MultiPolygon","arcs":[[[-401,-288,-283,637,-636]]],"id":"tripolitana_uk_lybia","properties":{"name":"Tripolitana (UK Lybia)","subjecto":"United Kingdom","partof":"Tripolitana (UK Lybia)","prec":3}},{"type":"MultiPolygon","arcs":[[[-396,-393,-93,-132,-349,-350,-353,638]]],"id":"cameroon","properties":{"name":"Cameroon","subjecto":"Cameroon","partof":"Cameroon","prec":3}},{"type":"MultiPolygon","arcs":[[[639]],[[640]],[[641]],[[642]],[[643]],[[644]]],"id":"turks_and_caicos_islands","properties":{"name":"Turks and Caicos Islands","subjecto":"Turks and Caicos Islands","partof":"Turks and Caicos Islands","prec":3}},{"type":"MultiPolygon","arcs":[[[645]],[[646]],[[647]],[[648]],[[649]],[[650]],[[651]],[[652]],[[653]],[[654]],[[655]],[[656]],[[657]],[[658]],[[659]],[[660]],[[661]],[[662]],[[663]],[[664]],[[665]],[[666]],[[667]],[[668]],[[669]],[[670]],[[671]],[[672]]],"id":"bahamas","properties":{"name":"Bahamas","subjecto":"Bahamas","partof":"Bahamas","prec":3}},{"type":"MultiPolygon","arcs":[[[673]]],"id":"united_states","properties":{"name":"United States","subjecto":"United States","partof":"United States","prec":3}},{"type":"MultiPolygon","arcs":[[[674]]],"id":"indonesia","properties":{"name":"Indonesia","subjecto":"Indonesia","partof":"Indonesia","prec":3}},{"type":"MultiPolygon","arcs":[[[675,-365]],[[676]]],"id":"dutch_guinea","properties":{"name":"Dutch Guinea","subjecto":"Netherlands","partof":"Dutch Guinea","prec":3}},{"type":"MultiPolygon","arcs":[[[677]],[[678]],[[679]],[[680]],[[681]],[[682]],[[683]],[[684]],[[685]],[[686]],[[-341,687]],[[688]]],"id":"indonesia_2","properties":{"name":"Indonesia","subjecto":"Indonesia","partof":"Indonesia","prec":3}},{"type":"MultiPolygon","arcs":[[[689]],[[690]],[[691]],[[692]],[[693]],[[694]],[[-455,695,-453,696,-451,697,-449,698,-459,699,-298,700],[701]],[[702]],[[703]],[[704]],[[705]],[[706]],[[707]],[[708]],[[709]],[[-457,710]]],"id":"united_states_2","properties":{"name":"United States","subjecto":"USA","partof":"United States","prec":3}},{"type":"MultiPolygon","arcs":[[[711]]],"id":"taiwan","properties":{"name":"Taiwan","subjecto":"Taiwan","partof":"Taiwan","prec":3}},{"type":"MultiPolygon","arcs":[[[712]],[[713]],[[714]],[[715]],[[716]],[[717]],[[718]],[[719]],[[720]],[[721]],[[722]],[[723]],[[724]],[[725]],[[726]],[[727]],[[728,-46]]],"id":"korea_usa","properties":{"name":"Korea (USA)","subjecto":"USA","partof":"Korea (USA)","prec":3}},{"type":"MultiPolygon","arcs":[[[729]],[[730]],[[731]],[[732]],[[733]]],"id":"american_samoa","properties":{"name":"American Samoa","subjecto":"American Samoa","partof":"American Samoa","prec":3}},{"type":"MultiPolygon","arcs":[[[734]],[[735]],[[736]],[[737]],[[738]],[[739]],[[740]],[[741]],[[742]],[[743]],[[744]],[[745]],[[746]],[[747]],[[748]],[[749]],[[750]],[[751]],[[752]],[[753]],[[754]],[[755]],[[756]],[[757]],[[758]],[[759]],[[760]],[[761]],[[762]],[[763]],[[764]],[[765]],[[766]],[[767]],[[768]]],"id":"fiji","properties":{"name":"Fiji","subjecto":"Fiji","partof":"Fiji","prec":3}},{"type":"MultiPolygon","arcs":[[[769]]],"id":"niue","properties":{"name":"Niue","subjecto":"Niue","partof":"Niue","prec":3}},{"type":"MultiPolygon","arcs":[[[770]],[[771]],[[772]],[[773]],[[774]],[[775]],[[776]],[[777]],[[778]],[[779]],[[780]],[[781]],[[782]],[[783]],[[784]]],"id":"tonga","properties":{"name":"Tonga","subjecto":"Tonga","partof":"Tonga","prec":3}},{"type":"MultiPolygon","arcs":[[[785]],[[786]]],"id":"wallis_and_futuna_islands","properties":{"name":"Wallis and Futuna Islands","subjecto":"Wallis and Futuna Islands","partof":"Wallis and Futuna Islands","prec":3}},{"type":"MultiPolygon","arcs":[[[787]],[[788]]],"id":"samoa","properties":{"name":"Samoa","subjecto":"Samoa","partof":"Samoa","prec":3}},{"type":"MultiPolygon","arcs":[[[789]]],"id":"rapa_nui","properties":{"name":"Rapa Nui","subjecto":"Chile","partof":"Rapa Nui","prec":3}},{"type":"MultiPolygon","arcs":[[[790]],[[791]]],"id":"hong_kong","properties":{"name":"Hong Kong","subjecto":"United Kingdom","partof":"","prec":3}}]}},"arcs":[[[5161,8036],[-2,15],[3,16],[7,4]],[[5169,8071],[1,-7]],[[5170,8064],[11,-11],[-3,-14]],[[5178,8039],[0,-6]],[[5178,8033],[-17,3]],[[5288,7885],[0,-18],[-7,5],[-7,-15],[-9,-5],[-5,13],[-10,-21],[-4,-17],[-14,24],[0,10],[-10,-10],[-6,-21],[-8,4],[-15,-3]],[[5193,7831],[-3,26]],[[5190,7857],[2,1]],[[5192,7858],[-1,2]],[[5191,7860],[-1,0]],[[5190,7860],[-1,1]],[[5189,7861],[-3,1]],[[5186,7862],[-1,1]],[[5185,7863],[-2,1]],[[5183,7864],[-1,-1]],[[5182,7863],[-5,-2]],[[5177,7861],[0,0]],[[5177,7861],[-3,-4]],[[5174,7857],[-3,-11]],[[5171,7846],[5,8]],[[5176,7854],[-7,-13],[-1,29],[15,25],[9,26],[11,-2],[5,8]],[[5208,7927],[10,-2],[22,12],[9,-6]],[[5249,7931],[15,-11]],[[5264,7920],[0,-24],[8,-2],[7,-10],[7,9],[2,-8]],[[5255,7931],[-2,0]],[[5253,7931],[2,0]],[[5033,7425],[9,13],[-3,-16],[-6,3]],[[5093,7463],[-9,-17],[-7,6],[-4,12],[-7,2],[19,18],[2,-8],[9,-3],[-3,-10]],[[5113,7482],[-7,10],[9,0],[-2,-10]],[[5038,7410],[0,0]],[[4946,7679],[12,-5],[-2,-10],[18,-9],[9,-9],[5,3],[7,-8],[21,-1],[4,8],[20,-9]],[[5040,7639],[0,0]],[[5040,7639],[7,-6]],[[5047,7633],[6,-3]],[[5053,7630],[2,-8],[10,-1],[16,6],[4,-2]],[[5085,7625],[1,-29],[-25,-24],[-4,-9],[-21,-8],[-12,-8],[-5,-13],[2,-8],[-7,-3],[-8,-21],[-11,-20],[-6,-26],[6,-28],[9,-12],[-17,-18],[-6,-14],[-6,-24],[2,-9],[-15,-4],[-13,-14],[-3,-20],[-9,-13],[-10,5],[-10,-4],[-41,-1],[-9,-14],[-12,-4],[-6,-20],[-7,-3],[-15,15],[-2,17],[-10,26],[-16,12],[-8,-1]],[[4791,7328],[7,35],[11,16],[-5,8],[-10,3],[2,12],[11,27],[-14,32],[15,10],[0,30],[3,51],[15,13],[3,12],[-16,25],[-11,-6],[-22,1],[-7,12],[-18,-12]],[[4755,7597],[-2,8],[6,23],[-8,23],[-8,5],[-1,8],[7,14],[20,4],[2,15],[7,7],[9,-1],[14,-10],[19,1],[13,8],[13,-7],[20,-7],[27,-1],[12,-4],[11,10],[7,-1],[11,-12],[12,-1]],[[4616,6858],[8,22],[3,-20],[-10,-12],[-3,-39],[-18,-9],[11,20],[9,38]],[[4577,6792],[-10,-10],[-9,10],[14,17],[5,-17]],[[4553,6828],[-16,-28],[-19,-1],[1,15],[12,2],[22,12]],[[8462,7368],[0,0]],[[8447,7480],[10,25],[39,38],[8,14],[8,27],[11,4],[3,-11],[13,-10],[18,5],[-6,23],[3,15],[22,-3],[19,21],[3,18],[11,13],[8,-18]],[[8617,7641],[5,-21]],[[8622,7620],[-17,-24],[-4,-22],[4,-6],[-3,-31],[-15,-12],[-20,-33],[-21,-11],[-7,-14],[3,-17],[-5,-6],[11,-7],[17,-26],[7,-29],[5,-13]],[[8577,7369],[-67,-1]],[[8510,7368],[-6,-13],[-12,18],[-3,-13],[-9,-6],[-10,14],[4,8],[-11,5],[6,19],[11,13],[-5,5],[7,33],[-17,20],[-4,-6],[-6,14],[-8,1]],[[4994,8268],[8,-8],[5,-15],[-7,-20],[9,-4],[11,11],[18,-5],[6,-10],[2,-19],[-5,-17],[-13,-12],[-9,-14],[-12,-7],[30,-5],[0,-14],[-19,-11],[-13,-11],[-15,5],[-14,-6],[-7,6],[-27,-7],[1,-7],[-14,0],[-12,8],[-15,-6],[-1,-14],[-9,-10],[-10,11],[-20,-10],[-9,-14],[-14,9],[15,13],[6,12],[12,13],[1,12],[8,11],[12,3],[21,-3],[9,26],[-12,-10],[-9,0],[-18,12],[-23,2],[-7,9],[5,8],[21,11],[5,10],[-1,27],[-13,0],[9,15],[10,6],[29,4],[-4,14],[4,38],[-10,-2],[-9,16],[12,24],[-12,5],[-15,-9],[-9,6],[-4,-10],[-14,6],[1,9],[12,27],[-8,14],[8,14],[-2,13],[-12,-14],[-12,-8],[-2,11],[10,35],[-8,6],[-7,-15],[-6,5],[11,30],[-3,15],[8,7],[-9,14],[6,9],[14,-2],[-8,20],[12,4],[-6,13],[6,10],[11,-9],[19,6],[19,1],[0,-15],[-28,-25],[0,-16],[36,-1],[20,2],[5,-10],[-5,-22],[-15,-32],[-13,-7],[12,-9],[-16,-12],[-17,0],[5,-5],[16,-3],[11,7],[14,-9],[15,-20],[4,-31],[5,-14],[14,-7],[16,-30],[3,-29]],[[4841,8372],[0,17],[6,-11],[-6,-6]],[[4827,8293],[-2,7],[-12,-2],[1,6],[-12,14],[-3,-10],[-9,-6],[-10,5],[-6,14],[11,7],[-6,7],[10,3],[4,18]],[[4793,8356],[22,9],[17,-7],[7,-20],[3,-24],[-7,-17],[-8,-4]],[[5938,7213],[4,-15],[-11,-1],[-1,-8],[-25,-11],[-9,6],[-4,19],[10,6],[7,-2],[1,14],[16,-3],[31,20],[-19,-25]],[[8797,7331],[16,10],[1,-9],[-9,-14],[1,-21],[35,31],[11,14],[4,16],[10,11],[8,28],[7,16],[8,46],[-6,23],[5,13],[-2,27],[15,23],[5,-15],[14,8],[-2,14],[-8,9],[8,11],[10,-10],[1,-44],[6,-11],[8,-37],[-3,-31],[-8,-20],[-2,-21],[-12,-9],[-6,-20],[3,-38],[0,-18],[-9,-19],[-3,-38],[8,-16],[-12,-16],[-2,-21],[-14,-12],[-1,7],[6,31],[-9,-3],[-7,-16],[-10,-8],[-1,-19],[-8,-3],[-2,20],[-6,-5],[-8,-22],[-11,2],[-14,-4],[-6,14],[-9,8],[-6,-20],[11,-15],[-20,-15],[-12,-38],[-19,20],[-3,26],[10,19],[-3,9],[-8,-5],[-14,5],[-17,-14],[-6,3],[-31,-18],[-8,10],[-5,-12],[0,-16],[-17,7],[-17,2],[3,16],[12,3],[10,12],[27,51],[9,3],[1,-11],[22,10],[26,6],[11,7],[6,-19],[16,16],[1,22],[19,40],[0,29],[2,5]],[[8685,7059],[-6,12],[-4,21],[-6,13],[9,10],[10,23],[5,-7],[13,5],[10,17],[6,1],[14,-10],[0,-21],[-15,-29],[-7,13],[-6,1],[-10,-10],[-7,-32],[-6,-7]],[[8631,6964],[-5,4],[5,30],[-5,3],[-9,-29],[-5,11],[4,19],[-4,24],[11,18],[1,16],[-7,20],[-4,1],[-7,-19],[-14,32],[5,9],[18,2],[7,19],[12,0],[3,-10],[9,-6],[8,5],[3,-10],[-7,-11],[11,-24],[-7,-15],[-5,-20],[-2,-33],[-10,-19],[-6,-17]],[[8891,7562],[-4,13],[4,26],[-9,9],[-2,21],[22,24],[-4,17],[7,8],[13,-13],[6,5],[0,31],[11,11],[1,41],[-6,32],[10,15],[32,-56],[13,-18],[15,-12],[16,-6],[21,23],[-8,-26],[10,-36],[-12,-13],[-12,-5],[-11,5],[-9,-10],[-14,-33],[-4,-15],[-35,33],[-15,1],[-13,-15],[-7,17],[-13,-11],[1,-8],[14,-13],[11,-15],[-5,-5],[-11,1],[-13,-23]],[[7466,6750],[16,40],[13,23],[4,-13],[32,-1],[9,-6],[4,-16]],[[7544,6777],[0,-11],[11,-15],[-3,-22],[-20,-4],[-33,2],[-4,-5],[-27,12],[-2,16]],[[4527,6412],[6,39],[12,29],[18,80],[21,36],[4,13],[1,24],[3,28],[8,28],[21,27],[4,13],[10,42]],[[4635,6771],[20,1],[104,0]],[[4759,6772],[1,-22]],[[4760,6750],[-1,-63],[-1,-10],[-82,1],[-7,-2],[-3,-139],[-21,-19],[-10,-21],[3,-87],[-111,2]],[[6424,6591],[-5,-1]],[[6419,6590],[-4,2]],[[6415,6592],[-3,48],[6,39],[8,5],[6,-24],[0,-46],[-8,-23]],[[6424,6591],[8,-24],[10,-3],[12,9],[16,-5],[4,4],[17,-6],[18,10],[7,13],[5,20],[19,40],[2,-3],[17,34]],[[6559,6680],[-2,-27],[2,-1]],[[6559,6652],[6,-1],[1,-31]],[[6566,6620],[-11,1],[0,-45],[-10,-24],[2,-83]],[[6547,6469],[-10,-13],[-52,14],[-43,10],[-3,23],[-20,87]],[[4864,6624],[38,-51],[52,-73],[45,-60],[31,-38],[1,-17],[20,-39],[8,7],[12,-18],[14,-4],[4,-23],[0,-32],[27,11]],[[5116,6287],[2,-109],[-3,-46],[-6,-33],[-7,-20],[-8,-11],[-54,-5],[-17,-20],[-16,3]],[[5007,6046],[-27,8],[-31,-37],[-4,-20],[-14,11],[-11,-19],[-13,-45],[-6,-2],[-10,17],[-9,-12],[-8,-59],[-4,-9],[-15,-12],[-1,-26],[-5,-46],[-4,-14]],[[4845,5781],[-14,-14],[-5,29],[-6,-2],[-16,-31],[-13,20],[-11,-16]],[[4780,5767],[-7,24],[-3,29],[-4,19],[-9,24],[-4,30],[-7,9],[-18,-26],[-15,9],[-9,-17],[-22,30]],[[4682,5898],[0,40],[-10,17],[-5,18],[-5,46],[7,19]],[[4669,6038],[10,44],[8,-1],[7,-22],[8,-6],[2,20],[15,-7],[11,0],[12,9],[105,1],[5,41],[-9,21],[-5,100],[-20,360],[-1,21],[41,2],[6,3]],[[6559,6680],[6,16],[1,-22],[-7,-22]],[[6566,6620],[11,-38],[10,-16],[26,-28],[15,-2],[23,-53],[10,-15],[-8,-28],[-19,-39],[-9,-40],[-16,-1],[-4,-14],[-1,-49],[2,-16],[-18,-6],[-13,-14],[-5,-27],[-8,-14],[-19,-2],[-8,-15],[-2,-31],[-8,-10],[-23,3],[-30,-21]],[[6472,6144],[-9,26],[-1,14],[-20,60],[-4,34]],[[6438,6278],[51,53],[67,77],[-2,37],[-7,24]],[[5064,5886],[-7,25],[-18,4],[-12,20],[2,17],[-2,12],[-16,31],[-6,24],[2,27]],[[5116,6287],[44,18],[49,84],[49,63],[74,85]],[[5332,6537],[10,-4],[33,-20],[18,-28],[22,23]],[[5415,6508],[7,-90],[5,-26],[7,-21],[9,-16],[-8,-44],[-3,-54],[-2,-100],[-31,-67],[-25,-76],[2,-43]],[[5376,5971],[-12,-1],[-24,-32],[-28,16],[-23,-3],[-10,-8],[-13,-18],[-15,-2],[-12,7],[-15,19],[-10,0],[-17,-15],[-7,3],[-14,32],[-10,7],[-14,3],[-28,-8],[-8,-10],[-9,-42],[-4,-12],[-3,-47]],[[5100,5860],[-12,13],[-13,22],[-11,-9]],[[5389,5937],[-11,24],[-2,10]],[[5415,6508],[23,22],[5,1],[48,-48]],[[5491,6483],[79,-79],[95,-98]],[[5665,6306],[-1,-68],[1,-65],[0,-84],[-26,-1],[-3,-4],[-5,-32],[-8,-21],[0,-29],[-10,-17],[3,-23],[-12,-40],[3,-9],[11,2],[8,-59],[9,-23],[-2,-20]],[[5633,5813],[-15,3],[-16,-22],[-5,-27],[-33,-59],[-32,-4],[-8,-7],[-1,-21],[-8,-30],[-19,-4],[-11,-8],[-15,-17],[-5,1],[-7,18],[-22,-22],[-4,3]],[[5432,5617],[-16,59],[-30,59],[11,24],[20,-7],[12,5],[-8,25],[-5,47],[2,17],[-2,31],[-5,23],[-11,32],[-11,5]],[[7939,6320],[-18,37],[-14,-7]],[[7907,6350],[-15,41],[-8,-3],[-7,-12],[-9,3],[-8,12],[-8,42],[-15,30],[-5,19]],[[7832,6482],[16,9],[12,-12],[11,13],[30,5],[24,29],[7,-14],[10,-7],[18,0],[4,-15],[-6,-20],[4,-23],[12,-15],[22,-11]],[[7996,6421],[-13,-16],[-1,-18],[-16,2],[-1,-16],[-11,-30],[-11,-13],[-4,-10]],[[2717,6473],[14,8],[-10,11],[-23,-4],[-15,-23],[-12,-1],[-10,-22],[-14,-4],[9,17],[-2,15],[5,13],[16,16],[20,12],[25,6],[18,0],[19,-6],[27,-16],[12,-20],[32,-16],[19,-21],[4,-14],[49,-29],[-2,-19],[17,1],[6,-5],[18,-25],[-15,-4],[-22,-12],[-24,7],[-30,-9],[-6,2],[14,26],[2,10],[-5,10],[-24,7],[-8,8],[-2,20],[-6,18],[-18,-1],[-10,4],[-29,25],[-22,3],[-17,12]],[[7917,6005],[11,16],[1,36],[-7,32],[-12,33],[-5,21],[-1,40],[-14,33],[-4,21],[-19,10],[-7,-26],[-9,-9],[-18,16],[-4,0],[-20,-42],[-7,12],[1,24],[8,52],[-4,37],[-16,-7],[-3,14],[1,32],[-12,13]],[[7777,6363],[10,17],[12,30],[6,10]],[[7805,6420],[6,-11],[10,-2],[5,14],[-6,39],[3,14],[9,8]],[[7907,6350],[1,-15],[-10,-15],[-10,-1],[-3,-22],[26,-34],[16,-37],[21,-55],[13,-37],[13,-18],[0,-29],[7,-12],[3,-27],[-2,-23]],[[7982,6025],[-18,-16],[-10,13],[-11,-12],[5,-18],[-5,-7],[-26,20]],[[3006,6323],[1,-50],[-4,-16],[6,-36]],[[3009,6221],[-9,15],[-26,-2],[-15,6],[-11,-12],[-14,15],[2,18],[43,-10],[12,8],[-11,17],[1,26],[-8,11],[-11,4],[-3,10],[15,6],[23,-11],[9,1]],[[3006,6323],[6,8],[9,-4],[10,5],[4,-8],[12,-8],[8,2],[7,-19],[31,-27],[7,-18],[-8,-21],[-9,18],[-27,-1],[-9,-14],[-11,15],[-10,-10],[-10,-37],[-7,17]],[[8343,6021],[-11,22],[-6,33],[1,29],[-1,22],[12,-18],[3,21],[-2,27],[2,11],[2,56],[5,22],[13,6],[15,-14],[8,-1],[5,10],[3,-14],[-3,-11],[1,-33],[9,-19],[-9,-45],[-18,-24],[-5,-35],[6,-24],[8,-45],[10,-11],[8,23],[8,-3],[5,-22],[7,-11],[7,15],[10,-11],[-9,-13],[12,-32],[-4,-5],[-13,8],[-4,20],[-16,29],[-5,-6],[5,-20],[-3,-7],[-9,20],[-12,14],[-17,-14],[-12,15],[-2,11],[8,16],[8,-8],[5,6],[-22,26],[-3,-16]],[[8363,5887],[-10,20],[-5,35],[-6,14],[19,1],[8,-16],[-1,-35],[-5,-19]],[[8480,5825],[-13,21],[1,20],[-15,22],[-2,12],[19,6],[8,-13],[3,-43],[3,-20],[-4,-5]],[[8385,5787],[3,75],[13,-18],[13,4],[-1,-21],[-17,-29],[-11,-11]],[[8301,5762],[-5,1],[12,34],[2,29],[4,-8],[6,-29],[-19,-27]],[[8414,5706],[-15,24],[-1,20],[10,12],[6,48],[8,4],[2,-11],[-5,-29],[-4,-37],[5,-20],[-6,-11]],[[8257,5671],[-4,1],[11,34],[15,22],[12,28],[0,-25],[-15,-22],[-3,-16],[-11,-11],[-5,-11]],[[8500,5565],[-8,33],[-4,3],[-9,-37],[7,-37],[-7,-26],[-6,13],[2,19],[-5,2],[-4,-17],[-16,17],[-7,14],[-3,30],[6,24],[-8,23],[-9,7],[-13,-18],[-8,-1],[-2,19],[-5,-5],[-13,-48],[-4,19],[7,33],[8,12],[10,5],[1,12],[10,10],[9,3],[5,-28],[10,6],[10,26],[8,-8],[2,28],[7,-12],[7,17],[6,3],[-3,33],[2,9],[14,-35],[4,-21],[-4,-19],[10,-3],[0,-40],[3,-11],[-2,-23],[-8,-31]],[[3141,6218],[-7,3],[-1,26],[4,6],[31,-4],[6,-9],[-7,-17],[-13,1],[-13,-6]],[[2853,6210],[-13,7],[-16,25],[15,9],[17,-7],[21,-16],[-1,-14],[-10,8],[-13,-12]],[[5001,5822],[-9,4],[-12,-12],[-56,0],[-5,-13],[4,-61],[-2,-4]],[[4921,5736],[-16,15],[-18,-6],[-10,-9],[-10,8],[-12,33],[-10,4]],[[5064,5886],[-1,-30],[-10,-16],[-14,1],[-14,-29]],[[5025,5812],[-24,10]],[[2615,5823],[-5,16],[-34,73],[-12,22],[8,1]],[[2572,5935],[12,3],[8,15],[0,25],[11,0],[6,16],[9,-11],[15,25],[10,27],[13,-7],[27,21]],[[2683,6049],[2,-14],[-2,-40],[-7,-21],[-1,-43],[-5,-48],[-1,-50],[4,-22]],[[2673,5811],[-3,-7],[-10,4],[-3,12],[-16,-6],[-20,16],[-6,-7]],[[7982,6025],[-2,-41],[6,-26],[-1,-49],[-3,-13],[-7,-9]],[[7975,5887],[-23,-21],[-13,-14],[-3,-11],[10,-23],[-2,-12],[-14,6],[-31,-33]],[[7899,5779],[-6,11],[-18,1],[4,14],[-4,16],[-14,-9],[-2,27],[-8,39]],[[7851,5878],[0,17],[-6,18],[-3,34],[3,17],[11,32],[7,12],[19,5],[17,0],[18,-8]],[[2673,5811],[16,-39],[6,-10],[11,-26]],[[2706,5736],[-9,-3],[0,-24],[6,-8],[-5,-9],[2,-14],[-5,-30]],[[2695,5648],[-3,35],[-8,6],[2,-20],[-10,15],[3,19],[-2,9],[-16,19],[-8,3],[-4,19],[-17,25],[3,-19],[8,-8],[-7,-15],[-6,15],[-13,17],[0,24],[4,16],[-7,6],[1,9]],[[5446,5307],[-5,33],[-6,20],[-15,32],[-3,29],[-10,33],[-7,66],[0,11],[14,29],[11,45],[7,12]],[[5633,5813],[17,-44],[6,-28],[-5,-38],[2,-23],[13,1],[9,-22],[20,-18],[7,-12],[0,-22],[24,-35],[4,-28],[8,-17],[10,-4],[9,-22],[-1,-19]],[[5756,5482],[-18,-13],[-31,21],[-5,-3],[-2,-21],[-19,5],[-8,-3],[-23,-22],[-15,13],[-4,-5],[-9,-35],[-9,-3],[-25,14],[-17,4],[-13,25],[-15,18],[-6,-2],[-11,-16],[-10,-26],[-1,-43],[-2,-2]],[[5513,5388],[-9,-7],[-24,7],[-18,-7],[-3,-6],[-5,-47],[-8,-21]],[[4634,5694],[21,55],[25,7],[6,-1],[11,-17],[6,-16],[3,-20],[2,-35],[3,-17]],[[4711,5650],[-3,-13],[-27,-58]],[[4681,5579],[-8,13],[-14,16],[0,16],[-17,20],[-9,21],[7,16],[-6,13]],[[7237,5526],[-9,7],[-6,26],[-5,32],[0,60],[-3,18],[2,14],[-3,16],[6,-1],[7,31],[-1,13],[15,-22],[12,-39],[-1,-12],[7,-9],[4,-19],[10,-35],[1,-13],[-7,-37],[-11,-21],[-18,-9]],[[2706,5736],[7,-7],[3,-23],[20,-11],[15,0],[17,20],[6,1],[17,24],[35,-15],[16,-24],[5,-18]],[[2847,5683],[10,-39],[-5,-13],[-13,-14],[-3,-19]],[[2836,5598],[-12,52],[5,9],[10,-3],[-7,21],[-10,-9],[-5,24],[-14,13],[-7,0],[-11,-9],[0,-15],[-15,-14],[-4,-18],[10,-19],[2,-14],[-6,-1],[-13,-13],[-5,9],[-8,31],[-2,-17],[-10,10],[-3,20],[-14,2],[-6,7],[-11,-3],[-5,-13]],[[3318,5473],[-20,50],[6,19],[1,27],[18,8],[4,8],[-10,23],[0,12],[21,32],[0,19]],[[3338,5671],[26,-37],[7,-18],[3,-54],[4,16],[10,-3],[17,-25],[10,-29]],[[3415,5521],[-3,-44],[-3,-7],[-14,-3],[-1,-24],[-5,-30],[13,-39],[7,-2],[15,-79]],[[3424,5293],[-11,1],[-25,-20],[-15,-21],[-8,-2],[-22,33],[-1,27],[-7,31],[2,25],[10,46],[-6,25],[-10,3],[5,34],[-10,6],[-8,-8]],[[4711,5650],[6,16],[15,2],[5,-31],[0,-25],[12,-17],[11,26],[9,-8]],[[4769,5613],[0,-30],[-6,-23],[3,-9],[12,-2],[17,-42],[-5,-48],[-1,-24]],[[4789,5435],[-18,17],[-28,30],[-20,40],[-13,20],[-21,22],[-8,15]],[[5361,4910],[8,-9],[10,22],[19,14],[3,-34],[14,19],[29,51],[-1,37],[4,40],[10,41],[5,12],[22,33],[9,82],[2,53],[3,34],[12,43],[5,35],[-2,5]],[[5756,5482],[16,-39],[11,-18],[5,1],[10,16],[4,-1],[9,-16],[7,18],[6,2],[29,-59]],[[5853,5386],[3,-5],[-3,-60],[10,-8],[4,-13],[-2,-12],[-31,-53],[-8,-25],[-4,-40],[1,-54],[-3,-14]],[[5820,5102],[-13,-22],[-7,-46],[2,-9]],[[5802,5025],[9,-26],[0,-38],[3,-16],[1,-34]],[[5815,4911],[-1,-20],[5,-37],[0,-40],[18,-40],[5,-20],[9,-47]],[[5851,4707],[-45,-15],[-6,-10],[-10,-34],[0,-16],[4,-54],[-8,-57],[6,-23],[11,-22],[12,-7],[10,16],[1,-5],[1,-71],[-22,2],[-4,6],[-12,36],[-11,15],[-16,14],[-9,37],[-9,-27],[-5,-2],[-33,19],[-7,26],[-17,-9],[-9,20],[-9,2]],[[5664,4548],[-15,4],[-23,-10],[-8,0],[-2,11],[2,36],[-4,16],[-10,26],[-2,11],[4,27],[1,27],[-6,31],[3,28],[-4,7],[-27,-3],[-4,23],[-27,-3],[0,-24],[-6,-34],[-24,3],[-24,-7],[-11,25],[-8,27],[-6,37],[-4,32],[-4,3],[-37,-1],[-28,3],[-31,-6],[-17,-9]],[[5342,4828],[-4,25]],[[5338,4853],[10,8],[1,25],[12,24]],[[5849,5118],[16,1],[58,0]],[[5923,5119],[19,1],[102,-118],[1,-30],[44,-67]],[[6089,4905],[-8,-45],[0,-41],[8,-25],[9,-15],[-8,-44],[6,-11],[-2,-43],[7,-61],[5,-12],[17,-27]],[[6123,4581],[-20,-31],[-31,-24],[-6,-1],[-11,13],[-10,-28],[-34,-3],[-13,19],[-16,-14],[-24,4]],[[5958,4516],[-3,14],[-4,60],[-6,22],[-8,14],[-15,2]],[[5922,4628],[-5,11],[-54,46],[-12,22]],[[5815,4911],[15,9],[13,45],[13,29],[-1,12],[-11,10],[2,25]],[[5846,5041],[8,5],[3,17],[-6,36],[-2,19]],[[5820,5102],[13,-6],[12,22],[4,0]],[[5846,5041],[-14,-5],[-5,-14],[-7,-6],[-9,8],[-9,1]],[[5333,4896],[19,28],[9,-14]],[[5338,4853],[2,16],[-7,27]],[[5664,4548],[-2,-34],[2,-28],[5,-15],[-7,-21],[-2,-15],[-51,-4],[0,-22],[0,-119],[1,-49],[35,-74]],[[5645,4167],[-49,-21],[-24,1],[-9,7],[-34,0],[-8,4],[-9,18],[-5,2],[-117,1],[-8,4],[-11,21],[-10,-1],[-17,-20],[-10,12],[-7,-9]],[[5327,4186],[0,84],[7,16],[6,38],[2,36],[7,49],[7,17],[6,24],[8,6],[9,26],[4,31],[0,39],[-5,39],[-12,38],[-3,20],[2,13],[8,14],[1,24],[-3,15],[-11,37],[-5,37],[-13,39]],[[5922,4628],[12,-45],[-2,-16],[-9,-8],[-1,-63],[1,-9],[9,-11],[-1,-11],[-16,-14],[-7,-49],[6,-23],[5,-4]],[[5919,4375],[-49,-39],[-27,-15],[-2,-16],[3,-23]],[[5844,4282],[-19,1],[-10,-7],[-8,-14],[-4,-29],[-6,-8],[-20,-7],[-31,-77],[-14,4],[-5,8],[-11,-11],[-13,5]],[[5703,4147],[-9,11]],[[5694,4158],[-6,11],[-20,7],[-23,-9]],[[5958,4516],[-5,-43],[6,-50],[5,-18],[10,-15],[15,-30],[7,-30],[-2,-71],[-15,-14],[-1,-49],[-10,15],[-15,43],[-3,17],[8,21],[-1,43],[-6,14],[-17,-5],[-15,31]],[[3067,4556],[25,-11],[5,1],[12,21],[10,-1],[23,35],[16,17],[28,1],[-2,-52],[3,-37],[14,-40],[14,-24],[18,-2],[17,-15],[9,-15],[16,-4],[5,-20],[8,-10],[14,2],[15,-8],[6,-10],[4,-113],[5,-27],[47,-3],[-2,-29],[0,-14],[15,-20],[8,-33],[-2,-43],[-3,-22],[-10,-37]],[[3385,4043],[-26,28],[-26,1],[-2,-3],[-41,-16],[-16,-47],[-2,-30],[-11,-68]],[[3261,3908],[-33,5],[-13,-46],[-5,28],[-9,13],[-25,-1],[-14,15],[-29,-62]],[[3133,3860],[-16,5],[-5,56],[-6,39],[-10,29],[-3,18],[6,56],[-10,20],[-3,13],[-2,32],[-13,42]],[[3071,4170],[-2,24],[14,33],[-1,14],[-7,30],[4,31],[-4,22],[1,11],[12,33],[-4,37],[4,36],[5,19],[-12,49],[-14,47]],[[5912,3630],[-19,-1]],[[5893,3629],[-4,32],[0,21]],[[5889,3682],[-2,8],[2,55],[-3,37],[-10,43],[-6,55],[-2,5]],[[5868,3885],[32,65],[1,37],[3,12],[9,18],[5,20],[-8,21],[-3,34],[10,34],[-3,71],[-2,21],[-6,10],[-42,32],[-18,0],[-2,22]],[[6123,4581],[5,-17],[-9,-33],[2,-12],[4,-59],[-4,-24],[6,-31],[1,-55],[6,-5],[-2,-20],[-7,-15],[2,-10],[-6,-22],[-16,-40],[-9,-17],[-17,-19],[-44,-38],[-11,-16],[-27,-60],[-33,-48],[-1,-41],[12,-23],[-4,-17],[8,-58],[7,5],[0,-15],[-3,-58],[-3,-21],[6,-7],[-2,-16],[-16,-29],[-8,-8],[-34,-25],[-11,-14],[-13,-30],[11,-18],[-1,-35]],[[6240,4249],[15,12],[6,-4],[9,12],[20,2],[-2,10],[15,19],[9,-1],[-4,13],[9,18],[6,-9],[6,16],[-5,15],[10,18],[-4,23],[6,8],[6,-14],[3,11],[12,23],[3,30],[-1,15],[6,12],[11,-25],[7,-8],[5,-27],[4,-64],[10,-52],[0,-9],[-9,-28],[-12,32],[-4,-14],[3,-23],[5,-24],[-13,-42],[0,-35],[-2,-25],[-35,-219],[-16,-117],[-7,-40],[-11,-26],[-17,-3],[-13,-8],[-6,-12],[-10,-3],[-7,16],[-15,4],[-10,19],[-3,27],[-8,17],[0,19],[5,28],[-15,58],[6,52],[9,11],[18,66],[3,37],[-9,24],[4,18],[-7,22],[-5,49],[13,48],[0,28],[6,0]],[[5868,3885],[-16,10],[-11,-4],[-12,10],[-18,5]],[[5811,3906],[-12,24],[-23,11],[-6,23],[-3,36],[-10,-1],[-4,8],[-1,18],[-20,21],[-12,30],[-3,25],[-11,28],[-3,18]],[[5551,3748],[0,-89],[0,-108],[0,-5],[-20,-29],[-13,3],[-27,1],[-3,6],[-2,22],[-14,18],[-10,-19],[-9,-9]],[[5453,3539],[-19,39],[-5,16],[-11,58],[2,16],[-5,18],[-3,22],[2,35],[-7,35],[-6,58]],[[5401,3836],[9,0],[0,37],[-6,0]],[[5404,3873],[-4,29],[-17,47],[-24,98],[-12,39],[-12,33],[-8,38],[0,29]],[[5694,4158],[-10,-8],[-15,-4],[-15,-25],[-8,20],[-50,-16],[-15,0],[0,-119],[0,-92],[-29,-3],[-1,-69],[0,-94]],[[3098,2165],[-15,-1],[-7,8],[-18,-19],[-14,-2],[-9,-8],[-5,-25],[-2,-34],[-13,-3],[-12,10],[20,43],[-8,7],[-17,-14],[-19,-4],[-1,14],[31,15],[-8,4],[-17,0],[3,24],[-10,13],[-8,-10],[-8,5],[4,18],[-9,-5],[-8,13],[6,12],[-17,21],[10,5],[10,27],[-15,-2],[-3,17],[7,11],[-9,20],[10,12],[-2,11],[-8,-11],[-2,39],[5,16],[-2,27],[22,-9],[2,11],[-11,11],[-11,-3],[-11,3],[6,28],[7,0],[3,15],[-14,14],[-15,1],[0,13],[-12,-4],[0,6],[16,16],[8,21],[11,2],[4,-15],[-12,-12],[1,-13],[13,11],[0,-21],[11,25],[3,35],[4,11],[8,6],[-8,5],[0,11],[18,20],[3,17],[-14,15],[3,28],[-1,21],[13,16],[-5,15],[-1,20],[9,8],[-1,16],[-8,7],[4,17],[-8,5],[-8,-13],[-12,3],[-7,32],[-1,18],[4,34],[16,39],[-7,54],[0,42],[-7,23],[3,13],[6,-2],[6,9],[14,87],[13,40],[6,41],[9,31],[-3,29],[9,26],[-8,109],[1,15],[9,28],[3,34],[-5,24],[8,64],[5,15],[8,85],[-1,28],[8,30],[-3,24],[1,52],[3,15],[-6,10],[0,19],[8,10],[5,72],[0,60],[-3,94],[-4,35]],[[3045,4121],[11,7],[6,32],[9,10]],[[3133,3860],[6,-9],[-1,-16],[-7,-38],[-4,-6],[-27,-24],[-3,-8],[3,-21],[-5,-19],[2,-26],[4,-18],[-5,-19],[1,-13],[7,-13],[-2,-14],[-14,-2],[-10,-44],[-11,-29],[-10,-48],[2,-57],[-11,-21],[-7,-56],[9,-46],[10,-73],[-1,-29],[-17,-63],[3,-38],[-1,-9],[-19,-37],[-2,-58],[3,-28],[6,-24],[-15,-18],[-8,-75],[-5,-24],[1,-47],[3,-34],[-11,-20],[1,-31],[9,-7],[1,-17],[-2,-37],[6,-20],[10,-3],[4,-9],[-8,-9],[-18,-5],[16,-22],[-9,-26],[-1,-28],[2,-27],[-2,-23],[-6,-18],[-11,-10],[-3,-21],[6,-16],[-5,-37],[-25,-33],[-4,-19],[3,-34],[7,-29],[22,9],[3,-6],[3,-59],[9,-15],[26,0],[36,-3],[31,-16]],[[2951,2678],[-11,4],[-4,10],[4,29],[-1,24],[5,19],[10,3],[5,-17],[-10,-17],[6,-20],[-4,-35]],[[2970,2130],[-6,4],[1,22],[-10,-2],[1,19],[20,0],[0,-21],[-6,-22]],[[3090,2023],[-13,-3],[-13,9],[-29,-9],[3,25],[11,4],[18,-2],[6,-8],[8,0],[-7,18],[-16,9],[-7,19],[20,15],[-2,12],[-23,-8],[-4,6],[5,16],[14,14],[11,16],[5,-7],[14,-1]],[[3091,2148],[0,-30]],[[3091,2118],[-1,-95]],[[5811,3906],[-8,-19],[-20,-11],[-16,-36],[-19,-25],[-4,-34],[-11,-15],[-15,-14],[-7,-44],[-4,-9],[-10,-6],[-18,-1],[-19,14],[-12,16],[-11,-3],[-9,-36],[-13,-28],[-18,-21],[-25,0],[-1,17],[5,30],[-3,20],[-7,24],[-9,21],[-6,2]],[[3484,3701],[-7,-46],[-5,-13],[-16,-26],[-4,-13],[-12,12],[-18,-9],[-15,3],[-20,9],[-15,-9],[-2,7],[13,27],[-2,22],[8,22],[8,38],[-38,36],[-21,28],[-8,8],[-15,6],[-16,21],[-38,84]],[[3385,4043],[4,-28],[6,-22],[2,-25],[-3,-60],[26,-10],[14,11],[21,-18],[7,-76],[6,-16],[16,11],[10,-15],[-11,-62],[1,-32]],[[5889,3682],[-18,15],[-12,-30],[-4,-23],[9,-30],[6,-8],[16,-3],[1,20],[6,6]],[[5912,3630],[-2,-31],[-5,-22],[-7,-7],[1,-20],[-4,-21],[-19,-27],[-32,-93],[-16,-35],[-25,-50],[-35,-55],[-20,-27],[-8,-7],[-29,-4],[-3,-15],[-16,5],[-7,-13],[-7,-1],[-10,10],[-16,5],[-8,-10],[-15,8],[-19,-9],[-9,-14],[-22,0],[-17,-7],[-10,-21],[-16,15],[-4,18],[-9,-1],[-8,14],[-2,-12],[-5,9],[4,24],[-16,48],[10,5],[3,33],[-5,30],[-7,30],[-15,50],[-16,74],[-13,33]],[[5773,3411],[5,1],[3,14],[24,22],[12,41],[-1,6],[-22,35],[-24,-20],[-10,-26],[-9,-16],[2,-11],[11,-31],[9,-15]],[[5401,3836],[-2,19],[5,18]],[[9869,3035],[9,-6],[-2,27],[7,-4],[8,-45],[28,-22],[11,-1],[20,21],[9,-5],[1,-17],[-5,-32],[-13,-3],[-2,-22],[-15,-1],[-9,-13],[4,-23],[-32,-81],[-18,-23],[-13,21],[13,57],[-13,18],[-25,22],[-5,11],[24,25],[2,13],[0,26],[6,22],[-6,21],[1,15],[-16,43],[-4,21],[-8,9],[7,-23],[-27,68],[-3,22],[-9,18],[11,2],[-1,-12],[10,-21],[4,3],[20,-17],[11,-26],[-7,-7],[12,-22],[-2,-10],[7,-18],[-9,-3],[16,-14],[3,-14]],[[9779,2654],[-19,-24],[-11,4],[7,-16],[-2,-22],[-15,4],[11,-12],[-12,-50],[-16,-24],[-17,-20],[-20,6],[-8,-3],[-7,12],[-15,5],[-8,11],[-3,-8],[-10,-3],[-9,7],[0,16],[9,3],[-6,12],[10,-7],[-4,19],[12,-4],[-4,21],[22,33],[1,8],[12,15],[14,7],[20,21],[10,22],[29,27],[1,10],[9,12],[2,29],[17,17],[4,38],[6,17],[9,-6],[7,-13],[7,-27],[12,17],[10,-2],[0,-23],[5,-19],[-11,-27],[-17,-29],[-22,-30],[5,-10],[11,-9],[-10,-5],[-6,8],[-10,-8]],[[3091,2148],[11,-13],[-11,-17]],[[3484,3701],[17,5],[9,-35],[-1,-42],[-2,-12],[-28,-28],[-25,-44],[-41,-82],[-13,-30]],[[3400,3433],[-5,-14],[-10,-86],[3,-47],[-10,-35],[1,-38]],[[3379,3213],[-5,-21],[12,-21],[17,-15],[7,-13],[-5,-32],[3,-16],[14,-16],[3,-23],[-14,-36],[-9,-20],[-8,-27],[-24,-18],[-24,-10],[-51,-9],[-26,9],[-1,-26],[8,-13],[-11,-37],[0,-10],[5,-25],[-19,-19],[-25,-1],[-30,19],[-6,-9],[0,-15],[6,-18],[-2,-37],[10,-14],[15,3],[-5,10],[15,6],[4,-35],[-11,-8],[-6,14],[-13,-2],[-11,-8],[2,-6],[19,-8],[-20,-18],[-7,-15],[1,-38],[-11,-21],[6,-15],[-27,-8],[-16,-16],[-14,-36],[1,-20],[3,-15],[19,-28],[25,-12],[1,-7],[-3,-30],[-7,-16],[-33,-34],[-8,-19],[-4,-18],[2,-14],[-6,-20],[-24,-18],[-9,-16],[-4,-34],[3,-20],[17,-53]],[[3091,2118],[4,-7],[12,-1],[8,-19],[24,-37],[16,-15],[14,-6],[18,-1],[-3,-11],[-35,-9],[-15,9],[-34,4],[-10,-2]],[[4327,8960],[7,8],[19,3],[-9,14],[7,9],[12,-11],[12,3],[-10,17],[5,6],[25,-8],[9,-7],[5,-14],[-7,-19],[12,-20],[7,9],[18,11],[-1,25],[7,7],[11,-20],[11,-2],[-3,11],[17,10],[15,-18],[7,-2],[-4,19],[30,-6],[16,9],[-1,19],[15,-3],[8,-12],[26,-15],[-3,-14],[10,-8],[20,-4],[4,-18],[-5,-23],[-18,-6],[-1,-11],[-12,-17],[-13,5],[-10,-13],[-25,-15],[-29,-6],[-10,-15],[-19,-6],[-26,5],[-23,17],[-32,1],[-23,3],[-4,5],[20,15],[9,15],[-17,3],[-5,11],[-34,-4],[-3,11],[13,6],[32,6],[7,13],[-6,12],[-24,5],[-24,-9],[-15,13]],[[4827,8293],[-6,-4],[7,-26],[4,-32],[-10,-39],[-14,0],[-2,-6],[-22,-4],[-22,-24],[-19,-8],[-16,-3],[-1,22],[-10,-3],[-2,13],[9,6],[-15,1],[1,6],[16,-1],[4,17],[15,4],[2,7],[-14,-2],[9,27],[11,3],[-20,10],[-15,2],[1,12],[9,3],[3,14],[-13,2],[0,13],[8,11],[36,-7],[-3,9],[11,7],[2,9],[-17,0],[9,6],[5,20],[16,9],[9,-11]],[[8325,7876],[-39,1],[-19,-10],[-15,-12],[-6,3],[-11,-6],[-9,-30],[-15,-17],[-11,-3],[-16,2],[-25,-35],[-21,-1],[-25,17],[-10,-8],[-6,-15],[-3,-20],[5,-14],[10,-17],[-6,-14],[-16,-7],[-8,-10],[-17,-32],[-24,-19],[-57,-1],[-15,-9],[-41,-32],[-14,-7],[-9,12],[-28,4],[-32,20],[-17,19],[-47,4],[-50,-1],[-26,9],[-27,2]],[[7675,7649],[-9,16],[-20,56],[-1,14],[-20,11],[-28,27],[-21,8],[-31,2],[-46,13],[0,39],[30,20],[2,11],[-32,17],[0,58],[-22,9],[-27,30],[-5,12],[-5,28]],[[7440,8020],[19,18],[18,2],[17,14],[5,28],[31,9],[29,17],[24,-6],[33,-6],[14,-30],[57,-6],[18,-8],[14,12],[9,15],[2,13],[-6,13],[-5,23],[12,29],[16,25],[58,-21],[31,-18],[4,-32],[10,-20],[29,-17],[31,14],[10,2],[33,-1],[9,-6],[25,-28],[24,-18],[28,-13],[21,-3],[33,4],[32,9],[14,11],[15,23],[15,12],[21,-2],[9,-13],[15,-8],[15,8],[14,-4]],[[8243,8061],[-33,-105],[4,-22],[16,11],[17,2],[13,-15],[15,20],[23,-10],[10,-13],[19,-39],[-2,-14]],[[5070,8128],[13,12],[19,1],[2,4]],[[5104,8145],[11,-4],[18,9],[9,-4],[3,-10],[7,3],[9,-10],[-3,-22],[8,0]],[[5166,8107],[8,-14],[0,-12],[-5,-10]],[[5161,8036],[-9,-1],[-11,16],[-7,1],[1,20],[-6,-10],[-14,1],[2,16],[-15,5],[-11,11],[-5,16],[-7,-7],[-9,24]],[[5451,7885],[6,16],[-2,14],[6,12],[12,5],[0,10],[8,7]],[[5481,7949],[3,4],[13,-9],[25,-2],[5,15],[19,5],[12,0],[13,20],[22,2],[12,-13],[8,2]],[[5613,7973],[18,-13],[8,-10]],[[5639,7950],[-5,-9],[-15,-6],[-7,-11],[-20,-59],[-14,-19],[-14,-4]],[[5564,7842],[-23,0],[-26,-19],[-21,0],[-14,18],[-18,15],[-11,29]],[[5639,7950],[15,2],[12,-5],[18,-1],[7,-11],[9,10],[25,5],[6,13],[10,2],[8,-5],[10,-30],[13,-29],[7,-7],[5,-23],[-5,-35],[3,-33],[9,-10],[8,-1],[14,12],[9,-4]],[[5822,7800],[3,-8],[-7,-20],[-11,-3],[-11,-22],[-5,-43]],[[5791,7704],[-25,12],[-18,17],[-7,1],[-32,-26],[-5,-2],[-21,10],[-13,-8],[-14,10],[-19,-5],[2,13],[-9,8]],[[5630,7734],[-7,14],[7,8],[-8,6],[-8,-13],[-15,11],[-7,10],[4,19],[-11,6],[-9,13],[0,14],[-12,12],[0,8]],[[5791,7704],[-1,-15],[-12,-5],[-5,-38],[-10,-12],[12,-31]],[[5775,7603],[-30,1],[-14,-21]],[[5731,7583],[-8,-5],[0,-15],[-19,-8],[-26,19],[-18,-9],[-24,-5]],[[5636,7560],[1,25],[-7,22],[-10,14],[0,21],[13,17],[3,13],[-17,29],[2,15],[9,18]],[[7675,7649],[-10,-15],[4,-30],[-22,-26],[-6,17],[-26,-26],[-12,-45],[-20,-2],[-17,-91],[-64,-30],[35,-80],[-15,-16],[12,-40]],[[7534,7265],[-47,-3]],[[7487,7262],[-1,6],[-28,19],[-63,-20],[-3,-17],[-30,-6],[-16,-15],[-26,-9],[-11,3],[-16,21],[-24,-29],[-35,10],[-17,-53],[-29,-17]],[[7188,7155],[-8,17],[-10,3],[-8,40],[0,13],[-29,5],[-11,19],[-9,-5],[-9,14],[3,27],[-7,15],[-11,-4],[0,12],[-20,5]],[[7069,7316],[-3,10],[9,2]],[[7075,7328],[8,15],[-4,19],[-1,29],[-7,16],[-11,3],[-9,-5],[-5,18],[2,5],[2,48],[5,11],[40,37],[4,1],[3,-17],[22,6],[15,39],[18,-6],[12,3],[8,9],[13,26],[35,19],[4,9],[-2,37],[16,33],[-9,40],[-1,36],[-13,6],[8,19],[40,13],[21,-11],[10,12],[-10,21],[17,77],[6,13],[30,-14],[17,-2],[15,4],[7,20],[-4,38],[10,22],[18,4],[4,6],[1,20],[10,10],[20,3]],[[5558,7463],[-2,15],[-19,26],[4,8],[-4,11],[5,16],[0,20],[-3,7],[5,12],[0,12],[-7,5]],[[5537,7595],[-1,20],[7,20],[14,-3],[14,-32],[0,-36],[4,-18],[9,-15]],[[5584,7531],[-7,-23],[-11,-22],[-8,-23]],[[4791,7328],[-9,-10],[-23,5],[-9,-8],[4,31],[0,56],[-11,-5],[-1,12],[9,7],[-3,10],[-3,-10],[-10,-3],[3,31],[8,24],[12,78],[-6,44],[3,7]],[[6244,7323],[-5,1],[-8,-14],[-5,17],[-8,6],[-3,-6],[-23,8],[-11,-8]],[[6181,7327],[-4,7],[-11,-15],[-15,-6],[-24,2],[-19,-17],[-20,-8],[-27,16],[-15,-11],[-16,-1],[-14,5],[3,-31],[-8,-3],[-8,-17],[-8,4]],[[5995,7252],[-5,14],[12,20],[-6,17],[-18,-22],[-16,15],[-5,-2],[-20,-27],[-16,-10],[-15,2],[-8,7],[-12,21],[-15,12],[-13,5],[-9,-2],[-3,-33],[-23,-6],[-10,5],[-8,30],[-5,-9],[-10,12],[-12,-12],[-1,22],[-19,0],[6,12],[-10,14],[-1,30],[-12,12],[-8,0],[2,20],[7,-10],[7,7],[-8,14],[9,11],[-12,25],[10,17],[-22,-7],[1,32],[16,22],[14,5],[14,-10],[19,6],[16,-3],[-4,16],[27,8],[-15,-1],[-9,14],[4,14],[28,-5],[3,3],[13,-8],[14,0],[4,14],[29,26],[20,12],[12,2],[30,-6],[10,9],[2,-13],[9,-11],[15,4],[6,-19],[6,-7],[12,3],[12,-15],[39,-6],[20,8],[18,-6],[10,0],[25,19],[6,8]],[[6152,7571],[21,-4],[12,12],[5,-1],[27,-46],[-5,-26],[4,-17],[18,-3],[6,-11]],[[6240,7475],[-9,-9],[0,-11],[-7,-7],[3,-24],[-2,-10],[10,-24],[-8,-24],[8,-7],[0,-17],[9,-19]],[[5775,7603],[5,-23],[8,-9],[19,-13],[-7,-17],[-18,9],[-7,-6],[-12,0],[-6,-17],[-18,-15],[-10,-19],[-2,13],[10,11],[-15,10]],[[5722,7527],[9,29],[9,16],[-9,11]],[[5685,7197],[0,9],[-10,7],[-21,2],[-1,18],[12,-2],[7,-8],[15,2],[21,-7],[6,1],[2,-10],[13,10],[-3,-17],[-7,1],[-34,-6]],[[5584,7531],[17,5],[10,15],[12,-2],[13,11]],[[5722,7527],[-1,11],[-19,2],[-8,7],[-8,-8],[-10,6],[-13,-14],[-7,2],[4,-17],[14,-17],[-14,12],[-4,-9],[6,-4],[-2,-10],[-5,12],[-9,2],[9,-17],[-9,2],[-4,17],[-11,12],[3,10],[-10,-9],[3,-5],[-3,-17],[9,-29],[12,-23],[-11,9],[-3,-4],[4,-16],[-11,-8],[19,-12],[11,-18],[7,-1],[5,-33],[-4,-5],[-10,22],[-14,-6],[2,-18],[7,0],[3,-10],[-12,-5],[-10,6],[7,-25],[3,-25],[-9,8],[-8,-14],[-11,29],[-6,-11],[-6,16],[2,18],[-11,28],[6,16],[8,-3],[5,8],[23,-18],[11,11],[-22,16],[-14,2],[-18,-7],[-12,29],[11,9],[-4,7],[-9,-2],[-16,27]],[[6240,7475],[10,-26],[20,-25],[20,-2],[7,15],[8,5],[5,11],[19,19],[14,-17],[-8,-10],[5,-10],[-7,-13],[10,-23],[13,-8]],[[6356,7391],[-3,-33],[3,-13],[18,-12],[15,-4],[6,-19],[9,-12],[24,-14],[10,-1],[37,12],[19,2],[7,15],[-1,24]],[[6500,7336],[12,3],[14,24],[11,13],[22,0],[10,12],[20,-4],[5,-11],[19,-15],[16,-3],[16,-13],[31,-49],[18,2],[2,-6],[1,-36],[3,-19]],[[6700,7234],[-12,-69],[-10,-18],[1,-20],[11,-14],[-9,-28],[7,-81],[2,-6],[23,-12],[2,-21],[-26,-62]],[[6689,6903],[23,-68],[28,-26],[4,-44],[2,-11],[10,-8],[0,-25],[-5,-9],[-12,-2],[-19,-19],[-8,-30],[-2,-34]],[[6710,6627],[-20,3],[-11,12],[-32,2],[-8,-2],[-8,13],[-23,1],[-3,6],[-15,8],[-9,39],[-4,29],[-10,8],[-15,0],[-13,-8],[-22,-33],[-16,18],[-12,2],[-7,10],[-13,8],[-14,30],[-12,12],[-10,2],[-7,12],[-16,57],[-2,22],[-16,38],[-12,-3],[-11,6],[-2,21],[-8,-5],[-4,-18],[-7,-5]],[[6348,6912],[-13,23],[-1,28],[-10,0],[3,53],[-5,14],[-31,45],[-11,1],[0,22],[-17,33],[5,48],[14,25],[-5,20],[6,22],[-23,8],[-16,69]],[[6700,7234],[27,-17],[13,-1],[11,13],[2,17],[31,22],[8,10],[3,25],[5,21],[14,6],[11,14],[7,-8],[19,-6],[24,-2],[9,-21],[9,3],[15,16],[17,-5],[6,11],[1,13],[12,-3],[8,10],[1,18],[11,24],[6,-1],[8,-11],[-2,-16],[8,-2],[-4,-38],[4,-24],[11,-3],[9,13],[8,2],[16,21],[9,1],[2,-9],[20,10],[16,-9]],[[7069,7316],[-12,-11]],[[7057,7305],[-8,-5],[-8,4],[-31,-4],[-29,-39],[8,-28],[1,-25],[-16,-29],[2,-28],[-10,-12],[-21,4],[-5,-3],[9,-20],[3,-18],[-7,-10],[-15,-10],[-6,-32],[-2,-34],[-8,-12],[-19,10],[-12,-13],[-4,-18],[-21,-1],[-12,-21],[-6,-31],[-1,-24],[-4,-9],[-13,-7],[-42,-12],[-17,3],[-15,-5],[-16,1],[-24,13],[-19,13]],[[6076,7097],[66,71],[7,70],[-3,31],[7,15],[11,5],[18,32],[-1,6]],[[6348,6912],[-15,-1],[-3,-5]],[[6330,6906],[-22,-4],[-4,-18],[-13,-31]],[[6291,6853],[-50,4],[-30,25],[-2,47],[-12,-1],[-10,24],[-70,65],[-25,19]],[[6092,7036],[-16,61]],[[5991,7069],[-5,23]],[[5986,7092],[12,18],[-4,4],[19,32],[-7,28],[-11,-3]],[[5995,7171],[-3,15],[2,30],[-6,9],[7,27]],[[6076,7097],[-39,-41],[-14,-17],[-8,3],[-24,27]],[[5318,7094],[-1,-47],[-18,-20],[-18,-29],[-2,-9],[4,-25],[-4,-20],[-14,-19]],[[5265,6925],[-15,97],[-4,12],[-10,12],[-9,33],[-10,10],[-8,43],[1,13],[18,32],[2,10],[-1,90],[2,11],[8,21]],[[5239,7309],[22,23],[9,0],[11,-10],[4,-20],[8,2],[13,16],[-3,-24],[-12,-25],[3,-19],[11,-16],[3,-22],[-7,-25],[-8,-9],[-15,-32],[11,-26],[10,-9],[9,3],[3,-16],[7,-6]],[[4759,6772],[2,62],[8,8],[31,40],[21,0],[2,18],[21,5],[13,15],[6,17],[14,9],[19,18],[-1,38],[18,6],[8,19],[44,0],[4,27],[-14,34],[-2,12],[0,55],[-2,23],[-9,13],[-3,13]],[[4939,7204],[19,10],[10,23],[20,13],[9,-7],[8,17],[16,20],[8,5],[41,6],[8,8],[14,-3],[11,10],[19,0],[20,-9],[25,10],[8,14],[17,-16],[10,14],[7,-1],[10,-15],[20,6]],[[5265,6925],[-5,-14],[6,-25]],[[5266,6886],[5,-17],[2,-40],[0,-41],[-4,-29],[6,-30],[-2,-22],[-13,-23],[16,-44],[3,-24],[10,-26],[7,5],[21,-13],[15,-45]],[[4864,6624],[-17,24],[-52,63],[-35,39]],[[4635,6771],[7,18],[22,10],[14,12],[34,52],[13,29],[6,18],[1,26],[-5,20],[0,31],[14,39],[2,35],[17,31],[9,13],[27,21],[9,10],[14,33],[16,74],[10,7],[11,-25],[16,-16],[32,1],[12,13],[5,-14],[18,-5]],[[5986,7092],[-3,-10],[-12,0]],[[5971,7082],[14,51],[1,17],[9,21]],[[2298,6671],[-11,-42],[-5,-50],[1,-48],[-2,-60],[10,-66],[26,-73],[16,-57],[4,-8],[22,-5],[13,-25],[10,-2],[32,18],[27,12],[0,-14],[11,-6],[7,13],[-7,11],[14,16],[34,16],[0,102],[4,6],[22,8],[20,11],[20,-6],[12,3],[7,-14],[0,-18],[-20,-46],[0,-18],[-6,-17],[6,0],[-6,-69],[-8,30],[-4,-9],[-1,-14]],[[2546,6250],[-5,-1],[-10,-33],[-5,7],[-3,-11]],[[2523,6212],[-51,0],[-1,-32],[-12,-1],[11,-20],[30,-6],[0,-41],[-49,0],[-14,-47],[3,-43]],[[2440,6022],[-21,38],[-32,53],[-22,12],[-8,-2],[-24,-25],[-9,-6],[-12,2],[-15,10],[-16,5],[-27,31],[-31,18],[-35,30],[-21,35],[-19,4],[-23,15],[-20,40],[-20,22],[-7,13],[-14,43],[11,15],[-4,10],[6,17],[-2,22],[-9,25],[2,19],[-8,16],[-19,46],[-25,54],[-14,20],[-3,19],[-13,15],[-10,22],[-11,2],[-2,18],[5,19],[-11,25],[-5,-7],[-6,25],[-12,10],[-6,14],[-1,23],[-18,15],[-12,22],[-9,33],[-17,49],[-12,49],[0,21],[-16,11],[-1,12],[-8,9],[-6,-10],[-18,17],[-4,-39],[7,-17],[1,-40],[8,-22],[8,-7],[14,-31],[8,-32],[13,-12],[4,-37],[12,-11],[10,-49],[9,6],[3,-12],[4,-38],[15,-58],[1,-29],[8,-13],[8,9],[10,-36],[9,-7],[0,-22],[-11,-18],[-3,1],[-6,29],[-32,49],[-15,26],[-7,18],[2,32],[-9,36],[-16,18],[-8,18],[-8,-3],[-25,28],[-16,35],[16,-4],[10,15],[1,22],[-5,16],[-20,35],[-17,21],[-7,35],[-6,3],[-2,25],[-16,47],[3,17],[-10,16],[-6,21]],[[1745,7058],[64,6],[7,-12],[50,-34],[48,-30],[75,-2],[4,26],[47,-1],[20,-37],[20,-26],[9,-45],[6,-15],[27,-30],[16,2],[16,35],[6,5],[14,-2],[10,-8],[9,-16],[18,-59],[10,-27],[12,-21],[5,-36],[9,-25],[28,-25],[9,3],[14,-13]],[[6330,6906],[3,-23],[-11,-12],[5,-5],[9,4],[9,-47]],[[6345,6823],[-21,0],[-7,22],[-26,8]],[[7703,6808],[4,12],[10,-6],[5,-11]],[[7722,6803],[5,-32],[12,-4],[3,-65],[-10,-41],[-14,-21],[-10,-27],[3,-30],[-3,-22],[7,0],[10,12],[18,-1],[3,-46],[3,-8],[13,-1],[1,-6],[-9,-42],[4,-11],[12,1],[8,-29],[8,-9],[16,15],[3,-16]],[[7777,6363],[-11,-6],[-12,-13],[-5,-15],[-13,-9],[-14,2],[-6,-20],[-3,-51],[-9,-4],[9,-23],[3,-27],[16,-28],[12,-45],[-9,-18],[3,-30],[-13,-17],[10,-47],[14,-28],[4,-29],[-1,-23],[13,-63],[-1,-7],[-25,-85],[-1,-10]],[[7738,5767],[-5,5],[0,21],[5,17],[4,33],[4,12],[-7,1],[1,23],[-2,39],[-3,22],[-8,30],[-10,56],[-3,23],[-4,83],[-7,4],[-3,24],[-10,24],[-3,-1],[-1,-26],[-7,-21],[-21,-21],[-11,-27],[-3,18],[-7,-9],[-6,5],[2,16],[-19,-12],[0,13],[9,60],[-1,50],[-13,61],[-3,-14],[-11,13],[10,5],[-2,19],[-11,25],[-12,5],[0,15],[-7,2],[-7,12],[-8,22]],[[7558,6394],[13,22],[-2,42]],[[7569,6458],[11,-7],[6,12],[-2,42],[11,18],[-2,41],[1,7],[11,-8],[10,0],[15,59],[-2,24],[12,29],[1,30],[2,9],[31,40],[21,-7],[-1,26],[8,15],[1,20]],[[7558,6394],[-5,21],[-2,31],[-8,37],[-5,10],[-9,-9],[-30,0],[0,-36],[-3,11],[-2,-17],[-6,-8],[-4,14],[-6,-16],[-5,7]],[[7473,6439],[-10,96],[-5,18],[6,20],[-2,13],[-17,19],[12,24],[11,10],[-17,27],[-6,6],[1,11],[9,18],[16,-7],[9,-14],[11,0],[4,-40],[4,-5],[29,0],[31,-5],[2,-6],[-2,-29],[-12,-20],[-14,-12],[-2,-31],[13,-26],[7,39],[9,4],[1,-15],[7,-64],[1,-12]],[[7835,5539],[-8,-18],[-1,-15],[-8,-2],[-5,17],[-6,-18],[-4,8],[1,22],[-9,9],[-1,12],[-13,-4]],[[7781,5550],[0,15],[-5,-6],[-8,12],[-1,20],[-5,16],[-5,-1],[-7,32],[-13,23],[-7,-7],[-4,26],[2,19],[11,67],[-1,1]],[[7851,5878],[-9,8],[-12,23],[-9,5],[-7,-6],[-13,7],[3,39],[-2,5],[-18,3],[-9,-14],[3,-15],[-6,-27],[2,-26],[-20,-91],[-3,-34],[2,-31],[5,-12],[11,6],[5,-11],[-1,-21],[8,-10],[4,-37],[2,-26],[7,-27],[26,-13],[4,-16],[11,-18]],[[2546,6250],[-2,-11],[8,5],[0,-12],[-5,-32],[2,-7],[-3,-20],[3,-9],[-6,-32],[-8,-10],[-6,-21]],[[2529,6101],[-8,-1],[2,112]],[[2500,5984],[0,3],[-35,1],[-7,6],[-18,28]],[[2529,6101],[8,-11],[1,15],[10,-13]],[[2548,6092],[-19,-32],[-6,-6],[-1,-28],[-5,-8]],[[2517,6018],[-6,-1],[2,-11],[-10,-10],[-3,-12]],[[2548,6092],[19,9],[15,-5],[19,-1],[13,11],[7,-7],[27,3],[14,-10],[1,-22],[17,-8],[3,-13]],[[2572,5935],[-4,19],[-6,8]],[[2562,5962],[1,19],[-12,12],[-5,-9],[-21,29],[-8,5]],[[2562,5962],[-5,-19],[-19,5],[-38,24],[0,12]],[[3022,5871],[-1,2],[-23,-13],[-1,-31],[-8,-1],[-12,-45],[-6,-38],[-8,-31],[12,3],[15,-54],[1,-10],[-1,-38],[15,-29],[35,5],[15,-13],[20,-48],[17,8],[25,6],[8,-2],[-5,-14],[-1,-26],[-6,-21],[3,-49],[16,-55],[-15,-30],[7,-13],[10,-30]],[[3134,5304],[-17,-22],[-11,-5],[-43,3],[-1,-35],[13,-8],[7,-22],[-19,3],[-7,-7],[0,-42],[13,-19],[0,-20],[5,-20],[-4,-37],[-9,-115],[-2,-15]],[[3059,4943],[-10,22],[-10,1],[15,56],[-24,29],[-9,-12],[-12,16],[-10,-15],[-19,-1],[-7,4],[-3,25],[-11,5],[-4,27],[-19,27],[-5,24],[-18,23],[-11,2]],[[2902,5176],[-18,28],[-11,-10],[-8,-2],[-12,8],[-10,26],[-36,38]],[[2807,5264],[-3,17],[15,14],[-4,15],[5,17],[13,0],[6,6],[19,70],[-10,22],[5,32],[-6,45],[7,10],[1,11],[-7,12],[3,20],[-1,14],[-14,29]],[[2847,5683],[7,-10],[11,-32],[4,11],[-4,20],[2,13],[11,17],[6,19],[13,6],[4,57],[3,13],[11,18],[8,7],[9,-17],[3,9],[3,25],[24,-2],[17,21],[10,7],[9,24],[10,11],[7,0],[9,-12],[-2,-17]],[[5100,5860],[1,-40],[5,-19],[-6,-39],[-11,-19],[-1,-34],[-9,-4],[-3,-10],[-1,-71],[3,-37],[-2,-37]],[[5076,5550],[-28,-5]],[[5048,5545],[-5,33],[3,40],[-2,39],[0,51],[-8,52],[-11,16],[-2,10],[2,26]],[[5001,5822],[-2,-29],[11,-35],[-2,-29],[5,-44],[7,-25],[-6,-16],[0,-67],[8,-27],[10,-16]],[[5032,5534],[-6,-18],[-24,-6],[-19,-19],[-16,-11],[-24,-25],[-20,23]],[[4923,5478],[-1,19],[-7,30],[-4,38],[9,59],[9,37],[-6,71],[-2,4]],[[5048,5545],[-16,-11]],[[4769,5613],[10,26],[-6,20],[3,8],[10,-5],[6,9],[-12,24],[6,17],[-11,18],[-3,11],[8,26]],[[4923,5478],[-5,10],[-6,-7],[-22,7],[-29,-2],[-16,-6],[-21,-15],[-35,-30]],[[7835,5539],[7,-3],[13,-31],[15,-44],[1,-36],[-2,-22],[0,-44],[4,-23],[10,-27],[10,-45],[-16,4],[-5,-4],[-20,29],[-22,26],[-16,26],[-2,25],[-5,18],[-12,21],[-1,38],[-6,27],[-7,66],[0,10]],[[8041,5289],[6,-11],[16,-6],[14,-16],[9,2],[-6,13],[13,63],[7,7],[31,17],[6,8],[6,27],[7,8],[11,29],[7,11]],[[8168,5441],[10,-26],[20,18],[-5,32]],[[8193,5465],[11,0],[1,14],[-6,9],[3,11],[12,0],[1,16],[16,36],[7,31],[8,-15],[4,11],[4,-13],[9,-12],[1,-9],[-5,-26],[14,7],[-3,-19],[17,3],[19,-27],[-10,-14],[-16,1],[-3,-15],[11,-18],[-8,-13],[-15,-9]],[[8265,5414],[-12,10],[-31,4],[-9,-4],[-6,-31],[1,-26],[-2,-10],[-11,-15],[1,-19],[-12,-47],[-5,-7],[-16,-9],[-6,-10],[-11,4],[-19,15],[-6,-2],[-11,-25],[-12,-14],[-16,9],[-12,-11],[-9,10],[-16,33],[-4,20]],[[3415,5521],[8,9],[24,-13],[2,13],[35,-2],[20,-16]],[[3504,5512],[-8,-23],[-7,-34],[4,-44],[7,-22],[0,-11],[-5,-38],[-6,-25]],[[3489,5315],[-13,12],[-16,-11],[-13,7],[-5,-13],[8,-26],[-26,9]],[[3566,5427],[0,-11],[-14,-42],[-11,-46],[-9,-23],[-21,11],[-11,-16],[-11,15]],[[3504,5512],[23,-15],[25,-42],[14,-28]],[[5333,4896],[-7,27],[-17,35]],[[5309,4958],[8,13],[10,-7],[3,25],[-8,20],[1,25],[19,10],[3,26],[6,6],[11,-30],[9,-4],[7,18],[5,-21],[9,-2],[6,46],[4,59],[-1,8],[-14,11],[-4,20],[2,18],[13,21],[1,10],[-5,23],[-12,10],[-11,-13],[-6,1],[-3,25],[1,18],[5,12]],[[5368,5306],[18,-3],[11,2],[16,-6],[29,-21],[3,2],[1,27]],[[5311,5303],[1,13],[43,-6],[13,-4]],[[5309,4958],[-14,28],[-3,12],[-17,30],[4,8],[-11,9],[-12,37],[6,11],[-9,14],[-9,26],[11,15],[8,43],[11,-2],[-15,26],[6,5],[2,16]],[[5267,5236],[45,1],[-1,66]],[[5274,5303],[37,0]],[[5267,5236],[0,11],[-7,5],[13,41],[1,10]],[[5238,5361],[-6,1],[0,14],[7,19],[6,-2],[-7,-32]],[[2771,4984],[6,12],[7,27],[-1,36],[-15,-32],[-12,11],[-5,11],[6,13],[-2,15],[2,24],[-6,24],[17,21],[-4,10],[2,15],[8,16],[1,45],[20,11],[12,21]],[[2902,5176],[9,-40],[-13,-46],[-15,-39],[-13,-20],[-28,-19],[-10,-13],[-11,-30],[-12,-65],[-4,-8],[-8,0],[-11,31],[-16,3],[-2,18],[3,9],[0,27]],[[3045,4121],[-6,22],[-22,22],[-7,27],[-7,6],[-39,44],[-21,18],[-33,48],[-15,28],[-13,36],[0,35],[-13,42],[-17,72],[-11,15],[1,24],[-38,151],[-21,59],[-7,25],[-15,23],[-20,18],[12,9],[0,17],[-12,34],[-3,19],[3,20],[20,39],[10,10]],[[3059,4943],[-3,-13],[-16,9],[-16,-17],[-9,2],[-23,-20],[-14,-16],[-11,-54],[3,-25],[-20,-30],[-3,-17],[2,-14],[25,-84],[-5,-21],[18,-4],[7,-14],[1,-17],[23,-1],[22,29],[-2,-70],[9,-19],[20,9]],[[3134,5304],[3,-16],[6,-45],[5,-2],[15,-20],[5,2],[9,18],[4,-25],[3,1],[18,36],[15,12],[8,28],[8,3],[11,14],[-7,10],[-12,1],[-2,7],[-5,53],[-13,36],[3,6],[15,-16],[19,0],[12,-22],[4,3],[3,29],[27,10],[29,33],[1,13]],[[3566,5427],[5,7],[6,-15],[9,-71],[6,-36],[7,-23],[13,-5],[2,-30],[-7,-9],[-14,-45],[-15,-20],[-10,-20],[-12,-51],[-1,-15],[12,7],[17,19],[9,-44],[7,-5],[21,3],[9,7],[-3,-32],[5,14],[23,40],[10,34],[22,8],[9,-14],[12,-6],[24,-19],[7,-23],[9,9],[7,-8],[10,-30],[-7,-29],[3,-22],[10,21],[25,20],[7,-1],[21,-21],[34,-9],[24,7],[14,-9],[26,-34],[29,-53],[16,-25],[15,-9],[27,-4],[5,-5],[12,-80],[4,-55],[-6,-60],[-7,-34],[-6,-22],[-34,-64],[-10,-6],[-5,-17],[-2,-19],[-6,-28],[-17,-54],[-6,-6],[-1,11],[-8,10],[-1,-20],[-7,-43],[-1,-35],[5,-96],[-7,-66],[1,-36],[-14,-27],[-4,-30],[3,-38],[-4,-16],[-8,-16],[-10,-39],[-12,-36],[-4,-22],[2,-25],[-15,-9],[-11,-17],[-1,-22],[-28,-6],[-23,4],[-21,-2],[-3,-16],[-13,-13],[-9,-21],[-9,7],[-12,-8],[-30,-43],[-17,-21],[-6,-17],[-17,-8],[6,-26],[-3,-21],[-4,-8],[5,-17],[1,-58],[-5,-40],[-6,-19],[-17,-26],[-10,-27],[-15,-64],[-10,-26],[-18,-37],[4,21],[13,30],[8,30],[-1,7],[-10,-3],[-7,5],[-6,-43],[-5,-13],[-12,-18],[-9,-65],[-15,-44],[-14,-25]],[[3516,3233],[-4,27],[9,27],[-18,51],[-19,27],[-14,10],[-10,25],[-12,-11],[-15,41],[-10,12],[-23,-9]],[[3605,5084],[-7,4],[-5,24],[4,57],[8,4],[24,-5],[6,5],[20,-11],[-4,-14],[-2,-25],[-7,-20],[-13,-13],[-16,-1],[-8,-5]],[[9153,4815],[-9,15],[-5,-5],[-9,14],[-8,7],[-1,12],[12,1],[16,-5],[10,6],[3,13],[12,-18],[16,11],[8,25],[8,0],[4,11],[-1,29],[11,-7],[4,9],[5,-24],[-4,-17],[-8,-12],[6,-12],[-7,-12],[-15,2],[-6,-20],[-22,-19],[-20,-4]],[[8914,4650],[0,110],[-5,36],[5,21],[-2,206]],[[8912,5023],[43,-29],[29,-18],[18,-21],[12,-1],[7,-19],[16,-20],[10,-18],[-4,-25],[5,-12],[8,-3],[23,-20],[14,-5],[10,-36],[-23,-9],[-1,-13],[14,-39],[18,-26],[3,-22],[9,-27],[4,-3],[16,2],[-3,-19],[3,-6],[18,-9],[-7,-12],[3,-7],[20,-15],[2,-25],[-13,0],[-6,19],[-13,3],[-21,10],[-19,0],[-14,15],[-5,20],[-15,17],[-23,68],[-25,10],[-15,10],[-10,-7],[-10,12],[3,-20],[-3,-8],[-9,1],[2,-13],[-13,-1],[-20,4],[14,-12],[14,-18],[3,-10],[-21,-22],[-8,3],[-38,3]],[[9074,2666],[-20,18],[-7,10],[-15,43],[11,-6],[-1,14],[-17,37],[-6,31],[-1,18],[34,-17],[13,-9],[10,1],[15,8],[9,-1],[13,14],[6,-10],[1,-41],[-9,-39],[-5,-28],[-12,-6],[-7,-10],[-8,-25],[-4,-2]],[[8953,4556],[8,-11],[3,-13],[2,-34],[10,-12],[-5,-24],[8,-8],[4,-23],[1,-34],[8,-46],[9,-7],[9,13],[4,-17],[18,-22],[1,-36],[3,-20],[0,-27],[15,-41],[4,-39],[-2,-22],[11,-48],[21,-25],[9,-2],[5,-17],[16,-19],[15,-1],[-4,-26],[4,-11],[11,-13],[12,-79],[13,-17],[-2,23],[19,-17],[4,-11],[1,-45],[11,-20],[15,-12],[9,-34],[7,-4],[6,-32],[10,-15],[5,-34],[0,-45],[-3,-20],[12,-45],[3,-41],[-4,-18],[-4,-44],[-8,-45],[1,-41],[-4,-21],[-8,-25],[-2,-17],[-8,-21],[-11,-8],[-11,-30],[-4,-39],[-11,-29],[-2,-31],[-15,-26],[-6,-53],[-1,-42],[-3,-16],[-10,-17],[-34,-6],[-7,-4],[-34,-43],[-14,-3],[6,-17],[-27,27],[-1,16],[-15,22],[-15,-11],[9,-12],[-12,-6],[-27,-23],[-18,17],[-22,14],[-10,-6],[-9,4],[-16,17],[-18,30],[-5,23],[1,27],[-3,23],[-8,19],[-3,25],[-6,0],[-10,-10],[-12,-5],[-4,7],[6,11],[4,36],[-13,33],[-6,-19],[-5,-37],[-21,-8],[5,23],[8,-1],[4,10],[-1,26],[10,34],[1,21],[5,3],[2,15],[-8,26],[-2,-18],[-10,-15],[-10,-36],[-10,-7],[-17,-27],[-11,-39],[-5,9],[-5,35],[-6,23],[-8,20],[-6,25],[-12,1],[-3,13],[4,16],[-11,23],[-20,1],[-12,14],[-9,-4],[-10,5],[-20,25],[-12,-5],[-46,-4],[-16,-9],[-13,-12],[-25,-13],[-33,-3],[-12,-7],[-22,-23],[-17,-11],[-17,-44],[-7,-8],[-17,1],[-16,-8],[-12,12],[-9,0],[-32,-9],[-14,0],[-12,-26],[-18,-2],[-13,-28],[-19,-9],[-27,3],[-17,15],[-9,18],[-16,12],[-2,38],[12,-1],[7,23],[3,36],[-1,31],[-5,32],[-14,49],[-4,38],[0,26],[-8,45],[-18,51],[1,23],[-11,43],[-13,26],[-1,21],[9,-29],[9,-6],[-5,30],[-8,19],[1,8],[9,-22],[7,-26],[5,-1],[-1,14],[4,16],[-16,48],[-5,18],[-2,34],[9,29],[2,17],[-4,53],[8,30],[5,-33],[6,3],[5,27],[24,28],[22,36],[8,8],[33,5],[10,16],[18,5],[7,18],[8,2],[10,-6],[20,9],[18,18],[14,32],[5,24],[18,27],[-4,48],[14,29],[5,18],[7,-16],[11,-41],[3,27],[9,-8],[1,19],[-9,13],[1,17],[11,-1],[8,-6],[12,1],[-10,14],[2,34],[8,11],[9,-10],[4,35],[0,14],[9,7],[10,-1],[7,28],[5,8],[7,-16],[9,32],[9,-16],[10,-7],[12,-30],[3,-38],[10,28],[21,-6],[12,-17],[6,27],[-11,18],[-1,11],[10,17],[0,12],[14,26],[-1,12],[6,22],[14,8],[-3,10],[9,13],[10,-10],[24,4],[10,9],[-4,25],[-16,21],[9,5],[8,-14],[8,0],[17,-24],[24,-10],[10,4],[4,-16],[7,-2],[7,11],[14,-11],[4,-12],[6,4],[4,22],[12,-18],[-6,-11],[-5,-34],[-6,-1],[-12,-14],[4,-24],[-2,-18],[-12,-27],[-2,-13],[7,-15],[13,-16],[16,-34],[11,0],[19,-21],[14,-26],[19,-8],[8,-26],[16,-19],[12,-2],[15,14],[9,35],[5,29],[3,34],[9,36],[-7,27],[5,37],[-4,18],[2,44],[9,20],[-6,13],[7,30],[5,46],[6,14]],[[3516,3233],[-11,-30],[-7,-14],[-16,-16],[-10,-3],[-11,9],[-26,-10],[-11,17],[-17,11],[-13,-6],[-15,22]],[[4255,9307],[27,-8],[4,-9],[-18,-8],[-35,-4],[-14,-10],[-8,-25],[13,-10],[12,-4],[34,-2],[23,6],[24,1],[27,-12],[40,-2],[-16,-16],[-44,-26],[-16,4],[-12,-18],[-29,-24],[-16,-10],[-28,-1],[-40,-14],[-12,10],[-5,-1],[-8,-24],[-12,-3],[-17,7],[-8,12],[-19,17],[-1,-5],[9,-27],[-26,-20],[-7,-10],[-21,-40],[-13,-23],[-10,-6],[-13,-2],[-12,7],[-8,-29],[-9,-8],[-21,2],[-14,-12],[12,45],[-25,4],[3,-22],[-15,-21],[-14,-4],[-28,-3],[8,-20],[-6,-13],[-32,5],[16,-20],[4,-9],[-4,-11],[-28,-4],[22,-20],[5,-8],[-10,-15],[-14,0],[4,-16],[-5,-12],[-14,5],[3,-25],[-13,3],[-26,-4],[8,-12],[18,-16],[-1,-27],[-4,-24],[-16,-1],[6,-15],[1,-29],[-20,-3],[10,-10],[5,-15],[-1,-12],[-16,6],[-13,13],[-12,-23],[-8,15],[2,15],[-18,10],[-8,8],[5,17],[-9,12],[-8,-9],[-30,-5],[-13,-15],[-10,25],[-26,23],[-7,20],[1,19],[-26,12],[-3,9],[9,29],[-17,4],[-4,23],[-14,2],[-7,14],[10,21],[16,9],[11,11],[-3,18],[-24,-7],[-8,-11],[-14,-11],[-5,8],[1,16],[-4,41],[-3,9],[-10,-2],[-15,22],[-1,9],[11,14],[-4,5],[-13,-2],[3,12],[22,4],[4,18],[-27,0],[-5,10],[13,13],[-12,3],[3,15],[14,9],[64,-17],[4,23],[-4,5],[-65,31],[4,9],[10,0],[18,-10],[20,3],[2,23],[17,0],[-2,14],[-12,9],[9,23],[-3,7],[-30,4],[-35,20],[-21,4],[-20,22],[6,4],[15,1],[35,-9],[43,-24],[-3,19],[-11,14],[-10,23],[-14,8],[13,13],[-9,7],[-21,2],[-15,9],[-18,-28],[-11,-6],[-17,2],[-13,9],[-5,13],[10,25],[-2,33],[16,-4],[6,12],[-5,10],[-17,18],[-12,20],[-25,58],[-7,12],[-23,10],[-12,12],[-1,18],[-11,10],[-32,8],[-48,19],[-27,5],[-32,2],[-10,-5],[-41,-11],[-34,12],[4,-22],[-30,6],[-39,15],[25,18],[-7,10],[-41,1],[-18,2],[-26,17],[7,8],[16,1],[38,-4],[42,-1],[27,4],[16,8],[1,9],[-18,13],[-29,-11],[-31,3],[-20,-5],[-19,6],[-9,10],[-18,6],[-15,1],[-18,12],[4,21],[45,9],[42,6],[12,11],[24,9],[31,0],[13,2],[25,-1],[16,13],[8,33],[-12,6],[-24,1],[-14,-5],[-12,3],[-16,10],[8,20],[17,9],[78,21],[26,5],[14,-3],[32,4],[5,10],[-5,25],[6,4],[24,1],[19,-5],[53,-21],[10,7],[-20,14],[-9,13],[29,4],[38,9],[32,5],[22,-5],[3,-45],[11,4],[7,9],[6,26],[12,-1],[25,-8],[42,-18],[3,8],[-29,32],[3,8],[32,-1],[48,-16],[16,-7],[50,-15],[23,-6],[10,6],[11,38],[-21,14],[-14,14],[9,6],[30,0],[37,9],[16,2],[19,-5],[28,-12],[45,-8],[3,19],[-3,13],[33,5],[25,2],[57,-6],[53,10],[26,0],[23,-6],[23,2],[24,-5],[7,3],[24,-4],[43,-4],[30,-19],[17,-7],[17,2],[46,-10],[6,-11],[-10,-8],[-80,-11],[-81,5],[-17,-4],[-59,-3],[-41,-12],[-4,-13],[9,-6],[32,7],[17,2],[49,-1],[28,3],[41,1],[12,-2],[31,-13],[53,17],[25,4],[7,-12],[-7,-12],[-41,-26],[-16,-19],[5,-12],[16,4],[20,14],[40,24],[31,14],[21,4],[38,-5],[18,8],[9,8],[14,6],[27,1],[35,-4],[43,-13],[1,-13],[-43,-10],[-22,-21],[-21,-9],[-19,-14],[-13,-2],[-59,0],[-28,-10],[-6,-14],[2,-9],[24,8],[20,2],[23,-3],[0,-11],[-9,-6],[-30,-3],[-9,-9],[-7,-34],[-9,-4],[-22,1],[-23,-52],[-2,-9],[11,-10],[16,22],[11,1],[34,-10],[2,-12],[-23,2],[-9,-8],[4,-7],[29,-8],[23,3],[9,-13],[-4,-15],[-23,5],[-30,3],[-17,-2],[-17,-12],[-16,7],[-13,-1],[-4,-10],[17,-15],[15,-6],[37,-5],[9,-4],[10,-24],[0,-15],[-10,-12],[-26,7],[-5,-2],[2,-21],[22,-12],[21,-8],[5,-9],[-5,-7],[-18,-7],[-22,1],[-35,5],[-7,-12],[7,-5],[17,-1],[22,-11],[1,-22],[-31,-2],[-7,-7],[-16,0],[-15,3],[-19,11],[-16,14],[-26,-16],[-21,-7],[-30,3],[-17,-7],[-2,-11],[5,-14],[9,-6],[16,-1],[19,-7],[19,2],[32,-26],[31,-19],[4,-7],[6,-23],[15,9],[9,-16],[3,-40],[-7,-8],[-13,6],[-25,-1],[-18,7],[-8,10],[-10,24],[-25,22],[-23,6],[-19,-6]],[[4384,9334],[-19,13],[-21,10],[-6,13],[19,1],[24,-10],[11,-8],[2,-13],[-10,-6]],[[3512,9175],[-26,17],[-5,8],[-1,22],[3,9],[27,-5],[43,-22],[6,-14],[-18,-3],[-29,-12]],[[5227,8456],[10,20],[21,1],[15,24],[20,10],[-5,-14],[2,-15],[-6,-14],[-39,-1],[-2,-11],[-8,-11],[-8,11]],[[5263,8349],[-24,-3]],[[5239,8346],[-2,27],[-14,7],[8,17],[-6,19],[2,19],[13,-4],[10,17],[8,-10],[2,23],[23,-2],[3,-22],[14,-1],[-2,-20],[-16,-1],[2,-8],[-7,-19],[-12,-15],[-2,-24]],[[5332,8350],[-6,13],[-13,1],[-5,25],[13,15],[11,-18],[3,22],[10,0],[-1,-24],[-7,-9],[8,-8],[-13,-17]],[[5390,8290],[2,-5]],[[5392,8285],[-2,5]],[[5401,8288],[24,11],[16,3],[16,17],[33,16],[17,2],[7,-24],[22,-9],[18,16]],[[5554,8320],[39,-4],[45,4],[9,-7],[8,-31],[10,-51],[-4,-12],[-12,-7],[-6,-16],[9,-4],[5,-15],[-4,-20],[3,-14],[14,-27],[-4,-26],[-5,-1],[-11,-15],[-19,-31],[-1,-23],[5,-10],[-9,1]],[[5626,8011],[-15,11],[-12,14],[-13,-1],[-6,-8],[-14,7],[-10,-14],[-7,1],[-1,12],[-7,10],[-14,-10],[-12,29],[-14,9],[-8,-4],[-2,17],[-9,0],[-10,8],[0,-11],[-8,-8],[-14,18],[6,10],[-12,1],[-5,9],[-10,2],[-5,11],[-8,1],[-5,-7]],[[5411,8118],[6,18],[-10,17],[-2,14],[4,15],[-6,19],[2,11],[-13,13],[8,26],[-4,22]],[[5396,8273],[7,-5],[-2,20]],[[5401,8288],[0,0]],[[5198,8247],[2,-11],[-5,-20],[-7,1],[-2,-10],[10,-6],[-7,-24],[-12,-7],[-11,-1],[6,-24],[-7,-21],[1,-17]],[[5104,8145],[-7,11],[21,28],[10,39],[11,6],[6,-13],[-6,-4],[-2,-16],[15,-6],[7,9],[-4,12],[2,12],[-10,2],[2,20],[16,12],[22,3],[11,-13]],[[5270,7927],[13,-18],[5,16],[12,-2],[10,-7],[11,11],[15,1],[1,5],[15,-1],[7,-12],[2,14],[-9,23],[17,13],[2,14],[7,-4],[9,7]],[[5387,7987],[12,-6],[8,4],[9,20],[30,-15],[16,5],[9,-10],[-2,-15],[12,-21]],[[5451,7885],[-9,-4],[1,-10],[-11,3],[-3,-5],[-18,-1],[-8,-12],[-11,3]],[[5392,7859],[-49,16],[-8,13],[0,9],[-11,-6],[-16,0],[-4,-11],[-16,5]],[[5264,7920],[4,4]],[[5268,7924],[2,3]],[[5389,5937],[2,-41],[10,-7],[3,-14],[-2,-29],[-5,-11],[-15,-12],[-14,-64],[-3,-26],[-9,-4],[-4,-41],[-7,-10],[-8,-29],[-16,-73],[-9,-22],[-5,-1]],[[5307,5553],[-10,28],[-18,0],[-34,-68],[0,-25],[-7,-32]],[[5238,5456],[-7,7],[0,-13],[-5,-8],[-20,-4],[-11,6],[-5,-12],[-21,2],[-14,17],[-7,36],[3,13],[-8,9],[-15,33],[-15,13],[-4,8],[-13,-11],[-20,-2]],[[5307,5553],[-12,-52],[-29,-84]],[[5266,5417],[-9,-1],[-7,7],[-4,28],[-8,5]],[[5974,6867],[-3,15]],[[5971,6882],[5,28],[0,21],[6,29],[6,41],[1,64],[2,4]],[[6092,7036],[-9,-16],[-45,-23],[-8,-6],[23,-57],[-15,-28],[-19,-11],[-5,-16],[-12,-20],[-28,8]],[[5266,6886],[221,-14]],[[5487,6872],[4,-389]],[[5970,6879],[-11,45],[-11,58]],[[5948,6982],[10,24],[13,76]],[[5971,6882],[-1,-3]],[[6189,6125],[-2,18],[-6,25],[-15,38],[-10,18],[-7,23],[-10,48],[-9,34],[-26,31],[-17,47],[-1,68],[-6,27],[-16,55],[-9,16],[-12,10],[-10,22],[0,29],[-15,49],[-10,24],[-24,75],[-9,20],[-10,1],[3,15],[6,49]],[[6345,6823],[9,-33],[2,-20],[8,1],[1,-10],[10,-21],[11,-4],[6,-11],[-6,-15],[4,-10],[-4,-20],[6,-25],[7,-4],[6,-34],[0,-11],[10,-14]],[[6438,6278],[-112,-79],[-7,-6],[-29,-72],[-25,-69],[-32,133],[-14,0],[-14,7],[-5,-8],[-2,-45],[-9,-14]],[[5970,6879],[-5,-10],[-6,-29],[-6,-52],[-8,-3],[-20,44],[-4,26],[-6,11],[-9,38],[-6,-4],[-3,-14],[9,-45],[20,-49],[16,-77],[5,-12],[11,-45],[19,-68],[15,-28],[-7,-11],[3,-28],[4,-19],[15,-19],[15,-38]],[[6022,6447],[-157,0],[-66,0],[-96,0],[-10,-2]],[[5693,6445],[0,102],[-1,73],[1,210],[-1,35],[-5,24],[-1,32],[7,25],[-5,34],[9,20]],[[5697,7000],[4,-5],[25,3],[45,-17],[4,-11],[17,-2],[20,-12],[12,17],[12,11],[24,13],[20,-4],[3,-13],[7,-9],[7,4],[13,-8],[7,11],[15,-10],[16,14]],[[7449,6790],[-4,-43],[5,-21],[-4,-18],[-20,-4],[-9,13],[-7,-8],[-20,13],[-5,-6],[-7,17],[-7,-7],[-12,14],[-8,4],[0,17],[-15,10],[-7,-9],[-12,7],[-3,-8],[-14,10],[-3,10],[-6,-2],[-13,16],[-3,-5],[-16,18],[-3,14],[-9,4],[-9,12],[-5,-2],[-9,16],[7,22],[2,26],[17,27]],[[7250,6927],[7,-13],[5,22],[5,3],[14,-5],[2,-16],[10,-7],[10,-16],[13,-9],[8,-21],[11,8],[5,-22],[18,-23],[8,6],[-2,-17],[17,0],[6,-13],[14,-10],[4,11],[13,-7],[4,-10],[15,-1],[4,7],[8,-4]],[[4669,6038],[-18,24],[-8,15],[-10,38],[-6,9],[-15,9],[-9,15],[-15,5],[-38,-8],[-6,-11]],[[4544,6134],[1,13],[7,34],[4,51],[-2,28],[-4,21],[-8,19],[6,18],[0,26],[-3,23],[-13,24],[-5,-12],[0,33]],[[5944,5416],[-7,-14],[-13,-8],[-7,7],[-22,-12],[-12,-1],[-12,6],[-18,-8]],[[5665,6306],[1,30],[26,-1],[1,4],[0,106]],[[6022,6447],[9,-40],[3,-91],[4,-42],[3,-5],[32,-44]],[[6073,6225],[-10,-28],[-17,-14],[-5,-17],[-13,-5],[-6,-48],[-9,-53],[0,-54]],[[6013,6006],[-2,-26],[-8,-60],[-13,-8],[-5,-10],[-11,-38],[-4,-56],[-16,-9],[-7,-85],[-2,-44],[-6,-8],[-19,3],[-2,-37],[19,-10],[24,-51],[13,-57],[5,-11],[14,-18],[1,-34]],[[5994,5447],[-19,-3],[-19,1],[-12,-29]],[[6472,6144],[-10,-10],[-12,-22],[-2,-24],[-23,-25],[-29,-17],[-26,-19],[-11,-23],[-11,-10],[-14,0],[-19,-22],[-21,-16],[-22,1],[-24,-34],[-7,0],[-7,-10],[-17,1],[-10,15],[-5,18],[2,19],[-16,110],[3,29],[-2,20]],[[6175,5896],[-9,21],[-6,4],[-5,24],[-16,20],[-4,16],[-8,17],[-8,3],[-10,15],[-7,-3],[-9,9],[-10,-6],[-4,11],[-7,-11],[-10,-3],[-7,16],[-8,8],[-10,-43],[-6,23],[-9,-12],[-9,1]],[[6073,6225],[10,-58],[6,-42],[8,-50],[8,-21],[3,23],[13,-34],[10,1],[28,-60],[9,-1],[8,-23],[1,-17],[7,-4],[11,-23]],[[6195,5916],[-7,-23],[-9,8],[-4,-5]],[[4619,5912],[-42,1],[-12,-15],[-20,-1],[-6,-3]],[[4539,5894],[-5,16],[0,32]],[[4534,5942],[21,-1],[0,12],[17,4],[2,9],[20,-20],[15,5],[-3,14],[-11,-7],[-3,10],[-7,0],[-5,11],[-16,-5],[-1,-8],[-21,0]],[[4542,5966],[-6,29],[-10,30],[-11,12],[16,29],[12,47],[1,21]],[[4682,5898],[-22,-3],[-9,2],[-16,14],[-16,1]],[[6192,5812],[-5,-21],[1,-11],[13,-40],[17,-35],[14,-14],[72,-50],[24,-1]],[[6328,5640],[2,-2],[-51,-109],[-30,-67],[-31,1],[-20,-13],[-10,-24],[-23,-8],[-5,-13]],[[6160,5405],[-14,3],[-15,15],[-22,-23],[-11,-22],[-19,7],[-22,5],[-29,39],[-8,8],[-26,10]],[[6175,5896],[-13,-39],[-2,-17],[2,-30],[18,8],[12,-6]],[[4534,5942],[0,12],[8,12]],[[6195,5916],[8,-15],[4,-20],[-18,-18],[-8,-12],[21,-6]],[[6202,5845],[-10,-33]],[[4619,5912],[0,-43],[-6,-13],[-16,-6],[-14,-26]],[[4583,5824],[-10,7],[0,17],[7,17],[-6,6],[-14,-4],[-7,7],[-6,14],[-8,6]],[[4634,5694],[-3,25],[-10,20],[-1,17],[-11,9],[-15,22],[1,19],[-13,7],[1,11]],[[3022,5871],[-11,-4],[-11,-14],[8,-48],[-11,-50],[14,-47],[6,3],[9,14],[-1,31],[-11,42],[-2,17],[13,10],[37,24],[-5,15],[-7,-3],[-4,15],[10,13],[10,-40],[26,-9],[8,-21],[2,-17],[9,-10],[42,8],[9,-4],[5,-12],[17,-15],[13,-1],[10,8],[13,21],[38,7],[15,-4],[-5,-9],[-16,1],[0,-10],[15,-21],[2,-17],[6,18],[15,-10],[4,-9],[17,-18],[-9,-13],[-5,-22],[-13,-11],[14,-4],[8,4],[21,-1],[11,-7]],[[3302,5808],[-3,-8],[0,-33],[-9,-4],[-14,1],[11,13],[-4,25],[19,6]],[[8168,5441],[10,6],[9,25],[6,-7]],[[6155,5076],[-14,-14],[-5,3],[-5,-30],[-8,-3],[-5,-10],[-1,-21],[-16,-52],[1,-14],[-5,-17],[-8,-13]],[[5923,5119],[16,70],[8,22],[19,38],[7,33],[-4,33],[-12,36],[-2,35],[-11,30]],[[6160,5405],[-21,-64],[0,-105],[1,-114],[15,-46]],[[2885,7738],[-13,-5],[-16,-23],[-12,10],[-31,-8],[-12,-6],[-14,-16],[-4,-11],[9,-6],[9,1]],[[2801,7674],[3,-21]],[[2804,7653],[-16,0],[-18,-6],[-2,-9],[-30,0],[-13,-18],[-11,-8],[-5,-10],[-16,3]],[[2693,7605],[0,13],[14,21],[7,24]],[[2714,7663],[13,17],[3,47],[10,24],[0,20],[-10,19],[11,-1],[11,-35],[7,6],[12,-12],[6,7],[-2,12],[9,-2],[-10,25],[-15,29],[-3,14],[-23,0],[-1,7],[-45,6],[-15,3],[-1,-6]],[[2671,7843],[-12,7],[-5,11],[-8,0]],[[2646,7861],[7,11],[-8,21],[4,14],[-8,15],[1,19],[-4,5],[-22,2],[-7,12],[-9,31],[-22,3],[-25,13],[-7,-21],[-3,11],[-10,-28],[-2,11],[-10,-10],[-11,-22]],[[2510,7948],[-10,0],[0,16],[-32,-2],[-15,-10],[-6,2],[-10,14],[-8,-6],[-8,17],[-18,6],[-6,-2],[-11,11],[-20,41],[-7,-1],[7,-24],[-157,0],[-270,1],[-13,-1],[-61,1],[-64,-1],[-106,1],[-58,-1],[-51,1]],[[1586,8011],[-9,12],[0,20],[-9,-6],[-8,8],[-4,18],[-14,-9],[-9,13],[-4,32],[-13,-3],[-21,12],[-7,19],[-7,-5],[-22,1],[-6,13],[6,31],[-15,2],[13,21],[14,17],[-19,-4],[-9,6],[-1,25],[-10,0],[-12,28],[2,20],[-7,-2],[-11,-13],[-15,25],[-9,35],[13,24],[-4,18]],[[1389,8369],[-5,20],[2,21],[-5,7],[-40,28],[-7,10],[-20,49],[-23,46],[-10,15],[-25,30],[-13,27],[-17,-2],[-24,-30],[-11,-5],[-3,-9],[-12,18],[-27,34],[-10,28],[-10,1],[-30,-3],[-10,2],[-3,7],[-1,83],[1,169],[-2,73],[-1,119],[0,74],[-1,12]],[[1082,9193],[20,2],[12,-3],[25,-12],[20,-13],[15,-7],[42,-8],[20,-9],[-6,16],[-8,9],[-1,11],[17,10],[18,3],[31,-4],[32,21],[30,6],[10,11],[23,3],[11,-4],[-6,-10],[-18,-7],[-13,-9],[-31,-12],[-9,-13],[-22,-7],[-9,-13],[11,-6],[18,-20],[-1,24],[15,6],[14,17],[22,1],[26,20],[26,5],[8,8],[22,12],[4,14],[-17,21],[11,-2],[18,-15],[16,-35],[23,-20],[14,-6],[7,5],[-5,23],[19,7],[5,-9],[-2,-18],[22,-2],[14,12],[7,13],[20,1],[19,-7],[39,-20],[67,-23],[28,-6],[31,2],[11,-3],[25,-16],[8,-15],[-36,-8],[-4,-18],[41,-10],[44,-2],[20,3],[34,10],[12,-1],[17,-12],[19,-5],[20,-14],[0,-8],[-11,-9],[27,-29],[-2,18],[13,5],[-13,21],[-3,17],[1,19],[40,9],[9,13],[7,1],[33,-15],[24,1],[8,-10],[15,-8],[24,-5],[14,0],[11,5],[46,0],[13,1],[15,7],[24,-20],[6,0],[3,22],[-18,9],[-17,2],[1,11],[22,1],[38,-17],[-3,-31],[2,-13],[28,-16],[-7,40],[5,19],[19,1],[15,22],[19,5],[-6,22],[-14,-5],[-13,2],[7,14],[23,6],[15,-15],[0,32],[-10,-2],[-19,4],[-11,8],[-9,-2],[-16,5],[-22,11],[-9,9],[-1,12],[15,16],[-21,15],[8,21],[12,9],[13,-7],[4,10],[-11,16],[9,10],[28,1],[16,-7],[16,-11],[8,-19],[-3,-15],[15,-14],[25,-26],[-5,-9],[-12,-1],[-11,-21],[19,-8],[22,2],[33,-9],[0,-64],[7,9],[8,30],[9,11],[6,-1],[23,-21],[8,-22],[-2,-11],[-14,2],[-3,-19],[4,-10],[28,-37],[23,12],[3,17],[17,21],[8,37],[3,4],[21,0],[2,13],[-24,18],[1,23],[7,7],[23,1],[43,-16],[16,-18],[14,2],[5,-5],[3,-27],[-14,-8],[-9,14],[-13,-7],[5,-22],[9,-19],[25,-28],[-6,-25],[-23,-25],[-9,-2],[-14,-13],[-9,7],[-21,25],[-13,8],[-9,-7],[17,-14],[19,-23],[-34,-2],[-12,20],[-38,-3],[-3,-6],[24,-17],[-2,-5],[-33,-37],[-15,-5],[-11,6],[-13,15],[-24,12],[-13,3],[0,-12],[30,-26],[21,-11],[28,-4],[-8,-28],[-26,-30],[-20,-5],[-11,3],[-13,10],[-1,-16],[4,-15],[-4,-2],[-92,21],[26,-23],[20,-4],[17,-7],[29,-5],[0,-21],[-40,-5],[-24,4],[-4,-7],[15,-11],[-6,-11],[-13,-9],[-23,-23],[2,-18],[-15,-12],[-14,-31],[-10,-49],[-2,-25],[4,-37],[7,-9],[15,-3],[14,2],[8,-9],[16,-49],[2,-18],[-1,-23],[8,-1],[24,11],[37,1],[7,-14],[27,-11],[24,-24],[12,-24],[44,-17],[20,-16],[19,-10],[25,4],[33,-10],[5,-5],[-5,-40],[6,-16],[-1,-38],[-4,-21],[14,-15],[3,-9],[0,-22],[12,-3],[12,-13],[9,-15],[5,-19],[8,-1],[21,-26],[-7,25],[9,19],[12,-25],[4,23],[-3,12],[7,13],[1,15],[-9,44],[0,15],[-6,26],[8,1],[-5,18],[-13,12],[-4,24],[27,13],[37,40],[19,38],[3,31],[-3,27],[-6,22],[-17,26],[-26,25],[-4,9],[12,17],[10,33],[13,10],[-8,39],[3,16],[-22,2],[14,24],[6,22],[-11,12],[-4,21],[4,11],[14,13],[10,-2],[36,-16],[27,-2],[30,12],[19,-12],[34,-36],[-3,-10],[26,-19],[24,-9],[14,6],[4,-18],[-7,-9],[-2,-12],[11,-64],[-4,-13],[-10,0],[-2,-17],[5,-7],[14,11],[18,2],[13,-18],[3,-18],[6,5],[27,8],[9,24],[7,-3],[8,-19],[6,36],[13,17],[-8,13],[3,12],[12,2],[9,21],[9,-9],[17,-29],[7,-21],[17,-29],[-3,-16],[7,1],[4,-20],[16,-12],[5,-16],[-10,-7],[10,-14],[10,-5],[4,-17],[-6,-5],[-22,3],[11,-29],[14,-7],[27,-28],[3,-14],[-6,-20],[6,-2],[19,7],[9,-5],[22,-17],[31,-11],[-2,-7],[-18,-11],[-19,-7],[-15,-17],[-13,-1],[-8,-9],[-3,-24],[30,14],[15,20],[15,13],[15,3],[12,-15],[-5,-12],[5,-11],[13,10],[21,-17],[3,-11],[-9,-32],[13,-24],[-37,-41],[-43,-6],[-17,-31],[-16,-19],[-12,-6],[-42,-7],[-43,4],[-18,-3],[-48,4],[-22,-3],[-13,-13],[-13,-38],[-28,-12],[-13,-14],[-20,-30],[-30,-59],[-13,-40],[10,19],[13,16],[13,24],[14,20],[25,25],[38,23],[27,13],[18,3],[11,-1],[18,-15],[4,-17],[-6,-11],[-13,-8],[-10,-12],[-18,5],[-17,-6],[18,-8],[6,-17],[16,13],[11,-6],[-8,-13],[-1,-13],[-12,-12],[16,0],[-1,-23],[9,-26],[22,-6],[-9,-7],[9,-10],[7,2],[31,-11],[12,12],[6,-14],[7,3],[6,-10],[-4,-10],[12,-5],[-29,-13],[-29,-21],[-1,7],[-13,-18],[-9,3],[-10,-7],[-13,-18],[-3,-15],[-7,-9],[-7,2],[-4,-14],[-7,3],[-6,17],[-2,-6],[-5,22],[6,20],[-6,0],[48,52],[4,-13],[24,15],[-40,2],[14,15],[3,12],[-8,-2],[-8,-13],[-25,-21],[-8,-1],[-10,-10],[-3,4],[-19,4]],[[3133,7791],[-1,18],[-10,6],[1,6],[-4,73],[-8,15],[-20,-2],[-9,12],[-15,-30],[-14,-58],[-14,-37],[-20,1],[-6,-21],[-14,3],[-77,0],[-37,-39]],[[2261,9151],[-21,7],[5,8],[24,16],[2,17],[14,8],[43,-31],[5,-14],[14,-14],[-20,-15],[-16,-1],[-22,6],[-28,13]],[[2201,9346],[-25,7],[-28,28],[11,17],[21,-16],[19,-7],[24,30],[-26,25],[-1,9],[21,-2],[14,6],[13,-11],[14,1],[5,6],[16,4],[17,-2],[11,-6],[-15,-19],[-20,-10],[-5,-9],[9,-9],[9,2],[29,-11],[7,-7],[2,-11],[-8,-9],[-5,-27],[-13,-13],[-15,2],[-10,9],[-8,-3],[13,-14],[-10,-10],[-16,1],[-25,31],[-13,12],[-12,6]],[[2344,9408],[8,25],[16,-1],[-9,19],[6,4],[26,2],[34,-9],[16,-1],[16,3],[43,-3],[0,-23],[-37,-20],[-19,-24],[-17,-1],[-30,4],[-16,-2],[18,-18],[-3,-9],[-10,-9],[-12,-2],[-15,5],[-2,14],[-11,21],[-2,25]],[[1515,8017],[-5,-7],[-9,7],[2,12],[-6,8],[-13,3],[1,14],[-12,14],[-12,0],[-26,35],[-3,9],[17,2],[24,-15],[35,-11],[12,-20],[6,-17],[9,-16],[24,-19],[8,-30],[-4,-9],[-21,7],[-20,16],[6,17],[-13,0]],[[1313,8299],[18,-3],[2,-13],[-2,-23],[-14,-6],[-11,21],[-2,24],[9,0]],[[1899,9374],[-3,-23],[15,2],[17,10],[14,1],[-12,25],[19,-2],[23,-13],[6,-19],[12,-28],[8,-9],[13,8],[2,7],[-16,35],[-5,34],[3,10],[46,-11],[25,-19],[8,-13],[2,-18],[7,-16],[15,-23],[-6,-27],[2,-8],[21,-20],[20,-11],[19,-2],[26,-15],[13,-10],[4,-21],[-15,0],[-22,12],[-15,-10],[-16,-4],[2,-18],[14,2],[16,7],[11,-14],[0,-6],[-13,-10],[-25,-6],[-28,2],[-20,7],[-29,13],[-12,14],[-13,-2],[-5,-9],[-14,-14],[-31,-3],[-16,-11],[-34,-9],[-33,-3],[-25,2],[-17,-2],[-13,7],[2,23],[-11,8],[-39,2],[-16,3],[-21,10],[-9,13],[-16,14],[10,8],[20,1],[8,5],[29,2],[60,-1],[35,1],[5,4],[-37,18],[-24,5],[-71,2],[-40,-3],[-21,14],[0,5],[30,9],[13,-1],[34,7],[6,7],[-5,9],[-25,-2],[-20,-4],[-28,20],[-9,-2],[-9,14],[16,25],[33,22],[32,16],[17,4],[8,7],[14,2],[13,-6],[-8,-15],[0,-21],[20,4],[14,14],[11,1],[22,-6],[12,-7]],[[1539,9326],[-29,5],[-7,10],[20,16],[1,10],[-6,21],[13,4],[4,10],[14,14],[6,15],[-1,8],[-19,22],[-5,12],[21,1],[31,-2],[50,9],[47,-24],[11,-3],[26,5],[24,-2],[17,-10],[30,-21],[-3,-4],[-42,-15],[-36,-19],[-33,-33],[-19,-6],[1,-24],[-4,-13],[-8,-7],[-15,-3],[-15,1],[-7,-12],[-11,-8],[-25,3],[-17,31],[-14,9]],[[1807,9588],[16,1],[23,-19],[19,6],[8,-4],[20,-20],[13,-9],[23,0],[18,-2],[21,5],[1,8],[-7,14],[-28,19],[18,19],[21,7],[6,-5],[10,-17],[0,-11],[6,-17],[19,-4],[22,-10],[-4,12],[7,9],[19,-6],[11,-10],[-3,-24],[-4,-12],[-17,-10],[-31,-3],[-44,7],[-50,-23],[-37,-13],[-25,1],[-27,9],[-4,10],[33,8],[46,7],[6,14],[-46,4],[-19,-7],[-47,-8],[-21,9],[-17,-7],[-13,4],[-10,8],[11,14],[39,2],[12,4],[-28,11],[-4,17],[38,12]],[[1603,9571],[-10,7],[0,15],[30,10],[12,10],[20,10],[6,9],[14,6],[48,6],[21,0],[11,7],[13,2],[18,-11],[-20,-9],[-2,-6],[7,-20],[-21,-3],[-12,-17],[-12,1],[-11,25],[-13,3],[-18,-32],[-8,-4],[-12,-19],[-10,-1],[-24,19],[-11,-6],[-16,-2]],[[1860,9655],[-4,11],[5,7],[17,5],[11,-2],[36,3],[29,-4],[-27,-24],[-36,-3],[-31,7]],[[2132,9693],[-26,2],[-22,13],[2,10],[31,-6],[11,1],[-3,13],[-17,13],[-38,9],[1,10],[28,4],[30,-4],[22,-22],[24,-5],[28,-3],[22,-12],[21,-31],[2,-11],[-17,-8],[-22,6],[-12,16],[-7,5],[-39,2],[-19,-2]],[[3304,7872],[12,28],[10,-12],[-9,-32],[-11,-11],[-3,-11],[9,-6],[16,24],[10,-13],[-5,-13],[-14,-11],[-14,0],[-11,22],[1,16],[9,19]],[[3389,8012],[5,7],[-9,17],[7,28],[14,35],[19,34],[15,16],[16,5],[4,-7],[-14,-10],[4,-12],[-24,-57],[-2,-21],[6,4],[12,20],[14,-8],[-11,-18],[24,-22],[9,1],[4,11],[13,0],[18,-12],[-17,-25],[10,-18],[15,7],[3,-7],[-8,-14],[-13,-6],[8,-26],[7,13],[6,-5],[1,-18],[10,-6],[-10,-42],[-15,9],[0,17],[-8,-10],[-6,6],[7,26],[-9,14],[-10,-18],[-10,-9],[-13,-22],[-11,1],[-1,9],[15,11],[14,23],[-16,5],[-4,-12],[-7,3],[0,13],[-9,0],[-7,-13],[-13,-2],[-36,9],[-30,-6],[-4,17],[18,24],[15,13],[-15,6],[8,19],[11,3]],[[2580,8845],[2,12],[27,22],[-5,23],[6,33],[13,44],[14,-15],[-4,-14],[17,-11],[5,12],[18,-10],[19,-20],[27,-13],[8,-13],[-1,-24],[25,-1],[22,-15],[-15,-13],[-12,2],[-30,9],[-14,22],[-13,7],[-9,-8],[0,-18],[-16,-4],[-16,-20],[-14,-8],[-8,1],[1,23],[-5,9],[-42,-12]],[[2858,9093],[9,17],[8,7],[17,4],[21,-13],[-1,-31],[-17,-16],[-14,-3],[-22,5],[-5,19],[4,11]],[[3013,8834],[7,12],[-17,14],[-14,3],[-10,9],[-11,19],[-1,13],[-14,2],[-16,9],[-8,1],[3,-20],[-7,-2],[-21,9],[-14,-16],[-16,-3],[-34,10],[-10,6],[2,19],[5,9],[13,4],[1,18],[19,-2],[24,-8],[12,-16],[0,20],[20,3],[16,8],[16,-3],[2,7],[-14,22],[-10,9],[1,10],[7,2],[27,21],[4,14],[16,22],[-1,16],[-16,34],[-7,10],[-21,8],[-13,13],[-10,22],[-12,-11],[-10,1],[-28,-8],[-2,17],[28,4],[2,7],[-39,33],[-18,6],[-3,14],[-8,8],[-17,10],[-14,12],[-7,-4],[-31,13],[-5,-4],[12,-9],[36,-19],[6,-15],[-14,-7],[-17,2],[-24,14],[-9,1],[-3,-9],[8,-18],[-27,16],[-13,-7],[-18,8],[-11,-3],[-43,9],[-31,0],[-10,5],[-1,16],[-15,5],[-5,-9],[-23,-1],[-14,4],[-16,13],[-4,17],[11,1],[30,-4],[14,5],[-21,20],[-25,5],[-17,0],[-15,6],[5,25],[12,5],[1,6],[-13,10],[5,25],[15,24],[28,25],[33,11],[35,2],[11,-5],[-40,-39],[-5,-14],[2,-9],[16,-14],[-7,-18],[14,-23],[20,-16],[-17,-12],[-1,-8],[31,-3],[8,17],[-6,17],[-14,7],[-11,14],[13,15],[23,-1],[-15,12],[-18,8],[0,19],[11,8],[34,0],[-28,16],[10,8],[30,8],[21,9],[32,-6],[29,-37],[1,-4],[-16,-34],[0,-19],[13,-3],[13,8],[4,12],[17,1],[6,-4],[2,-19],[13,-2],[-2,22],[8,16],[13,6],[22,1],[26,-8],[15,2],[8,-3],[12,-16],[16,-14],[-22,-21],[-2,-6],[11,-8],[19,15],[12,-8],[11,-22],[21,27],[24,-7],[11,-9],[-17,-25],[15,2],[19,7],[0,-18],[10,-9],[17,8],[16,2],[18,-13],[-8,-10],[-23,-11],[-3,-7],[6,-7],[31,10],[9,10],[13,-7],[14,-22],[-27,-1],[-6,-4],[6,-10],[16,-2],[19,-10],[3,-8],[-27,1],[-21,7],[-4,-4],[15,-16],[-2,-5],[-20,-3],[3,-7],[46,-24],[8,-22],[9,6],[24,-9],[20,5],[20,-22],[5,-9],[-19,-6],[0,-11],[45,3],[-5,-14],[18,-5],[12,10],[24,-22],[-8,-17],[-10,-1],[-12,6],[-10,-5],[16,-16],[1,-7],[-14,-5],[-8,-14],[-15,18],[-4,-28],[5,-24],[-5,-2],[-18,12],[-7,18],[-12,-7],[-9,15],[4,18],[-19,5],[-33,32],[-10,1],[-13,-8],[-1,-6],[17,-22],[-12,-5],[-22,22],[15,-38],[14,-3],[14,-36],[7,-11],[11,7],[15,-17],[17,-10],[-8,-3],[1,-11],[23,-25],[1,-28],[-16,30],[-7,6],[1,-13],[13,-34],[0,-7],[-11,3],[11,-30],[-15,13],[-11,18],[-22,4],[-18,17],[-18,25],[3,-20],[-23,16],[-11,1],[12,-24],[10,-11],[23,-17],[16,-16],[10,-15],[11,-30],[-23,9],[-35,18],[-18,3],[-13,6],[-12,17],[-14,3],[-34,17],[-9,9],[3,8]],[[2500,9561],[11,-7],[15,-23],[8,-2],[3,10],[17,2],[11,4],[10,-2],[19,-13],[12,-2],[10,12],[17,8],[46,9],[56,-3],[21,-14],[29,-8],[7,-11],[-28,-14],[-2,-7],[6,-17],[-56,-4],[-16,8],[-4,17],[-15,2],[1,-19],[-27,-4],[-16,0],[-30,11],[-3,-11],[-33,-5],[-18,2],[-5,6],[-2,18],[-15,-3],[-9,-13],[-12,-5],[-38,20],[-8,-12],[-14,2],[-14,36],[7,13],[-3,17],[-23,25],[-1,9],[23,5],[31,1],[32,-3],[5,-12],[-5,-11],[-32,-12],[32,0]],[[2500,9909],[70,7],[22,-8],[10,12],[16,7],[22,3],[25,-6],[41,-3],[33,-8],[36,-7],[6,4],[-39,20],[-10,11],[3,7],[31,10],[48,8],[45,-8],[32,-20],[3,9],[-22,21],[6,6],[41,-7],[21,-2],[20,-12],[6,5],[-4,14],[40,-2],[21,-15],[7,0],[-4,19],[13,2],[80,-18],[24,2],[38,0],[41,-7],[23,-7],[21,-1],[17,-10],[-5,-9],[-16,-3],[-15,-9],[-23,-5],[-40,5],[-28,0],[-34,-8],[-7,-12],[9,-10],[23,0],[21,8],[10,-1],[8,-14],[-33,-9],[-41,-21],[-16,-6],[-27,-17],[-28,0],[8,-23],[-5,-5],[-29,-12],[-30,1],[-18,6],[-30,4],[-8,-8],[32,-18],[-8,-4],[-41,0],[-33,5],[-25,-1],[-1,-17],[29,2],[28,-8],[7,-4],[2,-17],[-17,-8],[-7,-19],[-19,1],[-5,-4],[14,-13],[-25,-6],[-32,6],[-5,-2],[4,-27],[-18,-11],[-44,5],[-18,6],[-13,-2],[-15,-13],[18,-4],[49,-6],[19,-5],[25,-1],[8,-8],[0,-10],[-11,-10],[-45,-10],[-27,-8],[-16,24],[-15,-1],[-18,8],[4,-17],[-37,3],[-24,21],[-5,-2],[7,-18],[-13,-8],[-62,5],[-26,14],[-3,-12],[-8,-4],[-23,9],[5,21],[19,3],[19,11],[15,-1],[6,4],[-13,11],[-13,16],[7,7],[38,-3],[11,-5],[14,-14],[17,-8],[34,-2],[10,4],[8,14],[-38,0],[-13,5],[-2,22],[3,4],[-46,8],[-12,-3],[3,19],[14,15],[14,4],[23,0],[32,-3],[42,-11],[20,5],[-42,21],[-22,8],[-45,33],[-5,-6],[-17,22],[4,10],[22,-3],[49,-1],[20,-10],[32,-20],[28,-2],[-17,15],[-25,8],[15,19],[18,9],[22,0],[19,6],[57,6],[-22,12],[-18,4],[-31,0],[-15,-7],[-35,-9],[-25,-3],[-19,11],[-10,-7],[-27,1],[-19,-10],[4,22],[12,7],[-8,12],[-17,4],[-17,0],[-53,-13],[-25,-17],[-12,9],[13,4],[-10,18],[-42,7],[-4,18],[34,8],[0,2]],[[2219,9549],[-14,1],[-43,-8],[-10,7],[0,9],[9,0],[14,8],[-5,16],[3,12],[17,-7],[30,-24],[4,9],[-16,16],[-5,9],[17,4],[32,-15],[8,15],[23,-11],[4,-20],[0,-16],[-14,-15],[5,-25],[-5,-4],[-21,3],[-28,-3],[-13,5],[-2,8],[16,17],[-6,9]],[[2311,9615],[2,6],[30,1],[20,-6],[20,-2],[11,-9],[-4,-20],[-53,7],[-12,13],[-14,10]],[[2268,9724],[29,1],[61,-22],[-4,-18],[-38,-7],[-23,5],[-13,13],[-15,20],[3,8]],[[2546,9800],[0,16],[5,3],[18,-13],[5,-8],[0,-26],[9,-11],[28,2],[7,-6],[-20,-9],[-20,-6],[-10,-9],[-7,-14],[-5,0],[-19,11],[-8,-9],[5,-17],[-10,-7],[-24,17],[0,-21],[-40,2],[-29,8],[-6,0],[-39,34],[-3,7],[25,6],[42,-2],[11,-3],[39,-3],[-51,18],[-38,6],[-31,-3],[-20,-5],[-21,19],[-18,12],[-4,9],[24,-3],[29,5],[-16,6],[-9,9],[14,11],[21,0],[2,6],[-23,20],[29,8],[14,-2],[9,5],[-7,13],[29,-5],[11,-6],[28,-29],[28,-6],[5,3],[11,-5],[10,-26],[20,-2]],[[5610,9780],[-45,1],[-32,-3],[-24,8],[10,12],[10,4],[24,27],[17,-18],[12,-2],[25,0],[9,-9],[11,8],[6,12],[11,8],[-2,-30],[10,0],[13,13],[13,7],[10,-3],[7,-13],[34,2],[19,-5],[7,-9],[-31,-22],[-21,-10],[-25,-5],[-17,-9],[-78,2],[-1,10],[19,7],[9,17]],[[5368,9781],[0,-18],[25,-7],[4,21],[14,5],[27,-33],[10,-6],[7,6],[-9,17],[-4,18],[11,10],[19,-7],[16,-1],[7,-4],[-3,-19],[8,-7],[15,11],[16,-18],[22,-8],[27,-17],[-16,-7],[-25,-6],[-9,-7],[-9,-30],[-11,-23],[-15,-3],[-10,-14],[-6,-25],[-17,-5],[-43,23],[-17,14],[8,10],[42,4],[12,10],[-8,7],[-43,-7],[-21,-1],[-6,14],[12,1],[44,14],[19,12],[-32,10],[-11,8],[-7,-4],[-13,-17],[-20,-9],[-16,5],[-27,20],[-9,10],[21,11],[-10,14],[-17,-8],[-6,2],[-11,20],[10,9],[20,4],[35,1]],[[5310,8587],[-10,2],[-11,23],[0,-14],[-7,-16],[-13,1],[-9,-12],[-33,-36],[-1,-4],[-33,-7],[-9,11],[-21,15],[-8,2],[-6,15],[7,14],[13,-10],[-9,17],[13,11],[-30,2],[-2,11],[8,12],[16,0],[-12,7],[8,7],[2,12],[-17,-2],[-5,8],[13,14],[-14,5],[1,18],[8,7],[-7,6],[1,35],[19,5],[-12,10],[18,19],[13,0],[2,15],[19,-6],[7,6],[-12,7],[-1,11],[25,2],[7,-6],[1,13],[10,15],[9,5],[7,-7],[7,12],[11,11],[6,21],[26,26],[10,-5],[1,12],[14,17],[6,12],[11,-1],[0,16],[-6,3],[11,27],[11,-2],[2,15],[12,3],[-12,16],[6,12],[17,1],[-7,13],[29,17],[-6,7],[11,11],[12,-3],[10,12],[-5,8],[14,13],[9,-10],[7,10],[-4,17],[15,0],[-5,13],[15,12],[4,12],[15,5],[6,17],[7,-7],[12,4],[16,-7],[16,32],[6,-2],[-5,-23],[10,12],[5,15],[11,2],[8,12],[14,-13],[11,24],[12,-2],[13,-14],[8,20],[9,11],[11,0],[10,15],[23,10],[12,-1],[-17,-19],[-4,-24],[5,-2],[9,15],[19,24],[9,7],[1,-30],[14,11],[11,23],[19,2],[3,-4],[-9,-13],[-3,-17],[11,-3],[3,12],[11,17],[6,-1],[21,-14],[20,-4],[9,-13],[-15,-11],[-43,1],[23,-18],[5,-8],[28,4],[9,-7]],[[5862,9196],[-11,-13],[-20,-3],[-34,-38]],[[5797,9142],[1,14],[11,24],[-1,7],[-33,23],[-39,-4],[-11,-10],[-10,-22],[-4,-26],[-23,-22],[-20,17],[-20,-6],[-25,5],[-23,31],[-10,-1],[-13,-17]],[[5577,9155],[-17,2],[-6,-40],[-3,-6],[-25,7],[-22,11],[-2,-22],[-5,-13],[-23,2],[-6,-4],[-18,-30],[2,-19],[-2,-9],[-33,-44],[-12,-1],[-2,-31],[-9,-28],[-13,-27],[9,-10],[3,-15],[-8,-10],[-21,0],[-15,-9],[-13,-26],[-5,-45],[8,-19],[-4,-30],[20,-22],[-6,-17],[-11,-4],[10,-30],[-3,-23],[-15,-10],[-8,-17],[3,-22],[-4,-19],[-5,0],[-6,12]],[[5797,9142],[-4,-20],[1,-13],[18,-11],[19,-23],[-25,-38],[17,-36],[10,-31],[-8,-23],[-3,-20],[21,-49],[1,-13],[-11,-16],[6,-9],[25,-19],[8,-19],[-1,-11],[-13,-28],[-18,-19],[-49,-61],[-2,-8]],[[5789,8675],[-26,-10],[-9,1],[-7,-7],[-11,5],[-5,-8],[-21,0],[-4,-7],[-26,-9],[-2,-7],[-13,4],[-21,-7],[-9,14],[3,9],[-17,-5],[-4,8],[-19,14],[-3,29],[3,27],[-9,23],[3,27],[-8,7],[4,17],[8,7],[5,17],[12,-5],[6,6],[7,30],[7,-8],[46,61],[13,10],[11,-1],[-5,16],[3,20],[-4,7],[-14,2],[-11,12],[-7,1]],[[5665,8975],[-8,28],[6,20],[-1,10],[-11,35],[1,24],[-16,20],[-20,6],[-13,7],[-26,30]],[[5665,8975],[-21,-7],[-16,15],[-12,-13],[-7,-16],[-12,-4],[-7,-9],[6,-11],[-15,-18],[12,-19],[-9,-9],[-10,-23],[-28,-25],[-10,3],[-7,-14],[-16,-13],[-5,-11],[-12,0],[2,-13],[-6,-12],[-12,5],[5,-20],[-3,-25],[-9,-7],[4,-49],[21,-5],[13,-24],[11,-4],[6,-23],[-28,-20],[-26,11],[-16,2],[-3,-8],[10,2],[17,-14],[25,3],[3,-8],[-17,-16],[-1,13],[-10,-21],[-8,-5],[-18,-1],[9,-19],[-1,-24],[-7,0],[5,-26],[-7,-21],[-1,-14],[-16,-46],[-8,8],[-8,-5],[-16,2],[-10,-12],[-4,-14],[4,-9],[-4,-9],[-9,4],[-14,-7],[-14,3],[5,18],[-16,33],[13,16],[-16,21],[-12,36],[-7,17],[5,22],[-16,7],[-1,44]],[[2969,994],[6,18],[11,0],[15,13],[-2,22],[-39,-9],[-26,-13],[-19,9],[-6,22],[17,13],[15,5],[39,4],[17,14],[-2,26],[10,14],[0,35],[-16,28],[12,12],[15,9],[19,5],[11,-9],[11,-22],[13,-36],[17,-31],[13,-36],[-7,-53],[-19,-14],[-19,-22],[-43,-4],[-43,0]],[[2151,1029],[39,18],[109,0],[37,-31],[-35,-18],[-47,9],[-64,9],[-39,13]],[[807,752],[15,7],[17,-4],[10,-12],[-25,0],[-17,9]],[[3467,522],[6,31],[30,27],[60,9],[20,22],[4,40],[17,18],[39,18],[86,0],[42,-18],[9,-49],[0,-31],[-26,-31],[-148,-27],[-139,-9]],[[443,613],[15,22],[26,9],[51,-13],[54,-36],[-11,-12],[-34,-5],[-54,13],[-47,22]],[[9715,379],[48,-10],[11,-1],[19,-13],[56,-3],[65,-8],[38,-9],[24,1],[23,-10],[0,-326],[-9999,0],[0,327],[44,-8],[126,0],[99,-13],[86,-4],[107,-23],[80,-13],[109,-4],[60,4],[82,4],[30,-8],[45,22],[204,-9],[58,0],[14,12],[-180,15],[-120,17],[-28,0],[-38,5],[-30,13],[-7,12],[2,37],[9,22],[23,18],[-40,18],[-28,9],[-12,13],[20,13],[-36,16],[-39,5],[-1,7],[36,8],[34,0],[81,-9],[43,0],[33,-9],[58,32],[30,17],[-35,27],[-47,22],[-55,11],[-33,16],[-41,4],[-36,0],[-37,23],[32,13],[16,9],[-16,13],[-36,-13],[-15,0],[-21,9],[-24,22],[4,31],[25,2],[20,7],[62,0],[58,-13],[41,-18],[17,-4],[56,22],[51,-6],[1,34],[-28,19],[-37,2],[-32,9],[30,18],[52,-5],[60,22],[109,27],[56,9],[49,13],[56,14],[35,-9],[70,0],[56,-7],[52,13],[98,-8],[95,17],[38,-4],[20,18],[19,-14],[67,5],[1,22],[22,8],[18,-8],[7,-15],[-5,-21],[30,-8],[17,6],[0,25],[18,7],[18,-7],[3,-27],[-13,-11],[7,-20],[38,9],[23,-9],[43,-5],[32,18],[48,-2],[60,-9],[30,0],[18,-3],[8,14],[-7,7],[-28,4],[17,7],[-5,17],[-26,-4],[-10,25],[-36,14],[-2,17],[51,-12],[48,6],[-15,13],[-76,4],[-9,2],[-9,13],[0,21],[29,-3],[11,-17],[66,5],[91,-19],[70,9],[111,-9],[12,14],[8,17],[15,0],[5,-26],[32,-9],[30,9],[11,-14],[42,-17],[73,-14],[13,14],[9,31],[34,4],[35,-31],[38,5],[43,-7],[52,9],[62,13],[107,36],[15,18],[0,35],[-17,31],[-11,40],[-15,18],[-4,27],[15,27],[21,8],[11,32],[-4,22],[-2,27],[-15,13],[4,40],[24,4],[30,36],[19,13],[11,23],[13,17],[36,32],[45,13],[30,31],[30,5],[28,26],[19,9],[5,-27],[-30,-22],[-15,-13],[-26,0],[-37,-31],[-12,-18],[-22,-36],[-2,-31],[-9,-18],[-17,9],[-13,0],[-15,-13],[-28,-36],[-8,-31],[15,-35],[17,-9],[19,0],[11,-14],[9,-31],[19,-40],[9,-22],[12,-18],[9,-36],[11,-35],[4,-40],[-15,-67],[-36,-49],[-15,-4],[-13,-23],[-22,-26],[-41,-9],[-62,-23],[-30,-8],[-36,-18],[-93,3],[-56,9],[-10,10],[-43,18],[-17,0],[-11,-14],[6,-22],[26,-18],[52,-31],[62,-1],[15,-20],[-41,-14],[-71,8],[-101,21],[-26,-6],[10,-18],[14,-14],[41,-5],[28,0],[17,-9],[-3,-10],[-38,-16],[-64,4],[-17,5],[-28,31],[-30,0],[2,-24],[32,-30],[13,-4],[15,4],[17,-9],[30,0],[63,14],[38,-18],[5,-11],[0,-16],[-26,-4],[-41,-5],[-33,5],[48,-22],[46,6],[48,-29],[86,-22],[108,-22],[133,-36],[81,-13],[26,-22],[9,-27],[38,9],[67,40],[81,18],[112,4],[122,9],[24,-9],[32,31],[105,27],[142,4],[111,23],[15,22],[-15,13],[-3,28],[-15,9],[-63,-1],[-28,-5],[-60,9],[-39,0],[0,31],[41,40],[49,32],[30,4],[52,27],[118,31],[67,22],[81,0],[62,14],[35,53],[75,40],[-15,13],[-32,-13],[-26,9],[19,27],[19,9],[31,6],[9,19],[48,19],[20,11],[8,15],[-22,23],[-1,15],[16,6],[5,-19],[13,2],[39,32],[10,-5],[15,-40],[30,9],[4,24],[12,21],[23,13],[17,-13],[-14,-15],[-2,-16],[40,8],[60,-6],[41,4],[13,-22],[19,9],[21,13],[164,49],[53,22],[26,0],[26,-35],[21,-9],[24,9],[19,22],[137,13],[54,-4],[84,-25],[32,0],[129,32],[64,17],[30,14],[28,9],[8,24],[14,22],[21,3],[12,-25],[16,-11],[22,-27],[12,-4],[13,17],[16,5],[3,-14],[-11,-8],[19,-13],[8,19],[4,-5],[-2,-23],[31,19],[6,45],[63,29],[18,18],[45,4],[17,17],[34,3],[1,15],[8,6],[16,-4],[2,-16],[8,-6],[43,20],[-16,14],[1,10],[19,2],[19,-5],[8,-7],[9,3],[-8,17],[0,15],[15,12],[53,22],[37,5],[38,-3],[29,-28],[25,-5],[1,-10],[-12,-2],[-2,-12],[83,-22],[70,-12],[19,-4],[21,4],[95,-18],[66,0],[9,-17],[2,-28],[-9,-32],[-8,-12],[-5,-29],[-10,-8],[-11,11],[-10,-11],[-9,-25],[18,-11],[8,-2],[12,16],[5,-10],[-11,-27],[-15,-2],[-21,-35],[0,-22],[23,-18],[37,0],[21,22],[24,40],[21,45],[17,17],[52,27],[28,18],[41,9],[25,26],[13,27],[73,45],[26,18],[26,4],[77,18],[47,-5],[15,14],[2,17],[7,20],[6,3],[10,-40],[37,9],[97,0],[62,4],[39,-9],[26,6],[17,-3],[13,-15],[14,20],[34,27],[24,6],[25,3],[19,-8],[15,4],[45,-18],[47,-9],[13,0],[13,-14],[9,-3],[27,3],[16,6],[17,12],[1,19],[29,6],[10,-2],[27,13],[27,-13],[13,-29],[34,5],[36,-25],[37,-13],[36,9],[52,6],[28,9],[30,0],[44,-8],[9,20],[27,4],[10,-29],[62,-9],[11,30],[24,15],[75,0],[9,7],[25,-3],[-5,37],[0,20],[16,10],[11,-33],[-8,-28],[10,-6],[35,-12],[65,-10],[69,-9],[29,-15],[16,-4],[17,5],[28,-12],[24,4],[9,-7],[-7,-20],[29,-12],[14,-13],[34,4],[5,-15],[12,-6],[61,-14],[-2,-14],[7,-6],[34,3],[40,-5],[-4,26],[9,2],[10,-11],[4,-18],[48,-21],[32,9],[50,-26],[20,-13],[21,-23],[20,0],[7,-5],[26,0],[11,-15],[13,-5],[2,7],[24,1],[18,-6],[75,-14],[9,-13],[21,-8],[38,-25],[5,9],[7,-5],[6,-18],[-24,-10],[0,-16],[6,2],[0,-18],[-5,1],[-13,-25],[-13,-10],[-2,-18],[-20,-2],[-17,6],[-49,-20],[-33,-20],[16,-29],[-24,-5],[-16,6],[-9,-5],[-1,-17],[-29,-4],[1,-13],[12,-17],[-2,-20],[-10,-14],[7,-12],[1,-20],[-10,-11],[8,-6],[19,-7],[7,-32],[16,5],[10,-23],[25,-8],[5,-9],[33,-14],[-51,0],[-35,-4],[-29,-14],[-23,2],[-30,-14],[-17,8],[-7,-11],[14,-13],[-6,-12],[-9,-5],[-14,-20],[-32,-16],[6,-10],[34,3],[10,-8],[2,-10],[12,-9],[4,-36],[39,-8],[36,-24],[46,-21],[65,-31],[30,-6],[-1,-6],[-21,-7],[-6,-7],[15,-2],[27,7],[25,-4]],[[5626,8011],[-13,-38]],[[5387,7987],[-6,17],[-7,3],[-15,23],[-11,9],[-3,9],[3,17],[-9,14]],[[5339,8079],[7,9],[14,4],[7,11],[38,21],[6,-6]],[[6890,6553],[-10,3],[-11,16],[-3,29],[-14,9],[-2,33],[-9,10],[-15,-11],[-37,-7],[-10,13],[-12,-4],[-6,-10],[-27,0],[-24,-7]],[[7057,7305],[-8,-32],[18,-18],[-10,-9],[4,-36],[-5,-28],[-7,-17],[5,-4],[0,-17],[7,0],[-6,-22],[4,-6],[-3,-22],[8,-8],[0,-14],[10,0],[2,-17],[8,1],[9,-10],[-3,-12],[-20,-17],[2,-19],[-3,-25],[-19,-39],[4,-10],[-12,-11],[-11,-44],[-6,-14],[-15,-13],[-14,-47],[-9,-7],[-9,0],[-11,-8],[-6,16],[-8,1],[-9,-23],[-12,-23],[-2,-31],[19,-7],[-4,-37],[5,-11],[11,0],[13,-59],[0,-16],[-13,-10],[-4,10],[-10,-5],[-2,-9],[-12,7],[-25,2],[1,-19],[-11,-1],[-8,-12]],[[7188,7155],[-6,-11],[1,-30],[23,-17],[-1,-11],[4,-18],[-16,-18],[-5,17],[-10,-6],[2,-18],[8,-15],[-1,-27],[4,-12],[6,8],[14,-29],[5,3],[13,-15],[-1,-9],[11,-5],[11,-15]],[[7449,6790],[10,6],[5,-6],[-1,-23],[3,-17]],[[7544,6777],[12,3],[14,13],[14,28],[17,17],[14,19],[11,10],[16,-13],[5,1],[17,22],[15,-29],[0,-10],[-6,-18],[30,-12]],[[7473,6439],[-1,-13],[-8,-1],[-5,21],[-5,-19],[-3,1],[-6,20],[-11,-21],[-20,-16],[-4,-9],[4,-26],[-8,-28],[-15,-23],[-20,-11],[-7,-10],[-24,-56],[-8,-15],[-8,-7],[-9,-21],[-28,-36],[-3,-26],[-13,-18],[-11,1],[-12,-36],[-6,7],[-12,-11],[-6,-27],[2,-74],[-2,-13],[6,-20],[-2,-28],[-13,-64],[-2,-16],[4,-63],[-1,-6],[-16,-3],[-8,-41],[6,-12],[-23,-16],[-5,-29],[-7,-14],[-11,-13],[-4,1],[-18,38],[-5,24],[-4,36],[-9,46],[-11,50],[-13,40],[-13,91],[-9,42],[-16,56],[-12,67],[-9,85],[-6,70],[-3,47],[10,36],[0,8],[-9,19],[-3,40],[1,16],[-11,-1],[-5,-16],[4,-16],[-4,-23],[-7,-9],[-24,-20],[-15,7],[-7,10],[-31,59],[-6,18],[17,-2],[13,6],[12,23],[-36,9],[-20,24],[-9,25]],[[7487,7262],[0,0]],[[7487,7262],[-4,-10],[11,-3],[0,-21],[-8,-6],[2,-26],[7,-1]],[[7495,7195],[-1,-41]],[[7494,7154],[-3,-9],[20,-46]],[[7511,7099],[70,-31]],[[7581,7068],[65,-16],[7,-39],[60,46],[34,-83],[1,-123],[-9,0],[2,-45],[-8,-5],[-5,8],[-6,-8]],[[8015,6282],[0,8],[17,28],[7,-1],[3,15],[10,-7],[4,8],[16,5],[7,-18],[-12,-28],[-5,-35],[-16,-12],[-7,-18],[-22,22],[-2,33]],[[8325,7876],[-2,-53],[6,-12],[-6,-22],[2,-8],[-6,-27],[10,-26],[20,19],[9,-15],[11,11],[13,-15],[-13,-88],[-9,-7],[-15,-53],[-22,-31],[-9,-73]],[[8314,7476],[-10,-32],[-12,-3],[-7,-10],[-6,15],[-9,-3],[-9,-35],[5,-18],[17,-14],[15,1],[3,-6],[-2,-29],[4,-22],[18,3],[16,26],[14,9],[21,-23],[13,2],[14,-4],[-4,-33],[-11,8],[-28,-16],[-9,-12],[0,-19],[-7,-4],[-4,12],[-6,-3],[2,-12],[-8,-22],[-18,-29],[-1,-20],[8,-6],[19,-26],[5,-14],[5,-32],[8,-17],[1,-29],[11,-12],[5,-16],[10,-13],[1,-12],[-10,-10],[6,-10],[4,-20],[-2,-13],[-15,-6],[-12,-14],[-18,-14],[14,-7],[11,11],[9,0],[6,-15],[11,-5],[-3,-12],[-9,-12],[8,-6],[-6,-27],[-2,-26],[-5,-15],[-4,8],[-14,-39],[-5,-24],[-13,-27],[-12,-7],[3,-18],[-2,-29],[-4,-14],[-7,-5],[-7,-34],[-13,-22],[-12,5],[-4,-8],[2,-21],[-13,-21],[-12,-8],[-15,-20],[-2,-17],[-13,-4],[-5,-11],[-11,7],[-13,-15],[-8,-2],[0,12],[-23,-11],[-7,16],[-2,-35],[-8,-10],[-6,4],[-4,-17],[-20,-6],[-5,6],[-9,-15],[-12,-1],[-15,-15],[-9,3],[-4,-23],[10,-25],[-14,-11],[-6,18],[-3,28],[5,25],[-8,7],[-11,-12],[-8,6],[-7,19],[-5,-17],[-14,-4]],[[7581,7068],[-70,31]],[[7494,7154],[1,41]],[[7487,7262],[47,3]],[[8243,8061],[20,-20],[10,3],[30,19],[10,9],[1,14],[-5,13],[20,51],[7,15],[17,15],[2,21],[-7,14],[-17,-1],[1,6],[20,28],[13,8],[61,11],[14,-6],[21,-17],[25,3],[9,-13],[9,-24],[14,-62],[12,-41],[11,-50],[6,-10],[22,-14],[19,-6],[33,-22],[2,-4],[10,-55],[3,-12],[37,3],[20,13],[31,14],[15,-2],[2,-30],[-15,-21],[-7,-41],[-15,-56],[-11,-29],[-6,-9],[-28,16],[-21,-26],[-1,-14],[4,-24],[1,-54],[-8,-19],[-17,-14]],[[8447,7480],[-30,-10],[-28,-24],[-15,-22],[-12,-7],[17,33],[-11,1],[-1,12],[24,46],[-10,22],[-9,7],[-11,0],[-21,-41],[-12,-6],[-14,-15]],[[8975,8209],[-5,-31],[0,-20],[3,-20],[8,-22],[8,-38],[11,-42],[14,-43],[-26,28],[-12,1],[-9,-8],[-6,-27],[-4,-43],[4,-26],[10,-29],[7,-5],[6,-17],[-4,-32],[-9,33],[-10,7],[-8,-8],[-12,-38],[-6,13],[-2,24],[8,30],[-5,23],[9,28],[-2,19],[-7,30],[5,8],[4,24],[1,54],[2,34],[-4,31],[-10,22],[-2,23],[6,24],[-1,37],[12,2],[13,14],[11,-28],[2,-32]],[[6152,7571],[5,21],[-1,19],[-6,38],[-8,14],[-25,14],[-36,54],[-23,16],[-6,13],[-12,-1],[-14,31],[20,7],[1,13],[8,25],[13,4],[-6,14],[-14,16],[18,7],[25,20],[-4,11],[-48,-11],[-6,-10],[-38,-13],[-12,-10],[-5,8],[-9,-21],[-23,0],[-7,-5],[33,-33],[1,-16],[7,-1],[15,7],[19,-3],[-7,-17],[-11,-4],[-14,3],[-9,-12],[-19,-6],[-10,-16],[-17,7],[5,19],[-5,18],[-11,8],[-14,3],[11,13],[21,15],[-3,12],[-28,-1],[-9,3],[-8,14],[8,10],[-7,16],[-5,-9],[-26,-8],[-21,-41],[-13,-6],[-3,-13],[3,-7]],[[5554,8320],[10,8],[-14,-2],[3,18],[29,-2],[6,8],[1,23],[-6,16],[-3,27],[2,29],[10,15],[0,18],[10,17],[24,8],[1,-6],[13,-14],[4,-16],[16,-7],[13,10],[3,7],[-3,33],[7,28],[-5,5],[-7,-11],[-11,7],[1,25],[-5,-5],[-5,11],[2,20],[17,3],[9,11],[11,5],[14,-5],[5,8],[25,-3],[38,-9],[9,9],[2,12],[5,-5],[5,9],[9,-3],[8,13],[19,-9],[10,4],[-12,18],[-20,-1],[-11,5],[-4,23]],[[5862,9196],[8,1],[20,13],[4,-14],[11,-12],[19,-5],[1,-16],[9,9],[50,-4],[50,-21],[12,-9],[28,-28],[34,-12],[25,-16],[5,-7],[1,-19],[6,-16],[-11,-21],[-24,-21],[-22,-9],[-32,-2],[-63,14],[-45,22],[-20,4],[-12,16],[-10,4],[-12,-3],[15,-20],[20,-20],[30,-18],[5,-11],[-3,-18],[-9,-5],[4,-17],[9,-25],[3,-18],[6,-4],[26,-6],[6,-16],[33,-9],[14,6],[3,16],[-4,10],[-18,0],[-7,6],[-12,20],[9,18],[6,0],[14,-13],[44,-19],[12,-2],[10,3],[9,-4],[4,16],[-13,24],[-4,16],[3,8],[39,22],[24,26],[29,-9],[21,-14],[10,35],[-4,27],[-15,10],[15,26],[-2,22],[-9,13],[5,10],[18,-6],[25,3],[8,-3],[22,-40],[-33,-3],[-10,-6],[-6,-13],[14,-12],[9,-15],[19,-7],[33,5],[4,5],[10,38],[15,6],[16,10],[36,18],[37,15],[12,8],[2,-12],[11,1],[8,19],[14,8],[10,-2],[-3,-26],[-10,-2],[-3,-10],[9,-5],[26,7],[5,-7],[11,21],[5,4],[24,5],[23,-7],[14,3],[12,12],[23,9],[16,-9],[-8,-12],[2,-6],[17,-5],[5,16],[16,1],[12,13],[1,10],[-17,27],[19,16],[34,-2],[46,-14],[26,-14],[14,-2],[34,-17],[45,-40],[8,1],[17,35],[-17,1],[-11,17],[0,17],[-9,7],[-25,4],[2,19],[13,16],[-4,27],[-14,2],[-3,8],[4,13],[28,18],[14,13],[14,26],[7,32],[8,11],[24,-6],[40,6],[22,-1],[7,-3],[4,-16],[-10,-30],[-17,-22],[-2,-9],[9,-9],[15,-26],[3,-21],[-10,-15],[4,-31],[-1,-34],[9,-25],[13,-7],[2,-7],[-6,-13],[-9,-30],[-26,-28],[-14,-12],[4,-14],[-20,-9],[-29,12],[-20,-4],[3,-8],[16,-13],[20,-5],[48,-4],[10,19],[17,8],[14,13],[8,23],[11,8],[10,16],[-2,24],[-7,15],[3,14],[11,6],[18,4],[22,0],[19,-18],[2,-20],[-4,-26],[15,-13],[16,-1],[11,4],[2,7],[-17,10],[-12,1],[0,10],[13,10],[-9,39],[-7,6],[-50,16],[-19,-7],[-28,4],[-7,35],[4,17],[13,30],[-16,33],[-13,18],[11,14],[15,3],[21,16],[5,22],[-2,17],[17,-5],[-1,-26],[-8,-16],[0,-26],[10,-14],[37,-8],[21,-2],[10,-11],[14,1],[-7,23],[-6,7],[-36,4],[-14,16],[3,8],[17,2],[20,-7],[9,4],[-1,19],[16,5],[16,1],[31,-16],[14,-13],[23,-12],[23,0],[9,5],[1,-9],[-18,-17],[-5,-45],[4,-4],[9,21],[8,6],[8,-14],[-1,-19],[18,12],[-1,8],[-14,34],[11,25],[-10,12],[-21,13],[-3,10],[-37,13],[-4,7],[0,25],[-11,18],[11,13],[29,3],[31,1],[45,7],[10,-9],[24,14],[18,3],[7,-5],[-12,-9],[-5,-10],[28,8],[15,17],[-4,12],[-16,11],[-4,8],[4,20],[64,40],[20,7],[46,3],[54,14],[31,17],[35,-1],[5,-5],[-5,-10],[32,-2],[32,11],[12,1],[21,-6],[9,5],[0,13],[6,9],[23,1],[16,9],[-8,14],[1,8],[15,12],[19,10],[28,10],[16,2],[31,-1],[10,-7],[1,-7],[-19,-10],[-8,-9],[6,-4],[23,3],[19,-4],[26,2],[-3,-10],[-14,-12],[-4,-8],[35,1],[3,-2],[13,14],[39,2],[49,-7],[18,-7],[15,-11],[6,-11],[20,2],[5,-13],[-17,-22],[14,-12],[-29,-23],[-27,-9],[-80,-52],[-10,-8],[-30,-9],[-30,-16],[-25,-29],[22,6],[12,12],[36,5],[60,17],[13,7],[-7,14],[10,13],[11,-5],[8,-10],[15,-7],[20,1],[14,7],[6,-2],[3,-21],[6,-11],[18,20],[21,1],[19,4],[29,-1],[50,-5],[-4,-20],[5,-8],[25,-4],[33,-8],[46,4],[18,-9],[17,25],[-3,17],[23,13],[16,-2],[25,-15],[56,0],[22,-16],[0,-10],[-33,-14],[-31,-19],[0,-8],[25,-2],[9,-4],[28,-22],[25,-33],[23,-21],[17,-8],[8,0],[9,11],[25,45],[11,9],[3,-13],[9,-8],[31,-11],[11,3],[24,12],[20,0],[15,-6],[24,-19],[15,16],[-1,6],[15,9],[14,-12],[16,0],[0,25],[3,23],[-14,-5],[-11,3],[10,10],[35,7],[20,16],[25,-6],[66,-13],[29,-1],[-22,-17],[23,1],[1,-13],[-22,-12],[-3,-8],[9,0],[18,6],[12,9],[20,21],[50,-2],[23,-8],[5,-8],[-28,-15],[28,-11],[27,-6],[22,-15],[4,-11],[14,-13],[35,4],[46,12],[28,3],[37,-4],[28,-6],[23,-16],[11,-19],[-5,-26],[6,-6],[28,-5],[0,-17],[5,-11],[9,4],[7,12],[15,10],[30,1],[19,7],[9,-1],[7,-11],[9,-3],[47,-2],[11,3],[17,13],[21,-24],[25,-16],[4,-10],[7,-4],[20,3],[20,9],[2,6],[-13,30],[-10,3],[11,24],[53,-6],[15,-5],[3,-8],[17,4],[55,1],[16,-4],[25,-10],[17,-3],[26,-13],[9,-2],[29,-17],[0,-229],[-27,-10],[-8,-10],[-20,-3],[-16,3],[-9,19],[-11,-9],[-11,0],[-10,7],[5,-13],[-7,-7],[16,-8],[8,9],[9,-3],[0,-12],[13,-13],[17,4],[7,-28],[-9,-14],[7,2],[18,-28],[-2,-12],[10,3],[-1,-17],[-14,-13],[-40,11],[-3,11],[-10,0],[-8,-17],[-38,-24],[-18,-4],[-17,-16],[-12,-1],[-16,-19],[-12,0],[-13,-24],[-21,-12],[-5,-11],[-20,-10],[-2,-15],[-11,-8],[-7,7],[-5,17],[-8,8],[-26,0],[-31,-10],[-30,-32],[-2,4],[7,33],[-12,0],[-10,-14],[-13,-8],[-2,-14],[-8,-4],[-13,24],[-10,-11],[-10,-4],[-10,-20],[6,-10],[-14,-19],[4,-4],[-19,-24],[-11,-22],[-1,-13],[12,-11],[17,1],[8,-8],[-14,-22],[-3,-8],[7,-25],[10,-2],[1,-27],[-4,-9],[-13,4],[5,19],[-11,-6],[-13,-22],[-10,-33],[4,-17],[10,-14],[-12,-19],[-25,2],[-7,-5],[-13,-16],[-7,-13],[0,-16],[6,-20],[-16,-6],[-24,-18],[-2,-35],[-14,-31],[-33,-41],[-10,55],[0,21],[-9,29],[-9,59],[0,15],[-6,49],[-1,21],[5,57],[2,6],[24,33],[9,24],[-3,12],[20,10],[23,16],[30,34],[7,19],[33,35],[19,22],[8,19],[16,11],[26,14],[14,31],[-7,5],[10,24],[2,22],[7,6],[28,4],[-6,8],[-26,6],[-31,-12],[0,-9],[-8,-24],[1,-9],[-14,-5],[-20,-19],[-25,-27],[-17,-7],[6,20],[-12,2],[-2,7],[12,32],[-5,6],[-21,-12],[-11,13],[-48,-8],[-19,-14],[0,-16],[-21,-19],[2,-13],[-16,-10],[-23,-23],[-11,-24],[0,-10],[7,-6],[16,-1],[4,-10],[-27,-10],[-22,5],[-18,-14],[-8,9],[-24,-14],[-9,6],[1,8],[22,7],[-9,17],[-11,5],[-28,-2],[-11,11],[-19,0],[-9,-6],[1,-11],[-9,-11],[-14,9],[-26,-4],[-19,6],[-7,-2],[-3,-16],[-12,3],[-3,17],[-71,-3],[-14,-8],[-12,-11],[-16,-26],[-21,-15],[-15,-34],[-32,-30],[-15,-18],[-31,-48],[-20,-22],[-34,-33],[-8,-10],[-3,-17],[6,-7],[17,-1],[22,2],[-4,-43],[11,0],[8,9],[9,-3],[-8,-18],[25,-2],[7,6],[5,14],[0,16],[27,0],[20,-16],[6,-16],[22,-28],[-8,-13],[7,-13],[-4,-19],[9,-9],[-15,-38],[-9,-36],[-2,-17],[4,-24],[-4,-43],[-7,-50],[-24,-39],[-7,-29],[-17,-25],[-10,-35],[-7,-16],[-34,-59],[-13,-33],[-17,-21],[-13,-30],[-11,-17],[-12,-13],[-33,-19],[-3,11],[-10,2],[-8,18],[-14,-10],[5,15],[-8,-4],[-6,-13],[-4,-23],[-22,-18]],[[6500,7336],[-4,39],[2,31],[3,19],[-11,24],[-13,5],[3,10],[14,-5],[-8,17],[5,11],[-20,-2],[-4,31],[6,33],[6,-16],[10,-1],[4,7],[2,-13],[11,4],[5,-3],[-1,13],[12,-1],[-2,15],[-16,20],[-5,36],[-7,2],[-19,-6],[-3,-15],[0,-23],[-7,9],[-5,31],[9,33],[-7,11],[-14,0],[-9,20],[-9,-1],[1,13],[-8,19],[-6,28],[-16,5],[-1,16],[15,3],[12,-8],[7,4],[-13,19],[7,10],[4,18],[31,2],[18,-4],[-12,10],[0,8],[9,18],[3,21],[-4,10],[4,10],[-2,11],[-18,7],[-11,-8],[-10,9],[-12,5],[-20,-10],[-19,-21],[-12,-1],[-13,-23],[-6,-3],[-15,-18],[-12,-5],[-5,4],[-4,-17],[-10,-34],[-9,-11],[0,-13],[13,-15],[7,-20],[0,-48],[6,-9],[17,-44],[3,-9],[10,-14],[10,-23],[3,-19],[13,-22],[11,-1],[7,-17],[-12,5],[-13,-10],[-8,-67],[-4,10],[-8,-51]],[[0,9042],[0,112],[31,-15],[21,-16],[12,-5],[47,-25],[14,-11],[9,-20],[5,-20],[-3,-12],[13,-20],[12,-7],[3,14],[-8,10],[1,21],[13,5],[12,-7],[17,-4],[13,3],[11,-4],[21,-20],[38,-33],[-21,1],[-10,-21],[-20,12],[13,-19],[-27,2],[-24,12],[14,-17],[3,-28],[-20,-3],[-3,-4],[7,-23],[-2,-7],[-18,0],[-15,5],[-3,9],[-22,13],[-3,-7],[-19,16],[-5,26],[-11,9],[-16,1],[-11,-6],[-17,-2],[-15,3],[-1,17],[-8,12],[-11,-3],[-17,-42],[0,98]],[[6520,9404],[30,3],[19,-7],[-7,-19],[-12,-6],[-8,-15],[0,-22],[5,-27],[18,-29],[25,-18],[-1,-7],[-32,2],[-11,-1],[-19,-11],[-8,13],[-27,1],[-1,9],[17,10],[0,6],[-30,18],[-19,4],[-12,-7],[-8,1],[-8,10],[-2,11],[8,14],[17,-3],[20,25],[3,9],[-16,7],[25,22],[17,1],[17,6]],[[6527,9420],[-9,-3],[-18,15],[24,19],[28,2],[1,9],[-9,9],[10,11],[19,5],[-10,10],[20,24],[20,1],[12,13],[24,16],[28,7],[16,-2],[9,4],[10,16],[15,3],[21,-7],[30,9],[63,11],[14,18],[56,6],[11,-9],[2,-10],[-10,-12],[-24,-13],[-32,-11],[-54,-12],[-54,-15],[-23,-9],[-26,-6],[-12,-5],[-4,-7],[8,-6],[-17,-15],[-32,1],[-7,-11],[8,-6],[-19,-18],[-15,6],[-7,-8],[11,-7],[1,-8],[-14,-17],[-10,-8],[-34,13],[-21,-3]],[[9059,7688],[0,0]],[[9079,7711],[0,0]],[[9065,7743],[4,-3],[-12,-7],[-8,-18],[-11,-6],[10,13],[9,24],[8,-3]],[[9125,7793],[-16,-16],[-9,-2],[-11,-24],[-11,-8],[9,16],[-1,6],[21,25],[12,2],[11,15],[4,-10],[-9,-4]],[[9153,7810],[4,16],[18,20],[5,-1],[-27,-35]],[[9190,7859],[0,0]],[[9187,7875],[0,0]],[[9233,7914],[0,0]],[[9251,7938],[0,0]],[[9254,7957],[0,0]],[[9281,8002],[0,0]],[[9277,8005],[0,0]],[[9293,8013],[0,0]],[[9298,8040],[4,3],[-5,-21],[1,18]],[[9289,8055],[0,0]],[[9226,7895],[0,0]],[[9318,8072],[-7,-4],[1,14],[10,4],[8,19],[6,3],[1,-13],[-10,-19],[-9,-4]],[[9337,8107],[9,6],[-2,-12],[-7,6]],[[9317,8116],[0,0]],[[5289,8312],[17,1],[-1,-12],[-8,-8],[19,-6],[5,10],[13,4],[17,13],[8,1],[14,-18],[6,3],[3,-18],[14,-9]],[[5339,8079],[-11,18],[-10,-5],[-8,3],[-2,-19],[-10,9],[-5,-9],[-11,17]],[[5282,8093],[-7,-1],[-1,17]],[[5274,8109],[4,27],[-5,6]],[[5273,8142],[0,16],[9,9],[8,-3],[0,41],[4,4],[3,28],[-5,7],[0,14],[11,4],[-15,16],[1,34]],[[5392,8285],[-8,0],[-2,13],[8,-8]],[[5178,8039],[17,3],[5,-5],[3,-19]],[[5203,8018],[0,0]],[[5203,8018],[-15,-1],[-10,16]],[[5537,7595],[-6,5],[-6,16],[-11,8],[-26,31],[-17,25],[-17,11],[-8,-5],[-5,13],[-13,16],[-8,18],[11,-1],[-15,18],[-1,22],[-16,23]],[[5399,7795],[-3,33],[2,17],[-6,14]],[[5244,7430],[-12,19],[4,37],[-2,29],[-7,12],[1,11],[15,0],[15,19],[14,-36],[-5,-27],[2,-23],[-6,-32],[-12,5],[-7,-14]],[[5415,7301],[-9,2],[-12,16],[-33,27],[-11,3],[-5,11],[10,20],[7,-3],[8,9],[13,-15],[27,6],[17,8],[2,-5],[-8,-25],[-2,-23],[5,-13],[-9,-18]],[[5399,7795],[-5,-22],[-9,-10],[-6,17],[-4,23],[8,6],[-4,9],[-6,-5],[-8,6],[-2,-9],[-18,-11],[-7,-10],[9,-19],[-7,-12],[2,-22],[10,-21],[25,-23],[14,-53],[12,-22],[11,-15],[15,-6],[15,2],[5,-9],[-9,-14],[4,-5],[26,-18],[30,-29],[14,-29],[-4,-20],[-10,12],[-5,17],[-12,2],[-5,12],[-8,-1],[-9,-22],[-2,-23],[17,-16],[-2,-29],[-8,1],[-8,-12],[2,-15],[-7,-8],[-8,-23],[-11,5],[0,13],[8,18],[-3,4],[11,9],[-6,38],[-9,38],[-7,-6],[-15,15],[2,17],[-6,9],[-11,-6],[1,15],[-9,-5],[-7,24],[-23,11],[-9,9],[-32,49],[-11,9],[-10,18],[-7,22],[-6,27],[-10,23],[-28,19],[-7,-1],[-19,-26],[-12,-6]],[[5209,7711],[1,20],[-10,-2],[-10,10],[-2,12],[4,18],[-12,14],[8,2],[9,16],[-12,22],[8,8]],[[5231,8084],[-9,15],[-53,-28]],[[5169,8071],[0,0]],[[5198,8247],[-5,9],[6,16],[22,2],[6,-18],[0,12],[9,-5],[1,21],[16,-1],[-7,4],[2,9],[-11,15],[11,8],[-10,20],[1,7]],[[5263,8349],[14,-20],[-4,-10],[16,-7]],[[5273,8142],[-5,-16],[-37,-42]],[[5270,7927],[-6,36],[-24,22],[-6,21],[-3,78]],[[5274,8109],[1,-17],[7,1]],[[5170,8064],[-1,7]],[[5268,7924],[-13,7]],[[5253,7931],[-4,0]],[[5208,7927],[1,33],[5,25],[12,21],[-19,7],[-1,5]],[[5206,8018],[-3,0]],[[3286,6165],[0,0]],[[3285,6199],[0,0]],[[5209,7711],[-28,-41],[-20,-7],[-11,4],[-10,13],[-18,1],[-9,9],[-17,-11],[-11,-21],[-2,-10],[2,-23]],[[5053,7630],[-6,3]],[[5047,7633],[-6,8]],[[5041,7641],[-1,-2]],[[4946,7679],[10,13],[7,59],[1,33],[3,21],[9,-10],[-11,21],[5,19],[-5,17],[-13,8],[-12,23],[4,11],[-16,17],[3,9],[-10,0],[-31,24],[-12,-4],[-9,13],[11,2],[-8,9],[7,8],[-12,-2],[0,11],[21,11],[11,-3],[2,7],[13,4],[8,-17],[12,5],[4,-4],[21,5],[-3,5],[0,26],[-9,17],[-1,11],[19,-1],[2,-21],[4,4],[22,-6],[16,9],[-7,3],[3,10],[9,9],[21,10],[8,13],[1,34],[12,11],[14,5]],[[5203,8018],[3,0]],[[5208,7927],[-3,-10],[-11,3],[2,-9],[-18,-23],[1,-9],[-10,-12],[2,-21]],[[5176,7854],[10,4],[7,-27]],[[5197,7921],[0,0]],[[5171,7849],[0,0]],[[5173,7855],[0,0]],[[5174,7857],[0,0]],[[5177,7861],[0,0]],[[5181,7864],[0,0]],[[5182,7863],[0,0]],[[5183,7864],[0,0]],[[5185,7863],[1,-1]],[[5189,7861],[0,0]],[[5190,7860],[0,0]],[[5191,7860],[0,0]],[[5191,7860],[1,-2]],[[5190,7857],[0,0]],[[5239,7588],[3,9],[-6,15],[3,20],[11,12],[11,6],[1,-43],[-8,-41],[-12,13],[-3,9]],[[5047,7633],[0,0]],[[5040,7639],[1,2]],[[3346,5936],[-3,16],[6,-9],[-3,-7]],[[3295,6060],[-3,24],[5,-2],[-2,-22]],[[3284,5876],[0,0]],[[3289,5893],[0,0]],[[3293,5902],[0,0]],[[3309,6014],[-5,4],[-5,20],[5,1],[6,-15],[-1,-10]],[[3273,6145],[0,0]],[[3245,6231],[0,0]],[[3262,6169],[0,0]],[[3258,6183],[0,0]],[[3306,5974],[-3,11],[4,12],[-1,-23]],[[3294,5910],[0,0]],[[3296,5915],[0,0]],[[3299,5933],[0,0]],[[3300,5941],[0,0]],[[3201,6208],[0,0]],[[3203,6240],[0,0]],[[3199,6239],[0,0]],[[3298,6099],[0,0]],[[3304,6124],[0,0]],[[3296,6125],[-7,-7],[-3,-15],[-3,17],[6,2],[4,14],[3,-11]],[[3255,6215],[0,0]],[[3105,5888],[0,0]],[[3084,5887],[0,0]],[[3251,6190],[0,0]],[[3249,6225],[-3,0]],[[3246,6225],[3,0]],[[3249,6225],[-3,0]],[[7975,5887],[12,-100]],[[7987,5787],[-8,-6],[-14,16],[-1,-33],[-7,-29],[-7,0],[-8,-21],[-12,-9],[-8,-22],[-13,-9],[2,56],[4,29],[-6,12],[-10,8]],[[7939,6320],[-8,-50],[23,-48],[2,-27],[19,-34],[19,-39],[8,-1],[4,-10],[7,-42],[8,-15],[8,-53],[7,-73],[-7,-24],[0,-49],[-10,-29],[-15,-10],[-17,-29]],[[6328,5640],[19,30],[71,196]],[[6418,5866],[5,-10],[-5,-24],[2,-31],[-7,-25],[-1,-39],[-2,-13],[-16,-59],[-10,-20],[-1,-17],[-21,-74],[-3,-24],[-13,-46],[-26,-70],[-33,-76],[-23,-40],[-27,-29],[-23,-38],[-36,-76],[-23,-62],[0,-17]],[[6202,5845],[2,-1],[25,-61],[21,3],[25,22],[14,-9],[7,2],[20,26],[17,-2],[15,12],[21,-5],[21,14],[18,27],[10,-7]],[[5487,6872],[0,17],[23,53]],[[5510,6942],[15,-18],[11,3],[18,27],[4,14],[-5,37],[4,25],[8,15],[19,19],[17,11],[25,-6],[13,-13],[4,-20],[15,-4],[9,-8],[22,-2],[8,-22]],[[5318,7094],[30,-24],[18,3],[27,-6],[7,-12],[16,-6],[7,-11],[3,-21],[14,-30],[26,-9],[25,-14],[19,-22]],[[5274,5303],[-2,18],[3,26],[-4,32],[-5,17],[5,10],[-5,11]],[[3024,6419],[0,0]],[[2987,6430],[0,0]],[[3014,6432],[0,0]],[[3009,6442],[0,0]],[[2992,6437],[0,0]],[[3003,6443],[0,0]],[[2971,6402],[-3,-9],[-14,-4],[3,16],[14,-3]],[[2974,6422],[0,0]],[[2977,6474],[0,0]],[[2955,6485],[0,0]],[[2959,6486],[0,0]],[[2934,6483],[0,0]],[[2948,6493],[-1,-13],[-4,8],[5,5]],[[2942,6490],[0,0]],[[2952,6513],[0,0]],[[2901,6534],[0,0]],[[2916,6515],[0,0]],[[2895,6538],[0,0]],[[2922,6549],[0,0]],[[2878,6571],[0,0]],[[2931,6564],[0,0]],[[2835,6576],[0,0]],[[2835,6580],[0,0]],[[2876,6579],[0,0]],[[2840,6569],[6,5],[-1,-21],[-7,7],[2,9]],[[2842,6586],[0,0]],[[2908,6579],[-6,-3],[1,12],[5,-9]],[[2849,6625],[0,0]],[[2828,6636],[6,-3],[7,-37],[-8,-13],[-12,20],[7,-1],[0,34]],[[2874,6648],[0,0]],[[2838,6665],[0,0]],[[2845,6698],[0,0]],[[2835,6725],[-3,-5],[-20,-9],[7,13],[16,1]],[[2840,6735],[7,-3],[13,-21],[-5,-35],[-5,8],[5,7],[2,21],[-11,19],[-6,4]],[[2938,7518],[0,0]],[[7959,5002],[-15,16],[-6,29],[-6,10],[-11,6],[7,23],[6,-14],[6,19],[5,-34],[8,-21],[9,-8],[-5,-12],[2,-14]],[[8914,4650],[-18,36],[-9,24],[-5,1],[-24,-6],[7,34],[-15,34],[11,7],[-13,21],[-20,71],[-13,17],[-48,31],[-7,2],[-17,14],[0,16],[-11,-2],[-10,7],[-5,10],[-3,34],[-5,-13],[-4,-33],[-13,-16],[-6,21],[5,12],[-4,17],[-16,20],[-5,13],[20,-7],[11,20],[6,-9],[12,2],[2,27],[-15,-8],[-30,2],[-7,14],[-4,26],[-21,7],[3,7],[1,22],[17,12],[12,17],[9,-2],[19,-17],[18,-9],[6,-28],[-4,-29],[8,-49],[5,-8],[3,16],[6,-34],[13,-13],[14,16],[14,48],[23,10],[1,15],[16,20],[4,1],[49,-44],[35,-24]],[[8823,4697],[15,45],[10,9],[9,-15],[-5,-21],[-11,-23],[-18,5]],[[8598,4990],[-2,-13],[-13,11],[-3,9],[-15,-17],[-9,28],[3,5],[21,-1],[7,-8],[16,9],[17,-9],[10,-20],[2,-23],[-13,12],[-15,20],[-6,-3]],[[8519,4998],[11,-16],[0,-12],[-13,-9],[-14,14],[-1,19],[17,4]],[[8380,4666],[-12,5],[-9,-8],[-11,7],[-17,0],[-3,21],[20,10],[24,-19],[4,8],[11,2],[6,-5],[19,28],[2,-13],[-6,-13],[-28,-23]],[[8276,4714],[5,-10],[20,-8],[3,-23],[-19,-3],[-2,11],[-10,-12],[-24,-13],[-9,7],[0,20],[8,10],[15,-5],[9,-11],[7,12],[-10,9],[-1,10],[8,6]],[[8196,4710],[12,-13],[-12,-18],[-16,19],[-1,7],[17,5]],[[7871,5133],[10,-13],[10,-1],[5,-13],[2,-30],[6,-15],[7,-1],[-6,-24],[2,-5],[9,11],[12,-7],[5,-18],[9,-18],[-6,-51],[2,-36],[0,-36],[-4,-33],[-13,22],[-4,-19],[-13,16],[-3,-2],[5,-20],[-2,-5],[-29,61],[-30,48],[-9,33],[-13,16],[-9,18],[-14,39],[-5,40],[-19,66],[-7,20],[-17,21],[-11,66],[-3,20],[-17,23],[-11,8],[-2,28],[-7,23],[-15,33],[-9,-3],[-23,51],[-7,24],[-4,26],[8,9],[8,-6],[12,-18],[16,-5],[17,7],[16,-38],[6,-8],[-1,-18],[14,-24],[34,-43],[0,-20],[7,-1],[10,-25],[11,-13],[-1,17],[6,-6],[12,-30],[11,-7],[7,-28],[10,-19],[21,-9],[13,-26],[-1,-7],[-12,-32],[4,-13]],[[8539,5249],[4,23],[6,22],[5,-19],[-8,-37],[3,-12],[7,14],[2,14],[12,14],[2,-25],[-12,-22],[13,-12],[1,-13],[-18,10],[-5,-16],[2,-24],[12,-35],[-2,-6],[-12,23],[-6,19],[-1,21],[-5,27],[2,15],[-2,19]],[[7934,4809],[8,28],[16,-5],[3,-11],[7,2],[2,14],[11,-7],[12,-17],[11,5],[8,-19],[3,-13],[41,-7],[10,5],[2,17],[9,7],[7,-18],[34,-10],[7,-14],[-1,-12],[5,-14],[11,-9],[14,-2],[10,5],[9,-12],[-5,-23],[7,-21],[-35,26],[-18,-9],[-46,10],[-20,19],[-28,16],[-12,1],[-12,-9],[-12,4],[-10,13],[-25,3],[-4,4],[6,16],[-18,13],[-20,4],[-1,5],[13,1],[1,14]],[[8443,4635],[18,17],[8,11],[5,16],[5,4],[20,3],[29,10],[3,-7],[-8,-12],[-46,-34],[-7,-9],[-22,-37],[-19,-9],[5,35],[9,12]],[[8316,4616],[-14,11],[6,9],[19,4],[18,-27],[4,-10],[-5,-15],[-6,0],[-22,28]],[[8265,5414],[3,-20],[-17,-8],[8,-27],[13,-41],[-3,-24],[6,-18],[16,-24],[7,-20],[-15,-4],[-10,6],[-9,-14],[-6,-44],[3,-27],[-2,-22],[-9,4],[-13,-25],[-5,-17],[-9,-16],[5,-10],[3,-18],[-8,-1],[5,-15],[-12,-48],[-7,-16],[-27,-28],[-6,40],[-7,14],[-14,-15],[-4,14],[-9,8],[-10,15],[-6,-26],[-9,2],[-14,-15],[0,23],[-4,26],[-4,-10],[-18,-11],[-4,10],[-15,-5],[-1,34],[-4,49],[-4,19],[-17,25],[7,10],[-10,17],[2,19],[-8,24],[-1,27],[4,26],[9,36],[6,-4]],[[8324,5185],[6,31],[9,14],[5,-9],[10,29],[14,-2],[9,-14],[16,0],[15,-11],[8,6],[23,-2],[17,13],[0,14],[11,24],[4,1],[0,-20],[-4,-14],[-17,-43],[-21,-9],[-14,13],[-14,2],[-59,-3],[-6,-10],[-7,-37],[4,-26],[11,-15],[3,-16],[15,-6],[11,32],[15,-7],[21,14],[6,9],[8,-11],[-1,-19],[-13,8],[-15,-32],[-13,-11],[-4,-9],[-9,4],[0,-10],[17,-31],[10,-33],[-3,-26],[1,-10],[13,-25],[0,-14],[-14,0],[-5,-7],[-2,-18],[-14,10],[3,31],[-17,30],[-2,14],[5,25],[-2,13],[-9,1],[-12,-16],[3,-33],[-4,-43],[5,-23],[-5,-25],[3,-20],[-21,-13],[-5,22],[4,21],[2,50],[-1,22],[-7,14],[-12,-6],[-3,44],[14,42],[2,13],[-2,30],[6,30],[5,2],[0,22],[3,29]],[[2992,7553],[-9,-11],[21,8],[-19,-14],[-41,-14],[3,12],[9,8],[26,3],[10,8]],[[651,6393],[12,-11],[-10,-11],[-9,20],[7,2]],[[599,6420],[7,14],[9,-23],[-12,-1],[-4,10]],[[323,8269],[11,-3],[3,-10],[-14,-5],[-5,8],[5,10]],[[375,8280],[-12,-16],[-6,28],[10,3],[11,-8],[-3,-7]],[[666,6348],[3,5],[19,-22],[9,-20],[-6,-13],[-10,-5],[-8,-17],[-7,9],[-4,40],[6,11],[-2,12]],[[2510,7948],[-23,-16],[-19,-19],[-27,-36],[7,-2],[21,11],[9,0],[-3,-17],[5,5],[12,-4],[16,12],[11,3],[28,30],[12,3],[-15,-24],[-2,-13],[7,6],[16,-6],[11,-17],[14,-4],[21,13],[28,2],[-1,-9],[8,-5]],[[2671,7843],[-4,-12],[-18,5],[0,-16],[33,-28],[5,-14],[-4,-41],[-11,-18],[-3,-12],[5,-10],[10,17],[12,8],[5,-5],[8,-44],[5,-10]],[[2693,7605],[-10,-9],[-1,-9],[24,-17],[21,5],[22,19],[13,8],[28,24],[16,18],[-2,9]],[[2801,7674],[18,8],[18,0],[9,-8],[17,1],[21,22],[-3,13],[6,10],[-8,3],[6,15]],[[3133,7791],[7,-21],[-6,-10],[-16,-3],[-9,-14],[-2,9],[-9,-8],[-1,-8],[-9,6],[1,13],[-13,-36],[-4,5],[-3,-11],[-9,-8],[-3,9],[-8,-6],[1,-10],[-10,-13],[-9,-31],[8,-9],[-13,-21],[8,-3],[13,-31],[9,6],[1,-8],[-20,-8],[0,10],[-14,-13],[2,17],[-8,0],[-2,-23],[-39,-8],[-15,-9],[-25,-29],[10,-11],[-6,-39],[-7,-20],[-13,-25],[-2,16],[-5,-1],[-14,25],[11,-46],[4,-2],[1,-20],[-11,-29],[-12,-41],[-4,3],[4,22],[6,11],[-18,36],[8,8],[-7,8],[-1,10],[7,12],[-6,1],[9,25],[-12,-21],[-4,-28],[6,-39],[-13,10],[-13,17],[-2,-5],[10,-14],[21,-18],[-6,-14],[-13,21],[9,-21],[8,-4],[-3,-10],[3,-23],[-10,12],[-9,1],[13,-15],[14,-5],[-1,-21],[6,-25],[-11,13],[3,-9],[-18,-12],[19,3],[1,-20],[3,16],[5,-6],[-11,-28],[-20,7],[10,-10],[-5,-14],[-8,-4],[18,-3],[-9,-12],[-18,-6],[-19,-42],[-18,-7],[-16,-20],[-4,-20],[-11,-18],[-14,-15],[-10,-3],[-16,-49],[-9,-53],[2,-37],[11,-47],[12,-40],[4,-46],[10,-49],[1,-21],[-4,-47],[-4,-11],[1,-17],[-22,-7],[-1,14],[-7,28],[-10,4],[-4,30],[-5,6],[-2,18],[-5,-2],[-12,40],[8,11],[-1,12],[-6,-10],[-3,5],[5,62],[-4,11],[-9,8],[-21,46],[-12,3],[-13,-17],[-15,-8],[-5,22],[-6,9],[-10,2],[-9,14],[-19,-7],[-9,5],[0,-8],[-10,-2],[-8,24],[-3,-21],[-5,4],[-25,1],[-13,-13],[-8,12],[0,-20],[9,3],[8,-13],[-9,-9],[4,-16],[7,-4],[8,-14],[-13,-2],[-4,11],[-10,7],[0,-17],[-35,12],[-5,13],[-14,17],[-8,-2],[7,-10],[-4,-5],[-15,2],[-22,11],[-19,-4],[-8,-9],[-10,1],[-2,13],[-6,-6],[6,-19],[-21,-32],[-17,-9],[-14,4],[4,-16],[-7,-16],[-20,-14],[8,-13],[-10,-26],[0,-22],[5,-36],[5,-24]],[[1745,7058],[-5,13],[0,17],[-4,16],[-14,24],[-14,7],[-3,14],[-7,-2],[-12,9],[-9,15],[-25,1],[-5,7],[1,33],[-8,5],[1,11],[-13,18],[-5,16],[-10,16],[-2,19],[4,4],[-2,15],[-9,4],[-7,13],[-2,27],[13,-13],[-12,36],[0,-16],[-13,14],[-6,23],[-16,29],[-3,22],[2,11],[-6,22],[-9,20],[0,24],[5,25],[1,23],[-3,20],[-8,39],[-2,23],[9,19],[5,19],[-6,23],[7,56],[3,42],[-2,30],[-3,3],[0,34],[-4,30],[-12,38],[2,16],[24,-11],[15,0],[12,-10],[0,-11],[-10,-20],[12,-13],[7,20],[4,27],[-7,44],[-8,13]],[[2564,7605],[9,-22],[9,3],[10,11],[11,32],[1,32],[-6,29],[-1,29],[8,41],[19,29],[-3,-18],[6,0],[1,17],[12,12],[-4,8],[9,16],[-5,8],[-12,7],[-25,-10],[-11,-14],[2,12],[-9,-11],[-1,10],[-20,-51],[-5,-5],[-4,-17],[15,17],[4,-4],[-5,-34],[-4,-13],[-7,-47],[3,-20],[-1,-24],[4,-23]],[[1298,8424],[18,-19],[-2,-15],[4,-11],[10,-10],[0,-25],[-23,30],[-7,14],[0,13],[-7,21],[7,2]],[[1236,8487],[2,6],[12,-6],[6,-31],[-5,-20],[-15,51]],[[429,8314],[-13,12],[13,17],[23,13],[10,-8],[4,-10],[-10,-7],[-14,2],[-13,-19]],[[478,8352],[-5,-2],[-8,13],[5,5],[8,-7],[0,-9]],[[505,8398],[14,5],[27,-12],[-1,-6],[-20,0],[-13,-5],[-18,-20],[-9,1],[-1,14],[10,6],[11,17]],[[221,8848],[8,9],[15,-6],[20,2],[32,-17],[6,-9],[-15,0],[-7,-9],[-29,22],[-21,0],[-9,8]],[[718,8467],[-12,9],[0,13],[11,15],[13,-11],[8,12],[1,9],[20,-2],[8,-14],[-22,-7],[-9,-20],[-10,-6],[-8,2]],[[1227,8494],[-21,26],[8,16],[7,2],[10,-10],[10,3],[5,-29],[-19,9],[0,-17]],[[1389,8369],[-2,-10],[-13,-11],[-7,9],[2,23],[-13,32],[-16,-1],[-14,-9],[-1,16],[5,12],[-21,39],[-15,12],[2,9],[-8,20],[4,6],[-10,9],[-8,14],[-19,19],[-9,35],[-9,10],[-1,-21],[6,-35],[-13,6],[-11,25],[-7,-4],[-15,6],[16,-19],[0,-5],[-20,-5],[-14,9],[-24,32],[-21,7],[-16,14],[12,6],[-6,16],[-16,-8],[-21,1],[-13,7],[-2,11],[-27,-4],[-19,3],[-27,-1],[-9,2],[-12,13],[-5,14],[-14,-10],[-11,7],[-3,9],[-16,10],[-19,6],[-19,15],[-15,-8],[1,-11],[-11,-19],[14,-7],[1,-18],[-5,-12],[-23,7],[-7,-2],[-12,-16],[-14,-5],[-24,-24],[-14,-2],[3,11],[9,10],[-9,26],[10,15],[7,24],[20,14],[28,-3],[3,4],[-27,22],[-13,-1],[-16,-19],[-24,-17],[-10,-16],[-9,-6],[0,-22],[-7,-9],[-16,-6],[-16,-23],[5,-11],[18,-10],[-6,-13],[-15,-13],[-12,-20],[-26,-10],[-9,-11],[-21,-18],[5,-17],[-14,-11],[-21,-8],[-22,-19],[-5,-15],[-10,-11],[-30,-11],[-12,9],[4,14],[9,7],[10,15],[14,11],[18,-2],[-1,19],[27,31],[3,38],[9,13],[3,21],[-24,-8],[-8,1],[-6,15],[-11,-7],[1,-24],[-7,2],[-19,26],[-17,3],[-12,-2],[-8,-13],[-14,-3],[-8,2],[-4,33],[4,13],[-2,11],[-11,26],[-32,-18],[-13,-3],[-16,24],[-13,12],[-2,7],[8,16],[25,-12],[12,5],[-11,20],[-18,-6],[-24,19],[-13,0],[-8,27],[9,5],[1,12],[7,6],[4,17],[11,12],[15,30],[5,5],[28,-12],[9,3],[14,18],[15,7],[22,2],[7,17],[-3,17],[-11,18],[12,3],[1,17],[-10,9],[-24,-10],[-18,-19],[-7,-1],[-23,8],[-20,2],[-16,-4],[-33,5],[-6,5],[-1,24],[21,1],[5,5],[-13,6],[-57,20],[13,9],[19,6],[29,14],[13,9],[30,14],[18,-4],[-1,-20],[30,-7],[13,0],[18,9],[10,10],[19,-4],[13,1],[3,13],[-33,9],[-16,1],[-4,20],[-19,4],[-31,4],[-3,13],[-19,20],[-65,35],[15,15],[1,12],[39,3],[23,8],[9,9],[6,16],[18,29],[19,16],[28,9],[35,-1],[0,11],[-9,14],[38,2],[29,5],[25,21],[12,1],[12,-8],[-2,-17],[18,-4],[11,13],[17,-5],[42,-3],[23,-23],[42,-4],[37,4],[15,-3],[28,-9],[43,-4],[26,-9],[54,5],[14,-6],[31,-21],[18,-8]],[[8381,6633],[7,-8],[-5,-9],[1,-22],[-7,-22],[-4,-44],[-8,-32],[-8,-25],[0,-17],[-5,-5],[-4,24],[-9,17],[-5,28],[2,28],[16,56],[8,23],[14,15],[7,-7]],[[8512,7099],[-6,-2],[2,14],[13,6],[2,-14],[-11,-4]],[[8517,7161],[0,0]],[[8530,7170],[0,0]],[[8547,7173],[0,0]],[[8502,7165],[0,0]],[[8548,7177],[0,0]],[[8497,7182],[0,0]],[[8499,7188],[0,0]],[[8555,7191],[0,0]],[[8499,7193],[0,0]],[[8554,7189],[0,0]],[[8575,7188],[-6,6],[5,5],[1,-11]],[[8502,7203],[0,0]],[[8511,7281],[0,0]],[[8504,7306],[0,0]],[[8512,7350],[0,0]],[[8577,7369],[7,-14],[11,-36],[1,-21],[-3,-38],[6,-2],[-4,-30],[-9,-21],[-15,3],[-6,-7],[2,-11],[-12,8],[-10,-21],[-4,13],[-4,-6],[4,-10],[-10,-3],[5,13],[-9,-8],[-3,-11],[-3,10],[-5,-17],[-9,17],[2,32],[3,28],[9,15],[-7,14],[-1,34],[-6,3],[6,16],[7,0],[3,12],[-6,9],[-7,28]],[[262,4361],[0,0]],[[257,4356],[0,0]],[[291,4362],[0,0]],[[288,4367],[0,0]],[[286,4367],[0,0]],[[36,3994],[0,0]],[[50,4042],[0,0]],[[45,4082],[0,0]],[[9992,4082],[0,0]],[[40,4079],[0,0]],[[9948,4086],[0,0]],[[30,4091],[0,0]],[[4,4089],[0,0]],[[9957,4094],[0,0]],[[42,4109],[0,0]],[[9998,4116],[0,0]],[[9934,4114],[0,0]],[[9948,4124],[0,0]],[[35,4136],[0,0]],[[9981,4142],[0,0]],[[28,4151],[0,0]],[[47,4154],[0,0]],[[9983,4156],[0,0]],[[20,4161],[0,0]],[[9966,4169],[0,0]],[[24,4179],[0,0]],[[9963,4146],[-23,-14],[-15,9],[-2,14],[3,14],[12,15],[10,1],[12,-16],[3,-23]],[[9919,4187],[0,0]],[[24,4191],[0,0]],[[9983,4191],[0,0]],[[27,4195],[0,0]],[[9921,4198],[0,0]],[[9951,4215],[0,0]],[[9996,4207],[0,0]],[[2,4222],[0,0]],[[9931,4221],[0,0]],[[9996,4225],[0,0]],[[9999,4232],[0,0]],[[0,4234],[0,0]],[[9996,4249],[-11,-27],[10,11],[3,-13],[-18,-3],[-3,5],[-5,-13],[-9,-3],[-6,13],[14,17],[11,3],[3,8],[11,2]],[[281,4082],[0,0]],[[140,3954],[0,0]],[[135,3967],[0,0]],[[145,4019],[0,0]],[[155,4039],[0,0]],[[157,4043],[0,0]],[[136,4045],[0,0]],[[158,4047],[0,0]],[[138,4050],[0,0]],[[159,4053],[0,0]],[[148,4100],[0,0]],[[164,4107],[0,0]],[[166,4106],[0,0]],[[163,4107],[0,0]],[[167,4108],[0,0]],[[121,4284],[0,0]],[[54,4360],[0,0]],[[107,4415],[0,0]],[[238,4377],[-13,0],[2,12],[11,-12]],[[214,4408],[2,-19],[-9,0],[-6,15],[13,4]],[[1965,3621],[0,0]],[[8164,6469],[0,0]],[[8167,6481],[10,-4],[-7,-15],[-3,19]]]}