{"type":"Topology","bbox":[-180,-55.070042051117994,180,83.57906683560076],"transform":{"scale":[0.036003600360036005,0.013866297518423717],"translate":[-180,-55.070042051117994]},"objects":{"countries":{"type":"GeometryCollection","geometries":[{"type":"MultiPolygon","arcs":[[[0]]],"id":"cyprus","properties":{"name":"Cyprus","subjecto":"Cyprus","partof":"Cyprus","prec":1}},{"type":"MultiPolygon","arcs":[[[1]],[[2]],[[3]],[[4,5,6,7,8,9,10,11,12,13,14,15,16,17,18,19,20,21,22,23,24,25,26,27,28,29,30,31,32,33,34,35]]],"id":"japan","properties":{"name":"Japan","subjecto":"Japan","partof":"Japan","prec":1}},{"type":"MultiPolygon","arcs":[[[36]]],"id":"taiwan","properties":{"name":"Taiwan","subjecto":"Taiwan","partof":"Taiwan","prec":1}},{"type":"MultiPolygon","arcs":[[[37]],[[38]],[[39]],[[40]],[[41]],[[42]],[[43]],[[44]]],"id":"philippines","properties":{"name":"Philippines","subjecto":"Philippines","partof":"Philippines","prec":1}},{"type":"MultiPolygon","arcs":[[[45],[46]]],"id":"madagascar","properties":{"name":"Madagascar","subjecto":"Madagascar","partof":"Madagascar","prec":1}},{"type":"MultiPolygon","arcs":[[[47]],[[48]]],"id":"maori","properties":{"name":"Maori","subjecto":"Maori","partof":"Maori","prec":1}},{"type":"MultiPolygon","arcs":[[[49,50]],[[51,52]],[[53,54]],[[55,56]],[[57,58]],[[59]],[[60]],[[61]],[[62,63]],[[64,65]],[[66]],[[67,68]],[[69]],[[70,71]],[[72]],[[73]],[[74,75]],[[76,77]],[[78,79]],[[80,81]],[[82,83]],[[84,85]],[[86]],[[87]],[[88,89]],[[90]],[[91,92]],[[93]],[[94]],[[95]],[[96,97,98]],[[99,100,101]],[[102,103]],[[104]],[[105]],[[106]],[[107]],[[108,109]],[[110]],[[111]],[[112,113]],[[114,115]],[[116,117]],[[118,119]],[[120,121,122,123]],[[124,125,126,127]],[[128,129]],[[130,131]],[[132]],[[133,134]],[[135,136,137,138]],[[139,140]],[[141,142]],[[143,144]],[[145]],[[146,147]],[[148,149]],[[150,151]],[[152,153]],[[154,155]],[[156]],[[157]],[[158]],[[159,160]],[[161,162]]],"id":"denmark_norway","properties":{"name":"Denmark-Norway","subjecto":"Denmark-Norway","partof":"Denmark-Norway","prec":1}},{"type":"MultiPolygon","arcs":[[[163]],[[164,165]]],"id":"england","properties":{"name":"England","subjecto":"England","partof":"England","prec":1}},{"type":"MultiPolygon","arcs":[[[166,-166]],[[167]]],"id":"scottland","properties":{"name":"Scottland","subjecto":"Scottland","partof":"Scottland","prec":1}},{"type":"MultiPolygon","arcs":[[[168,169]]],"id":"portugal","properties":{"name":"Portugal","subjecto":"Portugal","partof":"Portugal","prec":1}},{"type":"MultiPolygon","arcs":[[[170]],[[171,172]]],"id":"papua_new_guinea","properties":{"name":"Papua New Guinea","subjecto":"Papua New Guinea","partof":"Papua New Guinea","prec":1}},{"type":"MultiPolygon","arcs":[[[173,174,175,176,177]]],"id":"papal_states","properties":{"name":"Papal States","subjecto":"Papal States","partof":"Papal States","prec":1}},{"type":"MultiPolygon","arcs":[[[-47]]],"id":"expansionist_kingdom_of_merina","properties":{"name":"Expansionist Kingdom of Merina","subjecto":"Expansionist Kingdom of Merina","partof":"Expansionist Kingdom of Merina","prec":1}},{"type":"MultiPolygon","arcs":[[[178]]],"id":"mossi_states","properties":{"name":"Mossi States","subjecto":"Mossi States","partof":"Mossi States","prec":1}},{"type":"MultiPolygon","arcs":[[[179,180]]],"id":"congo","properties":{"name":"Congo","subjecto":"Congo","partof":"Congo","prec":1}},{"type":"MultiPolygon","arcs":[[[181,182,183,184]]],"id":"cambodia","properties":{"name":"Cambodia","subjecto":"Cambodia","partof":"Cambodia","prec":1}},{"type":"MultiPolygon","arcs":[[[185,186,187,188,189,190,191]]],"id":"france","properties":{"name":"France","subjecto":"France","partof":"France","prec":1}},{"type":"MultiPolygon","arcs":[[[192,193,194]],[[195,196]],[[197,-178,198]],[[199,200]]],"id":"venice","properties":{"name":"Venice","subjecto":"Venice","partof":"Venice","prec":1}},{"type":"MultiPolygon","arcs":[[[201,202],[203]]],"id":"islamic_city_states","properties":{"name":"Islamic city-states","subjecto":"Islamic city-states","partof":"Islamic city-states","prec":1}},{"type":"MultiPolygon","arcs":[[[204]]],"id":"sinhalese_kingdoms","properties":{"name":"Sinhalese kingdoms","subjecto":"Sinhalese kingdoms","partof":"Sinhalese kingdoms","prec":1}},{"type":"MultiPolygon","arcs":[[[205,206]]],"id":"aceh","properties":{"name":"Aceh","subjecto":"Aceh","partof":"Aceh","prec":1}},{"type":"MultiPolygon","arcs":[[[207,208]],[[209,210]],[[211,212]]],"id":"malacca","properties":{"name":"Malacca","subjecto":"Malacca","partof":"Malacca","prec":1}},{"type":"MultiPolygon","arcs":[[[213,-207,214,-208]],[[-172,215]],[[216]],[[217]],[[218]],[[219]],[[220]],[[221]],[[222]],[[223]],[[224]],[[225]],[[226]],[[227]],[[-213,228]]],"id":"malaysian_islamic_states","properties":{"name":"Malaysian Islamic states","subjecto":"Malaysian Islamic states","partof":"Malaysian Islamic states","prec":1}},{"type":"MultiPolygon","arcs":[[[229,230,231,232]]],"id":"georgia","properties":{"name":"Georgia","subjecto":"Georgia","partof":"Georgia","prec":1}},{"type":"MultiPolygon","arcs":[[[233,234,235,236,237,238]]],"id":"teutonic_knights","properties":{"name":"Teutonic Knights","subjecto":"Teutonic Knights","partof":"Teutonic Knights","prec":1}},{"type":"MultiPolygon","arcs":[[[239,240,241,242,243,244,245,246,-234,247]]],"id":"poland_lithuania","properties":{"name":"Poland-Lithuania","subjecto":"Poland-Lithuania","partof":"Poland-Lithuania","prec":1}},{"type":"MultiPolygon","arcs":[[[-245,248,-194,249,250],[251]]],"id":"imperial_hungary","properties":{"name":"Imperial Hungary","subjecto":"Imperial Hungary","partof":"Imperial Hungary","prec":1}},{"type":"MultiPolygon","arcs":[[[252,-188,253,254]]],"id":"navarre","properties":{"name":"Navarre","subjecto":"Navarre","partof":"Navarre","prec":1}},{"type":"MultiPolygon","arcs":[[[255,-255,256,257,-170]]],"id":"castille","properties":{"name":"Castille","subjecto":"Castille","partof":"Castille","prec":1}},{"type":"MultiPolygon","arcs":[[[258,259]]],"id":"wattasid_caliphate","properties":{"name":"Wattasid Caliphate","subjecto":"Wattasid Caliphate","partof":"Wattasid Caliphate","prec":1}},{"type":"MultiPolygon","arcs":[[[260,-259,261,262]]],"id":"zayyanid_caliphate","properties":{"name":"Zayyanid Caliphate","subjecto":"Zayyanid Caliphate","partof":"Zayyanid Caliphate","prec":1}},{"type":"MultiPolygon","arcs":[[[263,264,-263,265]]],"id":"hafsid_caliphate","properties":{"name":"Hafsid Caliphate","subjecto":"Hafsid Caliphate","partof":"Hafsid Caliphate","prec":1}},{"type":"MultiPolygon","arcs":[[[-264,266,267,268,269,270]],[[271]]],"id":"mamluke_sultanate","properties":{"name":"Mamluke Sultanate","subjecto":"Mamluke Sultanate","partof":"Mamluke Sultanate","prec":1}},{"type":"MultiPolygon","arcs":[[[272,273,274]]],"id":"adal","properties":{"name":"Adal","subjecto":"Adal","partof":"Adal","prec":1}},{"type":"MultiPolygon","arcs":[[[275,276,-274]]],"id":"ethiopia","properties":{"name":"Ethiopia","subjecto":"Ethiopia","partof":"Ethiopia","prec":1}},{"type":"MultiPolygon","arcs":[[[277,278]]],"id":"alwa","properties":{"name":"Alwa","subjecto":"Alwa","partof":"Alwa","prec":1}},{"type":"MultiPolygon","arcs":[[[-278,279]]],"id":"funj","properties":{"name":"Funj","subjecto":"Funj","partof":"Funj","prec":1}},{"type":"MultiPolygon","arcs":[[[280,281,282,283,284]]],"id":"mwenemutapa","properties":{"name":"Mwenemutapa","subjecto":"Mwenemutapa","partof":"Mwenemutapa","prec":1}},{"type":"MultiPolygon","arcs":[[[285]]],"id":"ndongo","properties":{"name":"Ndongo","subjecto":"Ndongo","partof":"Ndongo","prec":1}},{"type":"MultiPolygon","arcs":[[[286,287,288,289,290,291,292,293]]],"id":"benin","properties":{"name":"Benin","subjecto":"Benin","partof":"Benin","prec":1}},{"type":"MultiPolygon","arcs":[[[294,-287,295,296]]],"id":"oyo","properties":{"name":"Oyo","subjecto":"Oyo","partof":"Oyo","prec":1}},{"type":"MultiPolygon","arcs":[[[297,298]]],"id":"akan","properties":{"name":"Akan","subjecto":"Akan","partof":"Akan","prec":1}},{"type":"MultiPolygon","arcs":[[[299,300,301,302,303]]],"id":"songhai","properties":{"name":"Songhai","subjecto":"Songhai","partof":"Songhai","prec":1}},{"type":"MultiPolygon","arcs":[[[-300,304,305,306,307,308]],[[309,310]]],"id":"mali","properties":{"name":"Mali","subjecto":"Mali","partof":"Mali","prec":1}},{"type":"MultiPolygon","arcs":[[[311,312,313]]],"id":"hausa_states","properties":{"name":"Hausa States","subjecto":"Hausa States","partof":"Hausa States","prec":1}},{"type":"MultiPolygon","arcs":[[[314]],[[315,316,-313]]],"id":"bornu_kanem","properties":{"name":"Bornu-Kanem","subjecto":"Bornu-Kanem","partof":"Bornu-Kanem","prec":1}},{"type":"MultiPolygon","arcs":[[[317,318,319]]],"id":"yemen","properties":{"name":"Yemen","subjecto":"Yemen","partof":"Yemen","prec":1}},{"type":"MultiPolygon","arcs":[[[320,321,322,-320]]],"id":"hadramaut","properties":{"name":"Hadramaut","subjecto":"Hadramaut","partof":"Hadramaut","prec":1}},{"type":"MultiPolygon","arcs":[[[-322,323,324]]],"id":"muscat","properties":{"name":"Muscat","subjecto":"Muscat","partof":"Muscat","prec":1}},{"type":"MultiPolygon","arcs":[[[-270,325,326,-324,-321,-319,327]]],"id":"arabs","properties":{"name":"Arabs","subjecto":"Arabs","partof":"Arabs","prec":1}},{"type":"MultiPolygon","arcs":[[[-269,328,-233,329,330,331,332,333,-326]]],"id":"emirate_of_the_white_sheep_turks","properties":{"name":"Emirate of the White Sheep Turks","subjecto":"Emirate of the White Sheep Turks","partof":"Emirate of the White Sheep Turks","prec":1}},{"type":"MultiPolygon","arcs":[[[334,-333,335,336,337]]],"id":"islamic_states","properties":{"name":"Islamic states","subjecto":"Islamic states","partof":"Islamic states","prec":1}},{"type":"MultiPolygon","arcs":[[[-337,338,339,340,341,342,343]]],"id":"sultanate_of_delhi","properties":{"name":"Sultanate of Delhi","subjecto":"Sultanate of Delhi","partof":"Sultanate of Delhi","prec":1}},{"type":"MultiPolygon","arcs":[[[344,345,-342,346,347,348,349]]],"id":"bengal","properties":{"name":"Bengal","subjecto":"Bengal","partof":"Bengal","prec":1}},{"type":"MultiPolygon","arcs":[[[350,351,352,-347,-341]]],"id":"tibet","properties":{"name":"Tibet","subjecto":"Tibet","partof":"Tibet","prec":1}},{"type":"MultiPolygon","arcs":[[[353,354]]],"id":"korea","properties":{"name":"Korea","subjecto":"Korea","partof":"Korea","prec":1}},{"type":"MultiPolygon","arcs":[[[-344,355,356,357,358,359,-338]]],"id":"rajastan","properties":{"name":"Rajastan","subjecto":"Rajastan","partof":"Rajastan","prec":1}},{"type":"MultiPolygon","arcs":[[[360,361,362,-345]]],"id":"orissa","properties":{"name":"Orissa","subjecto":"Orissa","partof":"Orissa","prec":1}},{"type":"MultiPolygon","arcs":[[[363,364,-359]]],"id":"islamic_states_2","properties":{"name":"Islamic states","subjecto":"Islamic states","partof":"Islamic states","prec":1}},{"type":"MultiPolygon","arcs":[[[365,366,367]],[[368,369,370]]],"id":"bahmani_kingdom","properties":{"name":"Bahmani Kingdom","subjecto":"Bahmani Kingdom","partof":"Bahmani Kingdom","prec":1}},{"type":"MultiPolygon","arcs":[[[371,367,372,373]]],"id":"vijayanagara","properties":{"name":"Vijayanagara","subjecto":"Vijayanagara","partof":"Vijayanagara","prec":1}},{"type":"MultiPolygon","arcs":[[[374,-349,375]]],"id":"arakan","properties":{"name":"Arakan","subjecto":"Arakan","partof":"Arakan","prec":1}},{"type":"MultiPolygon","arcs":[[[376,-184,377]]],"id":"champa","properties":{"name":"Champa","subjecto":"Champa","partof":"Champa","prec":1}},{"type":"MultiPolygon","arcs":[[[378,379,380]]],"id":"laos","properties":{"name":"Laos","subjecto":"Laos","partof":"Laos","prec":1}},{"type":"MultiPolygon","arcs":[[[381,-378,-183,382,-381,383]]],"id":"i_vi_t","properties":{"name":"Đại Việt","subjecto":"Đại Việt","partof":"Đại Việt","prec":1}},{"type":"MultiPolygon","arcs":[[[384]],[[385]],[[386,387,-354,388,-384,-380,389,390,-352]]],"id":"ming_chinese_empire","properties":{"name":"Ming Chinese Empire","subjecto":"Ming Chinese Empire","partof":"Ming Chinese Empire","prec":1}},{"type":"MultiPolygon","arcs":[[[391,-376,-348,-353,-391,392,393]]],"id":"burmese_kingdoms","properties":{"name":"Burmese kingdoms","subjecto":"Burmese kingdoms","partof":"Burmese kingdoms","prec":1}},{"type":"MultiPolygon","arcs":[[[-394,394,395]]],"id":"pegu","properties":{"name":"Pegu","subjecto":"Pegu","partof":"Pegu","prec":1}},{"type":"MultiPolygon","arcs":[[[396,397]]],"id":"aztec_empire","properties":{"name":"Aztec Empire","subjecto":"Aztec Empire","partof":"Aztec Empire","prec":1}},{"type":"MultiPolygon","arcs":[[[-398,398]]],"id":"mixtec_empire","properties":{"name":"Mixtec Empire","subjecto":"Mixtec Empire","partof":"Mixtec Empire","prec":1}},{"type":"MultiPolygon","arcs":[[[399]]],"id":"maya_city_states","properties":{"name":"Maya city-states","subjecto":"Maya city-states","partof":"Maya city-states","prec":1}},{"type":"MultiPolygon","arcs":[[[400,401,402,403]]],"id":"inca_empire","properties":{"name":"Inca Empire","subjecto":"Inca Empire","partof":"Inca Empire","prec":1}},{"type":"MultiPolygon","arcs":[[[404]],[[405]],[[-252]],[[406]],[[-128,407,408,-121,409,410,-246,-251,-200,411,-199,-177,412,-192,413],[414,415],[416]],[[417,418]],[[419,420]]],"id":"holy_roman_empire","properties":{"name":"Holy Roman Empire","subjecto":"Holy Roman Empire","partof":"Holy Roman Empire","prec":1}},{"type":"MultiPolygon","arcs":[[[421]],[[422]],[[423]]],"id":"guanches","properties":{"name":"Guanches","subjecto":"Guanches","partof":"Guanches","prec":1}},{"type":"MultiPolygon","arcs":[[[424,425]]],"id":"bella","properties":{"name":"Bella","subjecto":"Bella","partof":"Bella","prec":1}},{"type":"MultiPolygon","arcs":[[[426]],[[427,428]]],"id":"mi_kma_ki","properties":{"name":"Mi'kma'ki","subjecto":"Mi'kma'ki","partof":"Mi'kma'ki","prec":1}},{"type":"MultiPolygon","arcs":[[[429,430,431,432,433,434]]],"id":"apache","properties":{"name":"Apache","subjecto":"Apache","partof":"Apache","prec":1}},{"type":"MultiPolygon","arcs":[[[435,436,437]]],"id":"calusa","properties":{"name":"Calusa","subjecto":"Calusa","partof":"Calusa","prec":1}},{"type":"MultiPolygon","arcs":[[[-434,438,439,440,441],[442]]],"id":"hopi","properties":{"name":"Hopi","subjecto":"Hopi","partof":"Hopi","prec":1}},{"type":"MultiPolygon","arcs":[[[-435,-442,443]]],"id":"navajo","properties":{"name":"Navajo","subjecto":"Navajo","partof":"Navajo","prec":1}},{"type":"MultiPolygon","arcs":[[[444,445,446,447,-437]]],"id":"cherookee","properties":{"name":"Cherookee","subjecto":"Cherookee","partof":"Cherookee","prec":1}},{"type":"MultiPolygon","arcs":[[[448,449,450,451,452,453,454,455,456,457,458,459,460,461,462,463,464,465,466,467,468]]],"id":"coqs","properties":{"name":"Coqs","subjecto":"Coqs","partof":"Coqs","prec":1}},{"type":"MultiPolygon","arcs":[[[469,470]]],"id":"crow","properties":{"name":"Crow","subjecto":"Crow","partof":"Crow","prec":1}},{"type":"MultiPolygon","arcs":[[[-470,471]]],"id":"cheyenne","properties":{"name":"Cheyenne","subjecto":"Cheyenne","partof":"Cheyenne","prec":1}},{"type":"MultiPolygon","arcs":[[[472]]],"id":"nez_perce","properties":{"name":"Nez Perce","subjecto":"Nez Perce","partof":"Nez Perce","prec":1}},{"type":"MultiPolygon","arcs":[[[473,-445,-436,474,475,476,477]]],"id":"natchez","properties":{"name":"Natchez","subjecto":"Natchez","partof":"Natchez","prec":1}},{"type":"MultiPolygon","arcs":[[[478,479,480,481,-447,482]],[[483,484]]],"id":"delaware","properties":{"name":"Delaware","subjecto":"Delaware","partof":"Delaware","prec":1}},{"type":"MultiPolygon","arcs":[[[485,486,487,488,489,-432,490,491,492,-478]]],"id":"comanche","properties":{"name":"Comanche","subjecto":"Comanche","partof":"Comanche","prec":1}},{"type":"MultiPolygon","arcs":[[[493,494]],[[495,496,-481,497,498]]],"id":"iroquois","properties":{"name":"Iroquois","subjecto":"Iroquois","partof":"Iroquois","prec":1}},{"type":"MultiPolygon","arcs":[[[499,500,501,-450,502,503,-440]]],"id":"pomo","properties":{"name":"Pomo","subjecto":"Pomo","partof":"Pomo","prec":1}},{"type":"MultiPolygon","arcs":[[[504,505,506,507,508,509,510,511,512,513,514,515,516,517,518,519,520,521,522]]],"id":"tlinoit","properties":{"name":"Tlinoit","subjecto":"Tlinoit","partof":"Tlinoit","prec":1}},{"type":"MultiPolygon","arcs":[[[523,524,-428,525,-496,526]]],"id":"algonquin","properties":{"name":"Algonquin","subjecto":"Algonquin","partof":"Algonquin","prec":1}},{"type":"MultiPolygon","arcs":[[[527,-495,528,-479,529,-484,530,531,-527,-499],[532]]],"id":"huron","properties":{"name":"Huron","subjecto":"Huron","partof":"Huron","prec":1}},{"type":"MultiPolygon","arcs":[[[533]],[[534]],[[535]]],"id":"polynesians","properties":{"name":"Polynesians","subjecto":"Polynesians","partof":"Polynesians","prec":1}},{"type":"MultiPolygon","arcs":[[[536]]],"id":"beothuk","properties":{"name":"Beothuk","subjecto":"Beothuk","partof":"Beothuk","prec":1}},{"type":"MultiPolygon","arcs":[[[537,538,539]]],"id":"innu","properties":{"name":"Innu","subjecto":"Innu","partof":"Innu","prec":1}},{"type":"MultiPolygon","arcs":[[[540]]],"id":"shuar","properties":{"name":"Shuar","subjecto":"Shuar","partof":"Shuar","prec":1}},{"type":"MultiPolygon","arcs":[[[541,-420,542,-418,543,-416]]],"id":"swiss_confederation","properties":{"name":"Swiss Confederation","subjecto":"Swiss Confederation","partof":"Swiss Confederation","prec":1}},{"type":"MultiPolygon","arcs":[[[544]]],"id":"australian_aboriginal_hunter_gatherers","properties":{"name":"Australian aboriginal hunter-gatherers","subjecto":"Australian aboriginal hunter-gatherers","partof":"Australian aboriginal hunter-gatherers","prec":1}},{"type":"MultiPolygon","arcs":[[[545]]],"id":"tasmanian_hunter_gatherers","properties":{"name":"Tasmanian hunter-gatherers","subjecto":"Tasmanian hunter-gatherers","partof":"Tasmanian hunter-gatherers","prec":1}},{"type":"MultiPolygon","arcs":[[[-524,-532,546,547,548,549,550,551]]],"id":"subarctic_forest_hunter_gatherers","properties":{"name":"Subarctic forest hunter-gatherers","subjecto":"Subarctic forest hunter-gatherers","partof":"Subarctic forest hunter-gatherers","prec":1}},{"type":"MultiPolygon","arcs":[[[-505,552,-550,553,554,555]],[[-510,556,557,558,559]],[[560,-512]],[[561,-514]],[[562,563]],[[564,565]],[[-520,566]],[[-522,567]]],"id":"athabaskan","properties":{"name":"Athabaskan","subjecto":"Athabaskan","partof":"Athabaskan","prec":1}},{"type":"MultiPolygon","arcs":[[[568,569,570,571,572,-402,573]],[[574,575]]],"id":"savanna_hunter_gatherers","properties":{"name":"Savanna hunter-gatherers","subjecto":"Savanna hunter-gatherers","partof":"Savanna hunter-gatherers","prec":1}},{"type":"MultiPolygon","arcs":[[[576]],[[577]],[[578]],[[579,580,581]]],"id":"patagonian_shellfish_and_marine_mammal_h","properties":{"name":"Patagonian shellfish and marine mammal hunters","subjecto":"Patagonian shellfish and marine mammal hunters","partof":"Patagonian shellfish and marine mammal hunters","prec":1}},{"type":"MultiPolygon","arcs":[[[582,-581,583,-404,584,-572]]],"id":"andean_hunter_gatherers","properties":{"name":"Andean hunter-gatherers","subjecto":"Andean hunter-gatherers","partof":"Andean hunter-gatherers","prec":1}},{"type":"MultiPolygon","arcs":[[[-569,585]],[[-575,586]]],"id":"amazon_hunter_gatherers","properties":{"name":"Amazon hunter-gatherers","subjecto":"Amazon hunter-gatherers","partof":"Amazon hunter-gatherers","prec":1}},{"type":"MultiPolygon","arcs":[[[587]],[[588]],[[589]],[[590]],[[591]]],"id":"caribbean_hunter_gatherers","properties":{"name":"Caribbean hunter-gatherers","subjecto":"Caribbean hunter-gatherers","partof":"Caribbean hunter-gatherers","prec":1}},{"type":"MultiPolygon","arcs":[[[-582,-583,-571,592]]],"id":"pampas_cultures","properties":{"name":"Pampas cultures","subjecto":"Pampas cultures","partof":"Pampas cultures","prec":1}},{"type":"MultiPolygon","arcs":[[[-503,-449,593,594,595,596]],[[597,-489]],[[-443]]],"id":"desert_hunter_gatherers","properties":{"name":"Desert hunter-gatherers","subjecto":"Desert hunter-gatherers","partof":"Desert hunter-gatherers","prec":1}},{"type":"MultiPolygon","arcs":[[[598]],[[599]],[[600]],[[-452,601]],[[-454,602]],[[455,603]],[[604,-458]],[[-460,605]],[[-462,606]],[[607,-464]],[[-466,608]],[[-555,609,610,-468,611]],[[612,-425]],[[613]]],"id":"north_american_pacifi_foraging_hunting_a","properties":{"name":"North American Pacifi foraging, hunting and fishing peoples","subjecto":"North American Pacifi foraging, hunting and fishing peoples","partof":"North American Pacifi foraging, hunting and fishing peoples","prec":1}},{"type":"MultiPolygon","arcs":[[[-549,614,-595,615,-610,-554],[-473]]],"id":"plateau_fichers_and_hunter_gatherers","properties":{"name":"Plateau fichers and hunter gatherers","subjecto":"Plateau fichers and hunter gatherers","partof":"Plateau fichers and hunter gatherers","prec":1}},{"type":"MultiPolygon","arcs":[[[-596,-615,-548,616,617],[-472,-471]],[[-476,618]],[[-487,619]],[[620]],[[-598,621,-490]]],"id":"plain_bison_hunters","properties":{"name":"Plain bison hunters","subjecto":"Plain bison hunters","partof":"Plain bison hunters","prec":1}},{"type":"MultiPolygon","arcs":[[[622,623,-285,624,625,626,627]]],"id":"khoiasan","properties":{"name":"Khoiasan","subjecto":"Khoiasan","partof":"Khoiasan","prec":1}},{"type":"MultiPolygon","arcs":[[[628,629,-289,630,-297,631,-298,632,633,-303,634,-314,-317,635,-276,-273]],[[636,637,638]],[[-310,639,-308,640,-306,641]],[[642]],[[643]]],"id":"west_african_cereal_farmers","properties":{"name":"West African cereal farmers","subjecto":"West African cereal farmers","partof":"West African cereal farmers","prec":1}},{"type":"MultiPolygon","arcs":[[[-5,644]],[[-6,645]],[[646,-9,647]],[[648,-10,649]],[[650,-16,651,-13,652]],[[-17,653]],[[-18,654]],[[655,-19,656]],[[-22,657]],[[-23,658]],[[-24,659]],[[-25,660]],[[661,-29,662,-26,663]],[[-31,664]],[[-32,665]],[[-33,666]],[[-35,667]],[[668]],[[669]],[[670]],[[671]],[[672]],[[673]],[[674]],[[675]],[[676]],[[677]],[[678]],[[679]],[[680]],[[681]],[[682]],[[683]],[[684]],[[685]],[[686]],[[687]]],"id":"ainus","properties":{"name":"Ainus","subjecto":"Ainus","partof":"Ainus","prec":1}},{"type":"MultiPolygon","arcs":[[[-242,688,-231,689]]],"id":"crimean_khanate","properties":{"name":"Crimean Khanate","subjecto":"Ottoman Empire","partof":"Ottoman Empire","prec":1}},{"type":"MultiPolygon","arcs":[[[-190,690]]],"id":"britany","properties":{"name":"Britany","subjecto":"Britany","partof":"Britany","prec":1}},{"type":"MultiPolygon","arcs":[[[-639,691,-292,692]]],"id":"khoiasan_2","properties":{"name":"Khoiasan","subjecto":"Khoiasan","partof":"Khoiasan","prec":1}},{"type":"MultiPolygon","arcs":[[[-290,-630,693,-202,694,-627,695,-282,696,-623,697,-180,698],[-286]]],"id":"bantou","properties":{"name":"Bantou","subjecto":"Bantou","partof":"Bantou","prec":1}},{"type":"MultiPolygon","arcs":[[[699,700,701],[702]],[[703]],[[704]],[[705]],[[706]],[[707]],[[708]],[[709]],[[710]],[[711,712,713,-113,714,-115,715,-117,716,-119,717,-123,718,719,-126,720,-129,721,-109]],[[722]],[[723]],[[724,-162,725,-149,726,-151,727,-153,728,-155,729,730,731,732,-160]],[[733,-131,734]],[[-147,735,-144,736,737]],[[738]],[[739]],[[740]],[[741]],[[742]],[[743]],[[744]],[[745]],[[746]],[[747]],[[748]],[[749]],[[750]],[[751]],[[752]],[[753]],[[754]],[[755]],[[756]],[[757]],[[758]],[[759,-236,760,-139,761,-137,762,-140,763,-142,764,-135,765,-102,766,767,-103,768,769,770,-50,771,-52,772,-54,773,-56,774,-58,775,776,777,778,-63,779,-65,780,781,-68,782,783,-71,784,785,786,-75,787,-77,788,-79,789,-81,790,-83,791,-85,792,793,794,-89,795,796,-92,797,798,799,800,-98,801,802],[803]]],"id":"kalmar_union","properties":{"name":"Kalmar Union","subjecto":"Kalmar Union","partof":"Kalmar Union","prec":1}},{"type":"MultiPolygon","arcs":[[[804]],[[805]],[[806]],[[807]],[[808]],[[809]],[[-701,810]],[[811]],[[812]],[[813]],[[814]],[[-540,815]],[[816]]],"id":"thule","properties":{"name":"Thule","subjecto":"Thule","partof":"Thule","prec":1}},{"type":"MultiPolygon","arcs":[[[817,818,819,-387,-351,-340,820,821]]],"id":"chagatai_khanate","properties":{"name":"Chagatai Khanate","subjecto":"Chagatai Khanate","partof":"Chagatai Khanate","prec":1}},{"type":"MultiPolygon","arcs":[[[-818,822,823,824,825]]],"id":"oirat_confederation","properties":{"name":"Oirat Confederation","subjecto":"Oirat Confederation","partof":"Oirat Confederation","prec":1}},{"type":"MultiPolygon","arcs":[[[-332,826,827,828,829,-821,-339,-336]]],"id":"timurid_emirates","properties":{"name":"Timurid Emirates","subjecto":"Timurid Emirates","partof":"Timurid Emirates","prec":1}},{"type":"MultiPolygon","arcs":[[[830]],[[-175,831]],[[832]],[[-187,833,-257,-254]]],"id":"arag_n","properties":{"name":"Aragón","subjecto":"Aragón","partof":"Aragón","prec":1}},{"type":"MultiPolygon","arcs":[[[834,835,836]]],"id":"bidar","properties":{"name":"Bidar","subjecto":"Bidar","partof":"Deccan Sultanates","prec":1}},{"type":"MultiPolygon","arcs":[[[837,366,-372,838,839,-835]]],"id":"bijapur","properties":{"name":"Bijapur","subjecto":"Bijapur","partof":"Deccan Sultanates","prec":1}},{"type":"MultiPolygon","arcs":[[[840,841,842,843,-836,-840,844,-364,-358]]],"id":"ahmadnagar","properties":{"name":"Ahmadnagar","subjecto":"Ahmadnagar","partof":"Deccan Sultanates","prec":1}},{"type":"MultiPolygon","arcs":[[[845,-373,365,-838,-837,-844,-371,846,-362]]],"id":"golkonda","properties":{"name":"Golkonda","subjecto":"Golkonda","partof":"Deccan Sultanates","prec":1}},{"type":"MultiPolygon","arcs":[[[-346,-363,-847,-370,847,-842,848,-356,-343]]],"id":"islamic_states_3","properties":{"name":"Islamic states","subjecto":"Islamic states","partof":"Islamic states","prec":1}},{"type":"MultiPolygon","arcs":[[[-379,-383,-182,849,-211,850,-395,-393,-390]]],"id":"ayutthaya","properties":{"name":"Ayutthaya","subjecto":"Ayutthaya","partof":"Ayutthaya","prec":1}},{"type":"MultiPolygon","arcs":[[[851,-802,-97,852]]],"id":"s_mi","properties":{"name":"Sámi","subjecto":"Sámi","partof":"Sámi","prec":1}},{"type":"MultiPolygon","arcs":[[[853,854,-819,-826,855]]],"id":"siberians","properties":{"name":"Siberians","subjecto":"Siberians","partof":"Siberians","prec":1}},{"type":"MultiPolygon","arcs":[[[856,857,858,-823,-822,-830,859,-828,860]]],"id":"white_horde","properties":{"name":"White Horde","subjecto":"White Horde","partof":"White Horde","prec":1}},{"type":"MultiPolygon","arcs":[[[861]]],"id":"ryazan","properties":{"name":"Ryazan","subjecto":"Ryazan","partof":"Ryazan","prec":1}},{"type":"MultiPolygon","arcs":[[[862,-330,-232,-689,-241,863]]],"id":"golden_horde","properties":{"name":"Golden Horde","subjecto":"Golden Horde","partof":"Golden Horde","prec":1}},{"type":"MultiPolygon","arcs":[[[864]]],"id":"novgorod_seversky","properties":{"name":"Novgorod-Seversky","subjecto":"Novgorod-Seversky","partof":"Novgorod-Seversky","prec":1}},{"type":"MultiPolygon","arcs":[[[865]],[[866]],[[-238,867,-803,-852,868,-854,869,-857,870,-864,-240,871],[-862],[-865]]],"id":"grand_duchy_of_moscow","properties":{"name":"Grand Duchy of Moscow","subjecto":"Grand Duchy of Moscow","partof":"Grand Duchy of Moscow","prec":1}},{"type":"MultiPolygon","arcs":[[[-856,-825,872,-858,-870]]],"id":"khanate_of_sibir","properties":{"name":"Khanate of Sibir","subjecto":"Khanate of Sibir","partof":"Khanate of Sibir","prec":1}},{"type":"MultiPolygon","arcs":[[[-868,-237,-760]],[[-239,-872,-248]]],"id":"pskov","properties":{"name":"Pskov","subjecto":"Pskov","partof":"Pskov","prec":1}},{"type":"MultiPolygon","arcs":[[[873]],[[874]],[[875]],[[876]],[[877]],[[878]],[[879]],[[880]],[[881]],[[882]],[[883]],[[884]],[[885]],[[886]],[[887]],[[888]],[[889]],[[890]],[[891]],[[892]],[[893]],[[894]],[[895]],[[896]],[[897]],[[898]],[[899]],[[900]],[[901]],[[902]],[[903]],[[904]],[[905]],[[906]],[[907]],[[908]],[[909]],[[910]],[[911]],[[912]],[[913]],[[914]],[[915]],[[916]],[[917]],[[918]],[[919]],[[920]],[[921]],[[922]],[[923]],[[924]],[[925]],[[926]],[[927]],[[928]],[[929]],[[930]],[[931]],[[932]]],"id":"tu_i_tonga_empire","properties":{"name":"Tuʻi Tonga Empire","subjecto":"Tuʻi Tonga Empire","partof":"Tuʻi Tonga Empire","prec":1}},{"type":"MultiPolygon","arcs":[[[933]]],"id":"polynesians_2","properties":{"name":"Polynesians","subjecto":"Polynesians","partof":"Polynesians","prec":1}},{"type":"MultiPolygon","arcs":[[[934]],[[935]],[[936]],[[937]],[[938]],[[939]],[[940]],[[941]],[[942]],[[943]],[[944]],[[945]],[[946]],[[947]],[[948]],[[949]],[[950]],[[-329,-268,951]],[[-196,952,-195,-249,-244,953]],[[954]],[[955]],[[956]]],"id":"ottoman_empire","properties":{"name":"Ottoman Empire","subjecto":"Ottoman Empire","partof":"Ottoman Empire","prec":1}}]}},"arcs":[[[5938,6511],[4,-19],[-11,0],[-1,-11],[-25,-13],[-9,7],[-4,24],[10,8],[7,-3],[1,18],[16,-4],[31,24],[-19,-31]],[[8799,6662],[14,9],[1,-11],[-9,-17],[1,-27],[35,39],[11,17],[4,21],[10,13],[8,36],[7,19],[8,58],[-6,29],[5,16],[-2,34],[15,29],[5,-19],[14,11],[-2,17],[-8,11],[8,13],[10,-12],[1,-55],[6,-14],[8,-46],[-3,-40],[-8,-24],[-2,-27],[-12,-11],[-6,-25],[3,-47],[0,-22],[-9,-25],[-3,-46],[8,-22],[-12,-19],[-2,-27],[-14,-14],[-1,9],[6,38],[-9,-3],[-7,-20],[-10,-11],[-1,-24],[-8,-3],[-2,25],[-6,-6],[-8,-27],[-11,1],[-14,-5],[-6,18],[-9,11],[-6,-26],[11,-19],[-20,-18],[-12,-48],[-19,25],[-3,32],[10,24],[-3,11],[-8,-6],[-14,7],[-17,-18],[-6,4],[-31,-22],[-8,11],[-5,-14],[0,-21],[-17,10],[-17,2],[3,20],[12,4],[10,15],[27,63],[9,5],[1,-14],[22,12],[26,8],[11,8],[6,-23],[16,20],[1,27],[19,50],[0,36],[4,10]],[[8682,6325],[-7,34],[-6,17],[9,13],[10,28],[5,-8],[13,6],[10,21],[6,1],[14,-13],[0,-26],[-15,-36],[-7,17],[-6,1],[-10,-13],[-7,-39],[-9,-3]],[[8626,6200],[5,42],[-5,3],[-9,-36],[-5,14],[4,25],[-4,29],[11,23],[1,19],[-7,26],[-4,1],[-7,-24],[-14,40],[5,11],[18,3],[7,24],[12,0],[3,-12],[9,-8],[8,6],[3,-12],[-7,-15],[11,-30],[-7,-19],[-5,-25],[-2,-41],[-10,-23],[-6,-22],[-5,1]],[[8888,6956],[3,29]],[[8891,6985],[0,12]],[[8891,6997],[-9,12]],[[8882,7009],[-2,26]],[[8880,7035],[22,30]],[[8902,7065],[0,12]],[[8902,7077],[0,0]],[[8902,7077],[0,19]],[[8902,7096],[3,0]],[[8905,7096],[8,-14]],[[8913,7082],[0,0]],[[8913,7082],[11,4]],[[8924,7086],[0,39],[11,13]],[[8935,7138],[1,25]],[[8936,7163],[0,27]],[[8936,7190],[0,0]],[[8936,7190],[-4,25]],[[8932,7215],[0,22],[9,9]],[[8941,7246],[6,-14]],[[8947,7232],[12,-27]],[[8959,7205],[13,-27]],[[8972,7178],[0,0]],[[8972,7178],[13,-22]],[[8985,7156],[0,0]],[[8985,7156],[15,-15],[16,-8],[15,25]],[[9031,7158],[6,4],[-8,-33]],[[9029,7129],[2,-13]],[[9031,7116],[6,-20]],[[9037,7096],[2,-11]],[[9039,7085],[-12,-17],[-12,-6],[-11,6],[-9,-12],[-14,-41],[-4,-20],[-35,42],[-15,1],[-13,-19],[-7,21],[-13,-13],[1,-10]],[[8895,7017],[14,-16],[11,-19]],[[8920,6982],[-5,-7],[-11,2],[-9,-25],[-7,4]],[[8350,5553],[-14,51],[-4,32],[1,39],[23,86],[16,23],[10,-17],[-5,-18],[-1,-30],[-5,-21],[-2,-39],[-4,-26],[-11,-50],[-4,-30]],[[8343,5019],[-11,27],[-6,41],[1,37],[-1,27],[12,-23],[3,27],[-2,33],[2,15],[2,70],[5,28],[13,7],[15,-17],[8,-2],[5,13],[3,-18],[-3,-14],[1,-41],[9,-23],[-9,-57],[-18,-30],[-5,-44],[6,-30],[8,-56],[10,-14],[8,28],[8,-2],[5,-28],[7,-14],[7,19],[10,-14],[-9,-17],[12,-40],[-4,-6],[-13,10],[-4,25],[-16,37],[-5,-8],[5,-25],[-3,-9],[-9,25],[-12,18],[-17,-18],[-12,19],[-2,14],[8,20],[8,-10],[5,7],[-22,33],[-3,-20]],[[8363,4851],[-10,26],[-5,43],[-6,17],[19,1],[8,-20],[-1,-43],[-5,-24]],[[8480,4774],[-13,26],[1,25],[-15,27],[-2,15],[19,8],[8,-17],[3,-53],[3,-25],[-4,-6]],[[8385,4726],[3,93],[13,-21],[13,5],[-1,-27],[-17,-37],[-11,-13]],[[8301,4694],[-5,1],[12,43],[2,36],[4,-9],[6,-36],[-19,-35]],[[8414,4624],[-15,31],[-1,24],[10,16],[6,59],[8,5],[2,-13],[-5,-37],[-4,-46],[5,-24],[-6,-15]],[[8257,4581],[-4,1],[11,42],[15,28],[12,35],[0,-32],[-15,-26],[-3,-20],[-11,-15],[-5,-13]],[[8500,4448],[-8,42],[-4,3],[-9,-46],[7,-47],[-7,-33],[-6,17],[2,24],[-5,2],[-4,-21],[-16,22],[-7,17],[-3,38],[6,29],[-8,29],[-9,9],[-13,-22],[-8,-2],[-2,24],[-5,-7],[-13,-59],[-4,23],[7,42],[8,15],[10,6],[1,15],[10,13],[9,3],[5,-35],[10,7],[10,33],[8,-10],[2,36],[7,-15],[7,20],[6,4],[-3,42],[2,11],[14,-44],[4,-26],[-4,-24],[10,-4],[0,-50],[3,-14],[-2,-28],[-8,-39]],[[6240,2801],[15,14],[6,-4],[9,15],[20,2],[-2,12],[15,24],[9,-1],[-4,16],[9,23],[6,-11],[6,19],[-5,20],[10,22],[-4,29],[6,10],[6,-17],[3,13],[12,29],[3,37],[-1,19],[6,15],[11,-32],[7,-9],[5,-34],[4,-80],[10,-65],[0,-12],[-9,-34],[-12,40],[-4,-18],[3,-29],[5,-30],[-13,-53],[0,-43],[-2,-31],[-35,-275],[-16,-146],[-7,-51],[-11,-32],[-17,-3],[-13,-11],[-6,-15],[-10,-3],[-7,20],[-15,5],[-10,23],[-3,34],[-8,21],[0,24],[5,35],[-15,72],[6,66],[9,13],[18,83],[3,46],[-9,31],[4,22],[-7,28],[-5,62],[13,59],[0,35],[6,1]],[[6333,2744],[-15,8],[-23,-59],[-38,-355],[7,-68],[13,0],[33,34],[36,222],[0,43],[-13,175]],[[9869,1280],[9,-6],[-2,33],[7,-6],[8,-55],[28,-28],[11,-2],[20,27],[9,-6],[1,-21],[-5,-41],[-13,-4],[-2,-27],[-15,-1],[-9,-16],[4,-30],[-32,-101],[-18,-29],[-13,26],[13,72],[-13,23],[-25,27],[-5,14],[24,31],[2,17],[0,32],[6,27],[-6,27],[1,19],[-16,53],[-4,27],[-8,11],[7,-29],[-27,85],[-3,28],[-9,22],[11,3],[-1,-15],[10,-26],[4,4],[20,-22],[11,-33],[-7,-9],[12,-26],[-2,-13],[7,-23],[-9,-4],[16,-17],[3,-18]],[[9779,804],[-19,-30],[-11,5],[7,-20],[-2,-28],[-15,5],[11,-15],[-12,-63],[-16,-30],[-17,-25],[-20,8],[-8,-4],[-7,15],[-15,7],[-8,13],[-3,-10],[-10,-3],[-9,8],[0,19],[9,4],[-6,16],[10,-9],[-4,24],[12,-5],[-4,26],[22,42],[1,10],[12,18],[14,9],[20,26],[10,28],[29,34],[1,12],[9,15],[2,37],[17,21],[4,47],[6,21],[9,-6],[7,-17],[7,-34],[12,21],[10,-2],[0,-29],[5,-23],[-11,-35],[-17,-36],[-22,-37],[5,-13],[11,-11],[-10,-6],[-6,9],[-10,-9]],[[5295,8243],[15,-12]],[[5310,8231],[-15,12]],[[5288,8253],[7,6]],[[5295,8259],[-7,-6]],[[5259,8215],[10,11],[13,0],[5,16]],[[5287,8242],[-5,-16],[-13,0],[-10,-11]],[[5184,8157],[9,-5],[33,9],[1,6],[27,35]],[[5254,8202],[-27,-35],[-1,-6],[-33,-9],[-9,5]],[[5155,8187],[8,-2],[21,-18]],[[5184,8167],[-21,18],[-8,2]],[[5153,8218],[0,0]],[[5157,8214],[0,0]],[[5169,8212],[0,0]],[[5161,8228],[13,-2]],[[5174,8226],[-13,2]],[[5167,8245],[6,2]],[[5173,8247],[-6,-2]],[[5169,8264],[0,0]],[[5157,8256],[4,2]],[[5161,8258],[-4,-2]],[[5153,8246],[0,0]],[[5143,8249],[5,6]],[[5148,8255],[-5,-6]],[[5150,8264],[0,0]],[[5159,8272],[0,0]],[[5158,8281],[13,5]],[[5171,8286],[-13,-5]],[[5146,8308],[17,2]],[[5163,8310],[-17,-2]],[[5140,8341],[14,-6]],[[5154,8335],[-14,6]],[[5142,8381],[7,-8]],[[5149,8373],[-7,8]],[[5153,8438],[9,-8]],[[5162,8430],[-9,8]],[[5197,8494],[12,-8]],[[5209,8486],[-12,8]],[[5319,8624],[0,0]],[[5347,8687],[0,0]],[[5368,8760],[9,-15]],[[5377,8745],[-9,15]],[[5388,8781],[0,0]],[[5405,8821],[5,-2]],[[5410,8819],[-5,2]],[[5437,8852],[0,0]],[[5462,8879],[0,0]],[[5475,8905],[0,0]],[[5550,8974],[-24,-77],[-15,-77],[3,-58]],[[5514,8762],[-3,58],[15,77]],[[5526,8897],[24,77]],[[5325,8133],[0,0]],[[5325,8133],[0,0]],[[5325,8133],[0,0]],[[5322,8172],[5,-5]],[[5327,8167],[-5,5]],[[5316,8178],[0,0]],[[5309,8216],[0,0]],[[5368,9704],[25,-9],[4,26],[14,6],[27,-41],[10,-7],[7,7],[-9,21],[-4,22],[11,14],[19,-9],[16,-1],[7,-6],[-3,-23],[8,-9],[15,14],[16,-24],[22,-8],[27,-22],[-16,-9],[-25,-7],[-9,-10],[-9,-37],[-11,-28],[-15,-4],[-10,-18],[-6,-31],[-17,-6],[-43,28],[-17,18],[8,12],[42,6],[12,12],[-8,8],[-43,-8],[-21,-1],[-6,17],[12,2],[44,17],[19,14],[-32,13],[-11,10],[-7,-5],[-13,-20],[-20,-12],[-16,6],[-27,25],[-9,13],[21,13],[-10,19],[-17,-11],[-6,3],[-11,24],[10,12],[20,4],[35,3],[0,-23]],[[5590,9726],[-25,0],[-32,-4],[-24,10],[10,15],[10,6],[24,34],[17,-23],[12,-3],[25,0],[9,-11],[11,10],[6,15],[11,10],[-2,-37],[10,0],[13,16],[13,8],[10,-4],[7,-15],[34,2],[19,-6],[7,-12],[-31,-27],[-21,-12],[-25,-7],[-17,-12],[-78,4],[-1,12],[19,8],[9,22],[-20,1]],[[5228,7967],[9,-3]],[[5237,7964],[-9,3]],[[5231,7999],[0,0]],[[5284,8054],[0,0]],[[5282,8016],[16,1]],[[5298,8017],[-16,-1]],[[5269,7982],[12,11]],[[5281,7993],[-12,-11]],[[5261,7936],[4,27],[4,10]],[[5269,7973],[-4,-10],[-4,-27]],[[5273,7896],[4,5]],[[5277,7901],[-4,-5]],[[5281,7890],[-19,-11]],[[5262,7879],[6,0]],[[5268,7879],[6,5]],[[5274,7884],[7,6]],[[5246,7882],[0,0]],[[5246,7882],[5,9],[11,-7]],[[5262,7884],[0,0]],[[5262,7884],[-11,7],[-5,-9]],[[5242,7910],[6,-14]],[[5248,7896],[-6,14]],[[5232,8058],[3,-5],[8,15],[2,13],[39,2],[6,17]],[[5290,8100],[-6,-17],[-39,-2],[-2,-13],[-8,-15],[-3,5]],[[5288,8119],[0,0]],[[5357,8047],[-16,27],[-8,32],[-4,0]],[[5329,8106],[4,0],[8,-32],[16,-27]],[[5446,8039],[-8,-27],[-8,10],[-8,-6],[-16,3],[-10,-16],[-4,-17]],[[5392,7986],[4,17],[10,16],[16,-3],[8,6],[8,-10],[7,24]],[[5445,8036],[1,3]],[[5446,8039],[0,0]],[[5369,7960],[14,8],[9,-5]],[[5392,7963],[-9,5],[-14,-8]],[[5347,8019],[13,-33]],[[5360,7986],[-13,33]],[[5321,7950],[5,1],[6,-16],[9,15]],[[5341,7950],[-9,-15],[-6,16],[-5,-1]],[[5311,7962],[0,0]],[[5337,7965],[9,24]],[[5346,7989],[-9,-24]],[[4329,8691],[13,-9],[24,11],[24,-7],[6,-14]],[[4396,8672],[-6,14],[-24,7],[-24,-11],[-13,9]],[[4349,8719],[4,-8]],[[4353,8711],[-4,8]],[[4373,8739],[2,-8]],[[4375,8731],[-2,8]],[[4402,8700],[6,10]],[[4408,8710],[-6,-10]],[[4467,8711],[0,0]],[[4503,8719],[0,0]],[[4590,8709],[0,0]],[[4378,8571],[23,-4],[32,-2],[23,-20],[26,-7],[19,8],[10,19],[29,6],[25,20],[10,16],[13,-6],[12,20],[1,14],[18,8],[5,29]],[[4624,8672],[-5,-29],[-18,-8],[-1,-14],[-12,-20],[-13,6],[-10,-16],[-25,-20],[-29,-6],[-10,-19],[-19,-8],[-26,7],[-23,20],[-32,2],[-23,4]],[[4347,8627],[34,5],[5,-13],[17,-5]],[[4403,8614],[-17,5],[-5,13],[-34,-5]],[[4823,7861],[9,-75],[-10,-49],[-14,0],[-2,-7],[-22,-6],[-22,-30],[-19,-10],[-16,-3],[-1,26],[-10,-3],[-2,16],[9,8],[-15,1],[1,8],[16,-1],[4,20],[15,6],[2,9],[-14,-3],[9,34],[11,3],[-20,14],[-15,2],[1,14],[9,4],[3,18],[-13,2],[0,16],[8,14],[36,-9],[-3,12],[11,9],[2,11],[-17,0],[9,8],[5,25],[16,11],[7,-14],[24,11],[17,-8],[7,-26],[3,-30],[-7,-21],[-12,-7]],[[4944,7980],[8,-9],[4,-39],[5,-17],[14,-10],[16,-37],[0,-33],[11,-13],[5,-19],[-7,-25],[9,-5],[11,14],[18,-7],[6,-12],[2,-24],[-5,-21],[-13,-15],[-9,-18],[-12,-8],[30,-7],[0,-17],[-19,-14],[-13,-14],[-15,6],[-14,-7],[-7,7],[-27,-8],[1,-10],[-14,0],[-12,11],[-15,-7],[-1,-19],[-9,-11],[-10,14],[-20,-13],[-9,-18],[-14,12],[15,15],[6,16],[12,16],[1,15],[8,14],[12,3],[21,-4],[9,34],[-12,-13],[-9,0],[-18,15],[-23,2],[-7,12],[5,10],[21,14],[5,13],[-1,33],[-13,0],[9,18],[10,9],[29,4],[-4,18],[4,47],[-10,-2],[-9,20],[12,30],[-5,4]],[[4907,7930],[37,50]],[[4907,7930],[-7,3],[-15,-12],[-9,7],[-4,-13],[-14,8],[1,11],[12,35],[-8,17],[8,17],[-2,17],[-12,-18],[-12,-10],[-2,14],[10,43],[-8,8],[-7,-18],[-6,5],[11,38],[-3,19],[8,9],[-9,17],[6,11],[14,-2],[-8,25],[12,5],[-6,17],[6,12],[11,-12],[19,8],[19,1],[0,-18],[-28,-32],[0,-20],[36,-1],[20,2],[5,-12],[-5,-28],[-15,-39],[-13,-10],[12,-11],[-16,-15],[-17,1],[5,-7],[16,-3],[11,8],[14,-11],[7,-16]],[[4840,7972],[6,14],[1,-16],[-7,2]],[[4791,6655],[-9,-13],[-23,7],[-9,-10],[4,39],[0,70],[-11,-6],[-1,15],[9,8],[-3,13],[-3,-13],[-10,-3],[3,39],[8,30],[12,97],[-6,56],[3,8]],[[4755,6992],[18,15],[7,-15],[22,-1],[11,7],[16,-32],[-3,-15],[-15,-16],[-3,-63],[0,-37],[-15,-13],[14,-41],[-11,-33],[-2,-15],[10,-4],[5,-10],[-11,-21],[-7,-43]],[[9153,3510],[-9,18],[-5,-7],[-9,19],[-8,7],[-1,16],[12,1],[16,-6],[10,7],[3,17],[12,-22],[16,13],[8,31],[8,1],[4,13],[-1,36],[11,-8],[4,11],[5,-30],[-4,-22],[-8,-14],[6,-16],[-7,-15],[-15,2],[-6,-24],[-22,-24],[-20,-4]],[[8914,3303],[0,137],[-5,45],[5,26],[-2,259]],[[8912,3770],[43,-37],[29,-22],[18,-27],[12,-1],[7,-24],[16,-25],[10,-23],[-4,-31],[5,-14],[8,-4],[23,-25],[14,-7],[10,-45],[-23,-11],[-1,-16],[14,-49],[18,-32],[3,-28],[9,-34],[4,-4],[16,3],[-3,-25],[3,-6],[18,-12],[-7,-15],[3,-8],[20,-19],[2,-32],[-13,0],[-6,24],[-13,3],[-21,13],[-19,0],[-14,19],[-5,25],[-15,21],[-23,85],[-25,13],[-15,12],[-10,-8],[-10,14],[3,-24],[-3,-10],[-9,1],[2,-16],[-13,-2],[-20,5],[14,-14],[14,-23],[3,-13],[-21,-27],[-8,3],[-38,5]],[[5343,7197],[-3,-4],[2,-27],[10,-26],[25,-29],[13,-65]],[[5390,7046],[-10,-17],[-2,10],[-6,-12],[7,-41],[7,-4],[2,-30],[-6,-9]],[[5382,6943],[-22,12],[-9,12],[-19,34]],[[5332,7001],[6,45],[-1,31],[4,20],[-5,10],[-3,50],[-4,13],[-4,-9],[-7,3],[-7,-9],[2,17],[-3,16],[4,18],[-4,16]],[[5310,7222],[12,-12],[4,12],[11,2],[6,-27]],[[4967,4754],[-55,5],[-19,128],[23,69],[37,11],[45,-37],[4,-112],[-35,-64]],[[5343,3520],[12,22],[12,-13],[1,26],[23,60],[13,12],[14,-89],[-2,-86],[-3,-12],[-14,12],[-8,-12],[0,-24],[6,-38],[-1,-51],[1,-31],[-34,6]],[[5363,3302],[2,16],[8,17],[1,30],[-3,18],[-11,47],[-5,47],[-12,43]],[[7851,4840],[28,58],[37,40],[69,-10]],[[7985,4928],[0,-49],[-3,-17]],[[7982,4862],[-15,-128]],[[7967,4734],[-4,-9],[1,-27],[-7,-38],[-7,0],[-8,-26],[-12,-11],[-8,-27],[-13,-12],[2,71],[4,36],[-6,14],[-9,8],[-7,17],[-18,0],[4,18],[-4,21],[-14,-12],[-2,34],[-8,49]],[[5205,7128],[-24,-45],[-20,-9],[-11,6],[-10,16],[-18,2],[-9,10],[-17,-13],[-11,-26],[-2,-13]],[[5083,7056],[-20,-6],[-15,-13],[-5,10],[-7,-1],[-20,10],[0,-10],[-21,1],[-7,10],[-5,-4],[-9,11]],[[4974,7064],[-18,12],[2,12],[-12,7]],[[4946,7095],[10,15],[7,75],[1,41],[3,27],[9,-13],[-11,26],[5,24],[-5,21],[-13,10],[-12,29],[4,14],[-16,20]],[[4928,7384],[16,31],[7,31]],[[4951,7446],[-7,36],[15,0],[-3,7],[0,33],[-9,21],[-1,13],[19,0],[2,-27],[4,5],[22,-8],[16,12],[-7,4],[3,12],[9,11],[21,13],[8,16],[1,43],[5,7]],[[5049,7644],[1,-49],[9,-13],[7,10],[8,-4],[6,-15],[16,-1],[10,8],[12,-11],[30,-14],[16,-35],[-9,0],[3,-18],[8,-4],[-4,-9],[5,-9],[-2,-22],[8,-4],[0,-24],[-8,2],[-4,-18],[-4,-45],[-1,-47],[-6,5],[-4,-15],[7,-16],[-5,-16],[7,-2],[6,-33],[31,-38],[-4,-23],[1,-31],[5,-5],[-2,-17],[12,7],[1,-10]],[[5462,7101],[-8,9],[-8,-6],[-5,16],[-11,17]],[[5430,7137],[7,15],[12,-14],[14,-4]],[[5463,7134],[-1,-33]],[[5471,7096],[2,11],[8,-10],[-1,-19]],[[5480,7078],[-9,18]],[[5371,7267],[-26,-22],[-7,-13],[9,-24],[-4,-11]],[[5310,7222],[-9,-2],[-1,22],[-23,4],[-4,22],[-9,-14],[5,19],[-3,8],[-1,30],[9,7],[7,19],[7,-7],[0,23],[5,-12],[0,-30],[-3,-7],[2,-34],[7,-7],[4,14],[7,-7],[2,20],[9,-3],[0,20],[9,12],[-4,24],[9,13],[17,2],[17,8],[11,-17],[-3,-51],[-6,-31]],[[5379,7268],[11,-2],[4,-15],[-4,-14],[8,3]],[[5398,7240],[-4,-27],[-9,-14],[-6,21],[-4,30],[8,8],[-4,10]],[[6122,3162],[-32,6]],[[6090,3168],[-28,133],[-14,341],[46,230],[94,195],[42,-2],[-16,-36],[-36,-94],[-23,-78],[0,-21],[-14,-18],[-5,4],[-5,-38],[-8,-3],[-5,-13],[-1,-27],[-16,-64],[1,-17],[-5,-21],[-7,-12],[-9,-62],[0,-51],[8,-32],[9,-19],[-8,-54],[6,-14],[-2,-53],[7,-77],[5,-15],[15,-27],[7,-28],[-6,-33]],[[6197,3984],[0,0]],[[7237,4399],[-9,9],[-6,32],[-5,41],[0,75],[-3,22],[2,17],[-3,21],[6,-1],[7,38],[-1,17],[15,-28],[12,-48],[-1,-16],[7,-11],[4,-24],[10,-44],[1,-17],[-7,-45],[-11,-27],[-18,-11]],[[7669,4256],[-15,43],[-7,30],[-4,33],[8,11],[8,-7],[8,-18],[16,-10]],[[7683,4338],[-2,-44],[-12,-38]],[[7869,3912],[-43,-33],[-17,-6],[-26,163],[-44,135],[-4,33],[4,31]],[[7739,4235],[34,-54],[0,-24],[7,-2],[10,-31],[11,-17],[-1,21],[6,-6],[12,-39],[11,-8],[7,-36],[10,-23],[21,-11],[13,-32],[-1,-10],[-12,-39],[2,-12]],[[7870,4216],[-1,-26],[4,-29],[10,-33],[10,-56],[-16,4],[-5,-5],[-20,36],[-22,33],[-16,32],[-2,32]],[[7812,4204],[16,17],[42,-5]],[[8027,3986],[-4,9],[-1,35],[4,32],[9,45],[12,-19],[16,-7],[14,-20]],[[8077,4061],[-7,-37],[-6,9],[-11,-48],[-26,1]],[[7869,3912],[12,-21],[10,-2],[5,-16],[2,-38],[6,-18],[7,-1],[-6,-30],[2,-7],[9,15],[12,-10],[5,-22],[9,-22],[-6,-65],[2,-45],[0,-44],[-4,-42],[-13,28],[-4,-25],[-13,21],[-3,-3],[5,-24],[-2,-7],[-29,77],[-30,59],[-9,42],[-13,20],[-9,22],[-14,49],[-5,51],[-19,81],[-7,26],[-17,26],[-11,83],[-3,25],[-17,29],[-11,10],[-2,35],[-7,29],[-15,41],[-9,-5],[-8,22]],[[7683,4338],[21,7],[16,-47],[6,-11],[-1,-22],[14,-30]],[[8914,3303],[-18,45],[-9,29],[-5,2],[-24,-7],[7,42],[-15,42],[11,9],[-13,27],[-20,88],[-13,22],[-48,38],[-7,3],[-17,18],[0,19],[-11,-2],[-10,9],[-5,13],[-3,42],[-5,-17],[-4,-41],[-13,-20],[-6,27],[5,14],[-4,21],[-16,26],[-5,16],[20,-8],[11,24],[6,-10],[12,1],[2,35],[-15,-10],[-30,2],[-7,17],[-4,32],[-21,9],[3,10],[1,28],[17,14],[12,22],[9,-4],[19,-21],[18,-10],[6,-36],[-4,-36],[8,-61],[5,-11],[3,21],[6,-43],[13,-17],[14,21],[14,60],[23,12],[1,19],[16,26],[4,1],[49,-55],[35,-30]],[[8324,3970],[6,40],[9,18],[5,-11],[10,37],[14,-3],[9,-17],[16,0],[15,-14],[8,7],[23,-2],[17,15],[0,18],[11,31],[4,1],[0,-25],[-4,-18],[-17,-54],[-21,-10],[-14,16],[-14,2],[-59,-4],[-6,-12],[-7,-47],[4,-32],[11,-19],[3,-20],[15,-7],[11,40],[15,-9],[21,17],[6,12],[8,-14],[-1,-23],[-13,10],[-15,-41],[-13,-14],[-4,-12],[-9,6],[0,-12],[17,-40],[10,-40],[-3,-33],[1,-13],[13,-31],[0,-17],[-14,0],[-5,-10],[-2,-22],[-14,12],[3,40],[-17,38],[-2,16],[5,32],[-2,16],[-9,1],[-12,-19],[3,-42],[-4,-54],[5,-29],[-5,-31],[3,-25],[-21,-16],[-5,27],[4,26],[2,63],[-1,28],[-7,17],[-12,-7],[-3,55],[14,53],[2,15],[-2,38],[6,38],[5,2],[0,28],[3,34]],[[7921,3476],[-1,6],[13,2],[2,22],[7,31],[16,-6],[3,-15],[7,3],[2,18],[11,-9],[12,-22],[11,7],[8,-24],[3,-17],[41,-9],[10,7],[2,21],[9,9],[7,-23],[34,-12],[7,-17],[-1,-15],[5,-18],[11,-12],[14,-2],[10,6],[9,-14],[-5,-30],[7,-25],[-35,32],[-18,-11],[-46,12],[-20,24],[-28,20],[-12,1],[-12,-11],[-12,5],[-10,16],[-25,4],[-4,5],[6,20],[-18,17],[-20,4]],[[8429,3225],[5,44],[9,15],[18,20],[8,15],[5,20],[5,5],[20,3],[29,13],[3,-8],[-8,-16],[-46,-42],[-7,-12],[-22,-46],[-19,-11]],[[8544,3970],[-5,40],[2,18],[-2,14],[4,40],[6,26],[5,-23],[-8,-47],[3,-15],[7,18],[2,17],[12,18],[2,-31],[-12,-28],[13,-14],[1,-16],[-18,11],[-5,-19],[2,-31],[12,-44],[-2,-6],[-12,28],[-6,23],[-1,21]],[[8414,3367],[-6,-16],[-28,-28],[-12,6],[-9,-10],[-11,8],[-17,0],[-3,26],[20,14],[24,-25],[4,10],[11,3],[6,-6],[19,35],[2,-17]],[[8632,3692],[-13,14],[-11,21],[-9,4],[-3,-19],[-13,13],[-3,12],[-15,-21],[-9,35],[3,6],[21,-2],[7,-10],[16,12],[17,-11],[10,-26],[2,-28]],[[8275,3356],[-7,19],[8,8],[5,-13],[20,-10],[3,-29],[-19,-3],[-2,13],[-10,-15],[-24,-16],[-9,8],[0,26],[8,12],[15,-6],[9,-14],[7,15],[-4,5]],[[7959,3743],[-15,20],[-6,37],[-6,12],[-11,7],[7,29],[6,-18],[6,24],[5,-41],[8,-27],[9,-10],[-5,-15],[2,-18]],[[8340,3223],[-24,37],[-14,13],[6,12],[19,4],[18,-33],[4,-13],[-9,-20]],[[8837,3355],[-14,6],[15,57],[10,11],[9,-19],[-5,-26],[-11,-28],[-4,-1]],[[8517,3692],[-14,18],[-1,24],[17,4],[11,-20],[0,-15],[-13,-11]],[[8196,3338],[-16,24],[-1,9],[17,7],[12,-17],[-12,-23]],[[8077,4061],[9,2],[-6,17],[13,79],[7,9],[31,20],[6,11],[6,33],[7,11],[11,36],[9,18],[8,4],[9,30],[3,-9],[14,1],[1,17],[-6,12],[3,13],[12,1],[1,19],[16,45],[7,39],[8,-18],[4,14],[4,-16],[9,-16],[1,-11],[-5,-33],[14,8],[-3,-23],[17,4],[19,-34],[-10,-18],[-16,2],[-3,-19],[11,-22],[-8,-17],[-14,-7],[2,-30],[-17,-9],[8,-34],[13,-52],[-3,-29],[6,-23],[16,-30],[7,-25],[-15,-5],[-10,8],[-9,-18],[-6,-55],[3,-34],[-2,-28],[-9,5],[-13,-31],[-5,-21],[-9,-20],[5,-12],[3,-23],[-8,-2],[5,-18],[-12,-61],[-7,-19],[-27,-35],[-6,50],[-7,18],[-14,-19],[-4,17],[-9,10],[-10,19],[-6,-32],[-9,1],[-14,-18],[0,28],[-4,34],[-4,-13],[-18,-14],[-4,13],[-15,-7],[-1,43],[-4,61],[-4,24],[-17,32],[7,11],[-10,22],[2,24],[-4,20]],[[6152,6960],[5,26],[-1,23],[-6,48],[-8,17]],[[6142,7074],[5,39]],[[6147,7113],[64,15],[49,-83]],[[6260,7045],[-11,11],[-9,-1],[-10,-10],[-10,-2],[-30,-75],[-5,1],[-12,-14],[-21,5]],[[5772,8062],[-6,-1],[2,-31],[-8,-40],[-32,13],[-26,42],[-16,-10],[-78,0],[-21,-16],[4,-44],[10,0],[10,-19],[-2,-22],[5,-11],[3,-48],[-21,-22],[-10,0],[-9,-13],[-10,10],[-1,-19],[-9,0],[0,11],[-24,-30],[-17,-11],[-9,18],[11,65]],[[5518,7884],[18,1],[0,-8],[28,30],[-14,-3],[3,23],[29,-3],[6,11],[1,28],[-6,21],[-3,33],[2,37],[10,18],[0,23],[10,21],[24,11],[1,-8],[13,-18],[4,-20],[16,-8],[13,11],[3,10],[-3,41],[7,35],[-5,7],[-7,-15],[-11,10],[1,30],[-5,-6],[-5,14],[2,25],[17,4],[9,14],[11,6],[14,-6],[5,9],[25,-3],[38,-11]],[[5769,8248],[-1,-26]],[[5768,8222],[-1,-7]],[[5767,8215],[-1,-44]],[[5766,8171],[-2,-60],[8,5],[-5,-27],[8,-11],[-3,-16]],[[5854,8015],[4,-12],[25,9],[-2,-34],[-19,-17],[9,-27],[-1,-9],[24,3],[2,-39],[10,-25],[-4,-23],[2,-24],[-12,-21],[-14,18],[-7,-16],[5,-48],[9,-18],[-16,1],[-22,-26],[9,-19],[19,2],[13,-13],[12,13],[17,-13],[14,14],[4,-17],[12,-6],[2,18],[19,-4],[-1,28],[14,6],[13,-9],[15,12],[5,29],[8,2],[1,-22]],[[6023,7728],[21,-49],[19,-15],[-4,-155]],[[6059,7509],[-12,-8],[-6,-36],[-40,-39],[-110,-70]],[[5891,7356],[-2,-2]],[[5889,7354],[-32,40],[-70,-153],[-50,-6]],[[5737,7235],[5,16],[-1,23],[-22,78],[-7,131],[-41,21],[-8,20],[-59,24],[0,11],[-12,9],[-18,-16],[-4,11],[-15,0],[-3,-24],[-9,5],[-5,19],[-13,-13]],[[5525,7550],[-3,7],[-1,33],[-4,34],[-14,25],[-14,32],[-2,16],[-7,9],[-3,-12],[-9,3],[0,19],[-10,18],[0,-12],[-21,19],[3,32],[5,0],[5,45],[5,14],[-5,13],[12,11],[4,-29],[0,29],[-3,13],[12,6],[17,22],[-2,18]],[[5490,7915],[17,3],[7,-29],[4,-5]],[[5772,8062],[6,-11],[2,16],[20,7],[7,-25],[24,0],[21,-46],[2,12]],[[5737,7235],[-66,44],[-18,0],[-76,-67],[-28,0],[-23,-39],[-33,0],[-9,-18],[-16,7],[-5,-28]],[[5430,7137],[-10,25],[11,-1],[-15,23],[-1,27],[-17,29]],[[5398,7240],[5,33],[8,6],[2,-27],[15,-4],[1,22],[18,-11],[-1,22],[4,19],[6,-4],[3,19],[-7,3],[6,16],[-2,22],[6,27],[-1,31],[5,8],[17,-2],[2,18],[-7,0],[-1,27],[4,38],[15,-12],[7,4],[11,51],[11,4]],[[5476,7302],[0,0]],[[4940,7096],[6,-1]],[[4974,7064],[-21,-55],[2,-25],[-15,3]],[[4940,6987],[-5,18],[7,0],[-4,13],[-13,13],[4,47],[11,4],[0,14]],[[4755,6992],[-2,9],[6,30],[-8,29],[-8,5],[-1,11],[7,17],[20,5],[2,19],[7,9],[9,-1],[14,-12],[19,0],[13,10],[13,-9],[20,-8],[27,-2],[12,-4],[11,12],[7,-1],[11,-15],[6,0]],[[4940,6987],[0,-23],[-4,-17],[7,-2],[3,-44],[-10,-17],[0,-11],[8,-11],[5,-16],[-5,-19],[5,-9],[0,-21],[-6,5],[0,-47],[6,-5],[0,-19],[5,-6],[0,-19],[-11,-5],[3,-14],[-6,-30],[6,-21]],[[4946,6636],[-9,-16],[-10,6],[-10,-5],[-41,-1],[-9,-17],[-12,-6],[-6,-24],[-7,-5],[-15,20],[-2,21],[-10,32],[-16,15],[-8,-1]],[[4939,6500],[3,-17],[9,-16],[2,-29],[0,-68],[2,-15],[-6,-45]],[[4949,6310],[-29,-10],[-33,0],[-23,8],[-95,68],[27,26],[9,12],[14,42],[16,92],[10,10],[11,-32],[16,-19],[32,1],[12,16],[5,-18],[18,-6]],[[5180,6332],[-23,6],[-89,-11],[-99,-15],[-20,-2]],[[4939,6500],[19,12],[10,29],[20,17],[9,-9],[8,21],[16,25],[8,6],[41,8],[8,10],[14,-4],[11,13],[19,0],[20,-12],[25,12],[8,18],[17,-19]],[[5192,6627],[-12,-295]],[[5336,6343],[8,-30],[4,-120]],[[5348,6193],[-129,129],[-39,10]],[[5192,6627],[10,17],[7,-1],[10,-19],[20,8],[22,28],[9,0],[11,-13],[4,-25],[8,3],[13,20],[-3,-30],[-12,-32],[3,-23],[11,-20],[3,-27],[-7,-32],[-8,-11],[-15,-41],[11,-32],[10,-12],[9,5],[3,-20],[25,-27]],[[5336,6343],[12,-10],[18,3],[27,-8],[7,-15],[16,-8],[7,-13],[3,-27],[14,-37],[13,-9],[30,-12],[15,-17],[27,-40],[11,4],[18,33],[4,17],[-5,47],[4,31],[8,19],[19,24],[17,13],[25,-7],[13,-17],[4,-25],[15,-4],[9,-10],[22,-2],[12,-34],[25,4],[45,-23],[4,-13],[17,-3],[20,-15],[12,22],[12,13],[24,17],[20,-6],[3,-15],[7,-12],[7,5],[13,-9],[7,13],[15,-12],[17,19],[9,28],[9,76],[3,2],[16,102],[10,22],[-4,23],[2,38],[-6,11],[7,30],[-5,21],[12,26],[-6,20]],[[5996,6623],[25,17],[-8,26],[59,73]],[[6072,6739],[16,-12],[-6,-43],[-28,-21],[0,-16],[12,-37],[-8,-43],[22,1],[-24,-101]],[[6056,6467],[-23,-75],[-19,-173],[2,-99],[23,-141],[46,-168],[30,-107],[27,-117],[19,-50],[3,-68],[-31,-78]],[[6133,5391],[-3,13],[-26,39],[-17,59],[-1,85],[-6,34],[-16,69],[-9,21],[-12,11],[-10,28],[0,36],[-15,62],[-10,29],[-24,94],[-9,25],[-10,2],[3,19],[6,71],[-3,9],[-6,-16],[-6,-37],[-6,-66],[-8,-2],[-20,55],[-4,32],[-6,14],[-9,47],[-6,-5],[-3,-17],[9,-56],[20,-62],[16,-97],[5,-15],[11,-56],[19,-85],[-74,-48],[-48,-5],[-40,26],[-54,229],[-55,58],[-104,6],[-130,48],[-124,148]],[[6038,5336],[25,-48],[7,-7],[-31,-33],[-27,27],[-14,97],[21,71],[13,26],[2,-80],[4,-53]],[[6208,4673],[-29,-16]],[[6179,4657],[-12,64],[-15,27]],[[6152,4748],[4,42],[33,31],[-8,-15],[23,-8],[25,-77],[-21,-48]],[[6179,4657],[-8,-170],[-58,-21],[-16,-21],[-33,-5]],[[6064,4440],[-6,-1],[-59,69],[-10,48],[-5,106],[5,192],[22,191],[29,37],[20,16],[19,0],[16,-47],[47,-80],[8,-80],[-6,-64],[-14,-42],[6,-27],[16,-10]],[[5935,5157],[-12,5],[-31,-16]],[[5892,5146],[-12,16],[-2,64],[8,27],[31,37],[24,-22],[9,-53],[-15,-58]],[[5935,5157],[15,-53],[10,-154],[0,-59],[-27,-128],[-35,0],[-16,101],[2,181],[8,101]],[[5778,2441],[4,111]],[[5782,2552],[20,106],[33,133],[43,22],[37,0],[11,-34],[8,-152]],[[5934,2627],[-7,-140]],[[5927,2487],[-1,-19]],[[5926,2468],[-8,-161],[-47,-159],[-27,-42],[-28,0],[-21,69],[-15,154],[-2,112]],[[5449,3314],[11,-25],[0,-30],[-11,-23],[-15,0],[-11,23],[2,38],[6,13],[18,4]],[[5133,4543],[15,58]],[[5148,4601],[43,-6],[13,-53]],[[5204,4542],[0,-70],[-17,-80]],[[5187,4392],[-18,-108]],[[5169,4284],[-14,22],[-5,23]],[[5150,4329],[0,0]],[[5150,4329],[-2,21],[3,16]],[[5151,4366],[-8,12],[-15,42],[-15,16],[-4,10],[24,97]],[[5148,4601],[0,0]],[[5133,4543],[0,0]],[[5133,4543],[-16,-19],[-24,0],[-21,11],[-18,42],[0,32],[10,53],[25,22],[31,-6],[14,-22],[14,-55]],[[4890,4351],[13,46],[16,16],[31,10],[18,0],[20,-10]],[[4988,4413],[26,-29],[-12,-5],[-19,-24],[-16,-13],[-24,-32],[-19,25],[-9,16],[-3,-9],[-22,9]],[[4739,4854],[12,122],[20,90],[65,189]],[[4836,5255],[62,88],[58,26],[32,-31],[45,-136],[61,-214],[4,-58],[-4,-12]],[[5094,4918],[0,0]],[[5094,4918],[-18,-47],[-23,-11]],[[5053,4860],[-22,28],[-34,136],[-21,42],[-31,0],[-16,-10],[-33,-64],[-38,-94],[-50,-39],[-51,-48],[-18,43]],[[4739,4854],[-44,-58],[-22,-1],[-26,43],[-43,106],[-62,17]],[[4542,4961],[-5,9]],[[4537,4970],[-1,17]],[[4536,4987],[0,0]],[[4536,4987],[-10,36],[-11,16],[16,36],[12,59],[2,43],[7,42],[4,63],[-2,36],[111,-18],[82,16],[55,-16],[34,-45]],[[4537,4970],[5,-9]],[[4542,4961],[-5,9]],[[5098,4850],[6,106],[89,43],[37,20],[23,0],[26,-22]],[[5279,4997],[18,-211]],[[5297,4786],[-24,-28],[-74,10],[-70,34],[-31,48]],[[5232,4194],[0,17],[7,24],[6,-3],[-7,-39],[-6,1]],[[5279,4997],[21,27],[26,117],[6,298],[13,47],[24,-2],[47,-428],[23,-53],[0,-85],[-31,-45]],[[5408,4873],[-65,-94],[-46,7]],[[6302,4943],[-8,-5],[-22,0],[-24,-42],[-7,0],[-7,-13],[-17,2],[-10,19],[-5,22],[2,24],[-16,137],[3,37],[-4,48]],[[6187,5172],[69,76],[29,-42],[10,-122]],[[6295,5084],[-9,-96],[11,-11],[5,-34]],[[6295,5084],[33,72],[74,52],[96,186],[83,66],[34,87]],[[6615,5547],[46,31]],[[6661,5578],[-8,-34],[-19,-50],[-9,-50],[-16,-1],[-4,-17],[-1,-62],[2,-20],[-18,-7],[-13,-18],[-5,-34],[-8,-17],[-19,-3],[-8,-19],[-2,-38],[-8,-13],[-23,4],[-33,-30],[-7,-8],[-12,-28],[-2,-30],[-23,-32],[-29,-21],[-26,-23],[-11,-30],[-11,-13],[-14,0],[-19,-27],[-13,-14]],[[6615,5547],[-15,62],[-34,54],[-67,-25],[-95,54],[11,42]],[[6415,5734],[-3,60],[6,49],[8,6],[6,-31],[0,-57],[-8,-38],[8,-20],[10,-5],[12,12],[16,-6],[4,5],[17,-8],[18,12],[7,17],[5,25],[19,50],[2,-4],[13,29],[10,34],[1,-27],[-7,-28],[6,-2],[1,-46],[11,-39],[10,-21],[26,-35],[15,-3],[23,-66],[10,-19]],[[6056,6467],[36,0],[19,-15],[113,-293],[21,-24],[29,-10],[28,-31],[26,5]],[[6328,6099],[-6,-16],[5,-7],[9,6],[13,-84],[7,-42],[8,1],[1,-11],[10,-27],[11,-5],[6,-14],[-6,-19],[4,-12],[-4,-26],[6,-30],[7,-5],[6,-43],[0,-14],[10,-17]],[[6187,5172],[-6,31],[-15,48],[-10,22],[-7,28],[-16,90]],[[6072,6739],[15,18],[57,117],[8,86]],[[6260,7045],[12,-6],[-2,-20],[8,-15],[23,-15],[14,-29],[0,-10],[17,-6],[7,18],[-27,95],[-2,43],[9,15]],[[6319,7115],[6,20],[-4,-26],[0,-36],[6,-11],[17,-55],[3,-12],[10,-17],[10,-29],[3,-24],[13,-27],[11,-1],[7,-22],[-12,6],[-13,-12],[-8,-84],[-4,13],[-8,-64],[-3,-42],[3,-15],[18,-16],[15,-5],[6,-24],[9,-15],[24,-16],[10,-2],[37,15],[19,3],[5,7]],[[6499,6624],[89,-434],[55,-165],[23,-142]],[[6666,5883],[13,-87]],[[6679,5796],[-32,3],[-8,-2],[-8,16],[-23,0],[-3,8],[-15,11],[-9,48],[-4,37],[-10,9],[-15,0],[-13,-10],[-22,-41],[-16,22],[-12,3],[-7,12],[-13,10],[-14,39],[-12,14],[-10,3],[-7,15],[-16,71],[-2,28],[-16,48],[-12,-5],[-11,7],[-2,27],[-8,-6],[-6,-28],[-23,-8],[3,-29],[-5,1]],[[6919,5623],[-20,31],[-9,31],[-10,4],[-11,20],[-3,36],[-14,12],[-2,40],[-9,13],[-15,-13],[-37,-10],[-10,16],[-12,-4],[-6,-13],[-27,0],[-31,-10],[-13,5],[-11,15]],[[6666,5883],[153,31],[41,58],[72,160],[18,85],[3,18]],[[6953,6235],[32,-13],[37,-11]],[[7022,6211],[-29,-79],[-46,-134],[-21,-138],[-10,-112],[3,-125]],[[6953,6235],[47,304]],[[7000,6539],[73,-46],[92,-7]],[[7165,6486],[-18,-62],[-2,-64],[8,-74],[70,-152],[172,-215]],[[7395,5919],[-27,-202],[-8,0],[-51,42],[-17,0],[4,-37],[27,-26],[2,-16],[-33,-32]],[[7292,5648],[-45,32],[-55,19],[-18,25]],[[7174,5724],[-14,97],[-38,135],[-22,19],[-21,13],[-4,74],[-4,123],[-29,21],[-20,5]],[[7371,5385],[-19,44],[-11,39]],[[7341,5468],[-49,180]],[[7395,5919],[67,-43],[66,0],[14,-9]],[[7542,5867],[14,-62],[-9,-96]],[[7547,5709],[-9,-99]],[[7538,5610],[-9,-11],[-30,0],[0,-46],[-3,15],[-2,-22],[-6,-10],[-4,18],[-6,-21],[-5,9],[-1,-17],[-8,0],[-5,26],[-5,-23],[-3,1],[-6,25],[-11,-27],[-20,-20],[-4,-11],[4,-32],[-8,-35],[-15,-29],[-20,-15]],[[7165,6486],[131,-9],[115,27],[86,5],[2,32],[-2,26],[2,38],[47,-11],[107,53]],[[7653,6647],[171,-57],[20,-187],[-48,-362],[-57,-88]],[[7739,5953],[-12,5],[-5,39],[-5,14],[-10,8],[-4,-15],[-52,-20],[-17,-24],[-15,-50],[-53,-21],[-24,-22]],[[8480,6810],[120,166]],[[8600,6976],[0,-28],[-4,-43],[-9,-3],[-20,-41],[-21,-14],[-7,-18],[-4,-29],[32,-70],[19,-68],[3,-22],[-2,-75],[8,-3],[-11,-54],[-7,-12],[-7,7],[-11,-22],[-9,10],[-13,-10],[-15,-27],[-11,-11],[-6,64],[9,30],[3,26],[-6,14],[-2,36],[-11,7],[12,17],[8,-9],[3,17],[-16,49],[-8,-17],[-5,19],[-5,4],[-8,-25],[-5,20],[-9,12],[-2,15],[6,23],[10,8],[-7,18],[8,39]],[[7174,5724],[-38,-29]],[[7136,5695],[0,0]],[[7136,5695],[-89,-69]],[[7047,5626],[-7,-5],[-12,96],[-74,-97]],[[6954,5620],[-9,-6],[-26,9]],[[7371,5385],[-7,-11],[-24,-72],[-8,-17],[-8,-9],[-9,-27],[-23,-35],[-6,-16]],[[7286,5198],[-66,43],[-17,-27]],[[7203,5214],[70,108],[68,146]],[[7047,5626],[15,-75],[-21,-144],[-20,-2],[2,-46]],[[7023,5359],[-3,59],[10,45],[0,10],[-9,24],[-3,50],[1,20],[-11,-1],[-5,-20],[4,-20],[-4,-29],[-7,-12],[-24,-24],[-15,9],[-7,12],[-31,74],[-6,23],[17,-3],[13,7],[12,29],[-1,8]],[[7206,5127],[-42,16]],[[7164,5143],[-12,5]],[[7152,5148],[54,-21]],[[7181,5351],[0,0]],[[7181,5351],[6,4]],[[7187,5355],[-6,-4]],[[7041,5146],[24,2],[19,-25],[29,0],[23,25],[16,0]],[[7206,5127],[28,-18]],[[7234,5109],[-4,-9],[-6,-34],[2,-93],[-2,-16],[6,-24],[-2,-36],[-13,-79],[-2,-21],[4,-78],[-1,-8],[-16,-4],[-8,-51],[6,-15],[-23,-21],[-5,-36],[-7,-17],[-11,-17],[-4,2],[-18,47],[-5,30],[-4,45],[-9,59],[-11,62],[-13,49],[-13,114],[-9,53],[-16,70],[-9,65]],[[7578,5444],[-5,-1],[-13,35],[-7,34],[-2,39],[-8,46],[-5,13]],[[7547,5709],[32,-158],[-1,-107]],[[8028,4832],[1,-21],[-10,-36],[-15,-13],[-14,-31],[-11,-13],[-12,16]],[[7982,4862],[46,-30]],[[7932,5261],[-18,-31],[-23,40],[-68,0],[0,119]],[[7823,5389],[5,63],[32,32]],[[7860,5484],[10,-66],[15,-54],[26,-42],[21,-61]],[[7984,5484],[-2,-7],[-16,2],[-1,-19],[-11,-38],[-11,-17],[-4,-13],[-8,-62],[23,-60],[2,-33],[19,-43],[19,-48],[8,-2],[4,-13],[7,-52],[8,-19],[8,-67],[7,-91],[-7,-30],[-1,-40]],[[7985,4928],[1,11],[-6,33],[0,22],[4,59],[-3,33],[-7,15],[0,37],[-13,22],[-29,101]],[[7860,5484],[67,67],[23,-15],[34,-52]],[[8167,5583],[0,0]],[[8168,5596],[9,-6],[-7,-20],[-7,17],[5,9]],[[7653,6647],[-11,43],[13,90],[203,5],[464,218],[340,90]],[[8662,7093],[-8,-5],[-14,-34],[-35,-64],[-5,-14]],[[8480,6810],[-11,19],[-10,-6],[-13,25],[-5,-6],[-24,-9],[-28,-30],[-15,-28],[-12,-9],[17,42],[-11,1],[-1,15],[24,58],[-10,27],[-9,10],[-11,-1],[-21,-51],[-12,-8],[-13,-14],[-11,-45],[-12,-3],[-7,-13],[-6,18],[-9,-3],[-9,-44],[5,-23],[17,-17],[15,2],[3,-9],[-2,-36],[4,-27],[18,3],[16,33],[14,12],[21,-29],[13,3],[14,-5],[-4,-41],[-11,9],[-28,-20],[-9,-14],[0,-24],[-7,-5],[-4,15],[-6,-4],[2,-15],[-8,-28],[-18,-36],[-1,-26],[8,-7],[19,-33],[5,-17],[5,-40],[8,-21],[1,-37],[11,-15],[5,-19],[10,-17],[1,-15],[-10,-12],[6,-13],[4,-25],[-2,-16],[-15,-8],[-12,-18],[-18,-17],[14,-8],[11,14],[9,0],[6,-20],[11,-6],[-3,-15],[-9,-15],[8,-7],[-6,-35],[-2,-32],[-5,-19],[-4,11],[-14,-50],[-5,-30],[-13,-34],[-12,-8],[3,-23],[-2,-36],[-4,-17],[-7,-7],[-7,-42],[-13,-28],[-12,7],[-4,-10],[2,-27],[-13,-26],[-12,-10],[-15,-25],[-2,-21],[-13,-6],[-5,-14],[-11,10],[-13,-19],[-8,-3],[0,15],[-23,-14],[-7,21],[-2,-44],[-8,-13],[-6,5],[-4,-22],[-20,-6],[-5,6],[-9,-18],[-12,-1],[-15,-18],[-9,3],[-4,-30],[10,-31],[-14,-14],[-6,24],[-3,35],[5,31],[-8,8],[-11,-14],[-8,7],[-7,23],[-5,-21],[-14,-3],[-13,-22],[1,-15]],[[7823,5389],[-34,27],[-5,26],[-11,7]],[[7773,5449],[-7,181],[-29,123],[2,200]],[[7623,5217],[-1,63],[-13,76],[-3,-18],[-11,16],[10,6],[-2,25],[-11,31],[-12,6],[-2,22]],[[7773,5449],[-33,-151]],[[7740,5298],[-77,-43],[-40,-38]],[[7740,5298],[-30,-141]],[[7710,5157],[-7,6],[-3,30],[-10,29],[-3,-1],[-1,-32],[-7,-27],[-21,-25],[-11,-35],[-3,24],[-7,-12],[-6,7],[2,20],[-19,-15],[0,15],[9,76]],[[2274,5138],[-20,30],[-31,22],[-35,38],[-21,44],[-19,4],[-23,19],[-20,51],[-20,27],[-16,48],[67,-19],[61,-75],[0,62],[26,13],[0,221],[58,-41],[10,-82],[26,-92],[16,-71],[4,-10],[22,-7],[13,-31],[10,-2],[13,8],[1,-86],[-11,-20],[-29,7]],[[2356,5196],[-53,48],[-16,-28],[-13,-78]],[[2356,5196],[1,-49],[-24,-31],[-9,-9],[-12,3],[-15,13],[-16,6],[-7,9]],[[2500,5369],[0,129],[4,6],[22,11],[20,14],[20,-8],[12,3],[7,-16],[0,-24],[-20,-56],[0,-23],[-6,-21],[6,-1],[-6,-86],[-8,37],[-4,-11],[-3,-31],[8,6],[0,-14],[-5,-41],[2,-8],[-3,-26],[3,-11],[-6,-41],[-8,-12],[-33,51],[11,55],[18,69],[-5,41],[-26,8]],[[3013,1651],[-5,95],[1,19],[9,35],[3,43],[-5,30],[8,80],[5,19],[8,106],[-1,35],[8,38],[-3,30],[1,64],[3,20],[-6,12],[0,24],[8,13],[5,89],[0,76],[-3,117],[-2,32],[-8,39],[-22,28],[-7,35],[-7,7],[-39,54],[-21,23],[-33,60],[-15,35],[-13,45],[0,44],[-13,53],[-17,90],[-11,19],[1,30],[-38,189],[-21,74],[-7,31],[-15,28],[-20,24],[12,10],[0,22],[-12,43],[-3,23],[3,25],[20,49],[12,17],[11,45],[-1,45],[-15,-40],[-12,13],[-5,14],[6,17],[-2,18],[2,30],[-6,30],[17,27],[-4,12],[2,19],[8,20],[1,55],[9,4],[22,-32],[16,-54],[-10,-133],[0,-106],[23,-40],[1,-201],[99,-371],[158,-67],[41,-119],[31,-133],[15,-186]],[[3180,2592],[-46,-439],[-30,-240]],[[3104,1913],[-6,-173]],[[3098,1740],[-25,-120],[0,-133],[-26,-146],[-20,-53],[-63,-5],[4,9],[14,109],[13,49],[6,52],[9,39],[-3,37],[9,31],[-3,42]],[[5263,7030],[-1,-26],[-8,-50],[-12,15],[0,23],[-6,18],[3,26],[11,14],[11,8],[2,-28]],[[5392,7853],[-8,1],[-2,15],[10,-16]],[[5401,7857],[0,0]],[[5262,7884],[0,-5]],[[5262,7879],[0,0]],[[5281,7890],[14,-5],[11,3],[-1,-15],[-8,-10],[19,-7],[5,12],[13,5],[17,16],[8,2],[14,-23],[6,4],[3,-22],[18,-13],[1,20]],[[5401,7857],[24,14],[16,4],[16,21],[33,19]],[[5379,7268],[-8,-1]],[[5332,7001],[-13,27],[-11,12],[-10,22],[-7,28],[-6,33],[-10,30],[-28,23],[-7,-1],[-19,-33],[-16,-14]],[[5049,7644],[18,9],[16,19],[19,1],[-5,18],[21,36],[10,49],[11,7],[6,-16],[-6,-5],[-2,-20],[15,-8],[7,12],[-4,14],[2,16],[-10,3],[2,25],[16,14],[22,4],[6,-5],[6,19],[22,4],[6,-23],[0,15],[9,-6],[1,25],[16,0],[-7,5],[0,26]],[[5267,7397],[-4,11],[-14,7],[-1,-6]],[[5248,7409],[-12,10],[0,-15],[-22,-5],[-4,4],[-29,-45],[5,-6],[14,18],[-6,-35],[7,-14],[5,-38],[11,1],[9,16],[-2,10],[16,17],[6,-18],[-1,22],[18,15],[0,28],[4,23]],[[5177,7322],[15,-4],[-9,8],[-6,-4]],[[5255,7408],[-2,1]],[[5253,7409],[2,-1]],[[5250,7409],[-1,0]],[[5249,7409],[1,0]],[[4596,5994],[11,25],[9,47],[8,28],[3,-25],[-10,-15],[-3,-49],[-18,-11]],[[4567,6004],[5,1],[5,-21],[-10,-13],[-9,13],[9,20]],[[4519,6011],[12,3],[22,16],[-16,-36],[-19,-1],[1,18]],[[1303,7867],[10,4],[18,-4],[5,-9]],[[1336,7858],[-5,-36],[-14,-8],[-11,27],[-3,26]],[[3298,7274],[-4,18],[1,21],[21,58],[10,-14],[-9,-40],[-11,-14],[-3,-15],[9,-7],[16,31],[10,-17],[-5,-17],[-14,-13],[-14,0],[-7,9]],[[3155,7225],[-1,1],[-25,268],[10,8]],[[3139,7502],[27,15],[18,5],[11,-2],[18,-19],[4,-21],[-6,-14],[-13,-9],[-10,-15],[-18,6],[-17,-8],[18,-10],[6,-21],[16,16],[11,-8],[-8,-16],[-1,-16],[-12,-15],[16,0],[-1,-29],[9,-33],[22,-7],[-9,-8],[9,-13],[7,3],[31,-14],[12,14],[6,-17],[7,4],[6,-13],[-4,-12],[12,-7],[-29,-16],[-29,-26],[-1,9],[-13,-23],[-9,4],[-10,-9],[-13,-23],[-3,-18],[-7,-11],[-7,2],[-4,-17],[-7,3],[-6,22],[-2,-8],[-5,28],[6,25],[-6,0],[48,65],[4,-17],[24,20],[-40,2],[14,18],[3,15],[-8,-2],[-8,-16],[-25,-27],[-8,0],[-10,-13]],[[2139,6362],[0,-16]],[[2139,6346],[1,-17],[17,-26]],[[2157,6303],[35,-54]],[[2192,6249],[-4,-236],[-223,-160],[2,25],[-10,20],[-5,-8],[-6,32],[-12,12],[-6,18],[-1,28],[-18,19],[-12,28],[-9,40],[-19,73]],[[1869,6140],[112,67],[-7,90]],[[1974,6297],[165,65]],[[2683,6106],[25,27]],[[2708,6133],[29,33]],[[2737,6166],[1,-26],[11,-58],[12,-51],[4,-56],[10,-62],[1,-27],[-4,-59],[-4,-13],[1,-22],[-22,-9],[-1,19],[-7,34],[-10,5],[-4,38],[-5,7],[-2,23],[-5,-3],[-12,51],[8,14],[-1,15],[-6,-14],[-3,7],[5,77],[-4,15],[-9,9],[-8,26]],[[1869,6140],[-10,51],[0,26],[-16,14],[-1,15],[-8,11],[-3,-11],[-7,4]],[[1824,6250],[-64,274],[24,9]],[[1784,6533],[168,64]],[[1952,6597],[22,-300]],[[1864,6163],[0,0]],[[1952,6597],[176,68],[11,-303]],[[2708,6133],[-97,379]],[[2611,6512],[-4,14],[163,242]],[[2770,6768],[29,42],[49,-351]],[[2848,6459],[-14,-40],[-18,-9],[-16,-25],[-4,-26],[-11,-22],[-14,-19],[-10,-3],[-16,-62],[-9,-66],[1,-21]],[[1661,6929],[-14,-6]],[[1647,6923],[-101,-45]],[[1546,6878],[-1,2]],[[1545,6880],[0,30],[5,32],[1,28],[-3,26]],[[1548,6996],[-8,48],[-2,30]],[[1538,7074],[9,23],[5,24]],[[1552,7121],[-6,29]],[[1546,7150],[7,70],[3,52]],[[1556,7272],[-1,13]],[[1555,7285],[0,0]],[[1555,7285],[-2,5]],[[1553,7290],[1,20],[7,0]],[[1561,7310],[-10,4],[1,23]],[[1552,7337],[-1,20],[7,7]],[[1558,7364],[-10,-2],[-1,32]],[[1547,7394],[0,0]],[[1547,7394],[-12,48],[0,15]],[[1535,7457],[2,4],[24,-14],[15,1],[12,-13]],[[1588,7435],[0,-14],[-10,-25]],[[1578,7396],[12,-16],[7,25],[4,34],[-2,23],[40,10]],[[1639,7472],[22,-543]],[[2096,7222],[-16,-46],[-9,-49],[-15,-32]],[[2056,7095],[-24,29],[-9,18],[-16,6],[-36,32],[-35,19],[-18,23],[-17,31],[39,93],[65,29],[42,52],[64,-20],[-15,-36],[-4,-70],[9,-69],[-5,-10]],[[2096,7222],[9,12],[14,4],[14,-7],[12,-22],[13,-29],[2,-23],[-18,-65],[-2,-21],[-15,-26],[-19,-47],[-18,20],[-17,47],[-15,30]],[[1726,7314],[15,5],[5,25],[14,8],[16,-15],[28,1],[16,-23],[0,-26],[7,-34],[-60,-61],[-28,8],[-9,61],[4,28],[-8,23]],[[2354,6404],[-4,113],[261,-5]],[[2683,6106],[-13,33],[-12,3],[-13,-22],[-15,-9],[-5,27],[-6,12],[-10,2],[-9,17],[-19,-8],[-9,6],[0,-10],[-10,-3],[-8,30],[-3,-25],[-5,4],[-25,1],[-13,-16],[-8,15],[0,-25],[9,4],[8,-16],[-9,-12],[4,-20],[7,-5],[8,-18],[-13,-1],[-4,13],[-10,9],[0,-21],[-35,15],[-5,16],[-14,21],[-8,-2],[7,-13],[-4,-6],[-15,3],[-22,13],[-19,-5],[-8,-11],[-10,2],[-2,15]],[[2365,6119],[0,0]],[[2365,6119],[0,0]],[[2365,6119],[-11,285]],[[2782,7060],[36,38]],[[2818,7098],[19,0],[9,-10],[16,2]],[[2862,7090],[103,-149]],[[2965,6941],[-14,-14],[-15,-25],[10,-14],[-6,-49],[-7,-25],[-13,-31],[-2,19],[-5,0],[-14,31],[11,-58],[4,-2],[1,-25],[-11,-37],[-12,-51],[-4,3],[4,28],[6,14],[-18,46],[8,9],[-7,10],[-1,12],[7,16],[-6,1],[9,32],[-12,-27],[-4,-35],[6,-49],[-13,13],[-13,21],[-2,-7],[10,-17],[21,-22],[-6,-17],[-13,26],[9,-27],[8,-5],[-3,-12],[3,-29],[-10,15],[-9,1],[13,-18],[14,-7],[-1,-26],[6,-31],[-11,16],[3,-11],[-18,-16],[19,4],[1,-25],[3,20],[5,-7],[-11,-36],[-20,10],[10,-13],[-5,-17],[-8,-5],[18,-4],[-9,-15],[-18,-7],[-5,-13]],[[2770,6768],[-61,190],[23,11],[7,10],[36,32],[31,40],[2,12],[-26,-3]],[[2765,7042],[2,3]],[[2767,7045],[-2,-3]],[[2365,6119],[-6,-7]],[[2359,6112],[0,0]],[[2359,6112],[6,-24],[-15,-28],[-162,-47],[4,218]],[[2192,6231],[0,0]],[[2192,6231],[0,18]],[[2157,6303],[-17,26],[-1,17]],[[2139,6346],[0,16],[180,35]],[[2319,6397],[35,7]],[[2863,7148],[-10,-11]],[[2853,7137],[10,11]],[[3035,7267],[20,34],[59,2],[29,-72]],[[3143,7231],[-9,-21],[6,-2],[-6,-12],[-16,-4],[-9,-18],[-2,12],[-9,-10],[-1,-10],[-9,7],[1,17],[-13,-46],[-4,7],[-3,-14],[-9,-10],[-3,11],[-8,-8],[1,-11],[-10,-17],[-9,-39],[8,-11],[-13,-26],[8,-4],[13,-39],[9,8],[1,-11],[-20,-9],[0,13],[-14,-18],[2,22],[-8,1],[-2,-30],[-39,-10],[-11,-8]],[[2862,7090],[22,28],[-3,16],[6,12],[-8,4],[9,19],[-12,-7]],[[2876,7162],[39,45],[92,11],[28,49]],[[1824,6250],[-14,16],[-4,-50],[7,-20],[1,-51],[8,-27],[8,-9],[14,-39],[8,-39],[13,-16],[4,-45],[12,-15],[10,-61],[9,7],[3,-14],[4,-48],[15,-73],[1,-36],[8,-17],[8,12],[10,-45],[9,-8],[0,-28],[-11,-23],[-3,1],[-6,37],[-32,61],[-15,32],[-7,23],[2,41],[-9,44],[-16,23],[-8,22],[-8,-3],[-25,34],[-16,44],[16,-5],[10,20],[1,26],[-5,21],[-20,43],[-17,27],[-7,43],[-6,4],[-2,31],[-16,60],[3,20],[-10,21],[-10,43],[-5,41],[-14,29],[-14,9],[-3,17],[-7,-1],[-12,10],[-9,19],[-25,2],[-5,8],[1,41],[-8,7],[1,14],[-13,22],[-5,20],[-10,20],[-2,25],[4,5],[-2,18],[-9,5],[-7,17],[-2,34],[13,-18],[-12,46],[0,-20],[-13,18],[-6,28],[-16,36],[1,4]],[[1562,6790],[-4,24],[2,14]],[[1560,6828],[-6,27],[-8,23]],[[1647,6923],[52,-148]],[[1699,6775],[85,-242]],[[1146,8473],[279,-121]],[[1425,8352],[-60,-361],[-9,22],[-16,-2],[-14,-12]],[[1326,7999],[0,7]],[[1326,8006],[0,0]],[[1326,8006],[-1,14]],[[1325,8020],[5,15]],[[1330,8035],[-21,48],[-15,15]],[[1294,8098],[2,11]],[[1296,8109],[-8,26],[4,8]],[[1292,8143],[0,0]],[[1292,8143],[-10,11],[-8,18],[-19,23],[-6,25]],[[1249,8220],[-3,19]],[[1246,8239],[-9,12],[-1,-26]],[[1236,8225],[5,-29]],[[1241,8196],[1,-15],[-13,7],[-11,31],[-7,-4],[-15,7]],[[1196,8222],[0,0]],[[1196,8222],[16,-23],[0,-7],[-20,-5],[-14,11],[-24,40],[-21,8],[-16,18]],[[1117,8264],[13,13]],[[1130,8277],[-7,14],[-16,-9],[-21,1],[-13,8],[-2,14],[-27,-5],[-19,4],[-27,-2],[-9,3],[-12,16],[-5,17],[-14,-12],[-11,10],[-3,10],[-16,13],[-19,7],[-19,20],[-15,-11],[1,-14],[-11,-23],[14,-10],[1,-22],[-5,-14],[-23,9],[-7,-4],[-12,-19],[-14,-7],[-24,-29],[-14,-4],[3,14],[9,13],[-9,33],[10,19],[7,29],[20,18],[28,-4],[3,6],[-23,22],[166,151],[151,-66]],[[2742,7559],[3,21]],[[2745,7580],[332,-98],[-8,-16],[-30,-74],[-13,-50],[10,24],[13,20],[13,30],[14,26],[25,31],[38,29]],[[3155,7225],[-12,6]],[[3035,7267],[-311,150],[18,142]],[[2876,7162],[-13,-14]],[[2853,7137],[-9,8],[-31,-9],[-12,-8],[-14,-20],[-4,-14],[9,-7],[26,11]],[[2782,7060],[-12,-6],[-3,-9]],[[2765,7042],[-16,3],[-11,-2],[-13,-23],[-11,-9],[-7,-15],[-82,198],[7,45],[8,7],[-4,10],[9,20],[-6,11],[6,36],[8,0],[-4,31],[24,152]],[[2673,7506],[14,88],[55,-35]],[[2663,7285],[-14,6],[0,-20],[33,-34],[5,-19],[-4,-51],[-11,-22],[-3,-16],[5,-12],[10,21],[12,11],[5,-7],[11,-68],[15,21],[3,60],[10,29],[0,26],[-10,23],[11,0],[11,-43],[7,6],[12,-15],[6,8],[-2,15],[9,-1],[-10,31],[-15,36],[-3,17],[-23,1],[-1,8],[-45,7],[-15,4],[-5,-22],[-4,0]],[[669,5434],[19,-28],[9,-24],[-6,-17],[-10,-6],[-8,-21],[-7,11],[-4,51],[6,13],[1,21]],[[602,5527],[4,9],[9,-29],[-12,-1],[-5,21],[4,0]],[[663,5471],[-10,-14],[-9,25],[3,9],[16,-20]],[[3524,7471],[-8,-17],[-13,-7],[8,-33],[7,15],[6,-5],[1,-23],[10,-7],[-10,-52],[-15,11],[0,21],[-8,-13],[-6,8],[7,32],[-9,18],[-10,-22],[-10,-12],[-13,-28],[-11,2],[-1,11],[15,14],[14,28],[-16,6],[-4,-15],[-7,5],[0,16],[-9,-1],[-7,-16],[-13,-2],[-36,11],[-30,-7],[-4,21],[18,30],[15,16],[-15,8],[8,24],[11,3],[5,9],[-9,21],[7,35],[14,44],[19,43],[15,20],[16,7],[4,-10],[-14,-12],[4,-15],[-24,-72],[-2,-26],[6,6],[12,24],[14,-10],[-11,-22],[24,-28],[9,1],[4,14],[13,0],[18,-14],[-17,-33],[10,-22],[15,9],[3,-9]],[[3279,8030],[14,-8],[27,-37],[3,-17],[-6,-25],[6,-2],[19,8],[9,-5],[22,-22],[31,-14],[-2,-9],[-18,-13],[-19,-9],[-15,-21],[-13,-2],[-8,-11],[-3,-29],[30,17],[15,25],[15,16],[15,3],[12,-18],[-5,-15],[5,-13],[13,12],[21,-22],[3,-14],[-9,-40],[13,-30],[-37,-50],[-43,-8],[-17,-39],[-16,-24],[-12,-7],[-42,-10],[-43,5],[-18,-3],[-29,2],[60,312]],[[3257,7913],[13,67]],[[3270,7980],[9,50]],[[2836,3747],[-14,14],[-5,57],[20,33],[17,-31],[0,-47],[-18,-26]],[[5248,7409],[1,0]],[[5250,7409],[3,0]],[[5255,7408],[12,-11]],[[8953,3184],[8,-12],[3,-17],[2,-43],[10,-15],[-5,-29],[8,-11],[4,-29],[1,-42],[8,-58],[9,-9],[9,16],[4,-21],[18,-28],[1,-44],[3,-25],[0,-35],[15,-51],[4,-48],[-2,-28],[11,-60],[21,-31],[9,-3],[5,-21],[16,-23],[15,-2],[-4,-33],[4,-14],[11,-15],[12,-99],[13,-22],[-2,30],[19,-22],[4,-14],[1,-56],[11,-25],[15,-16],[9,-42],[7,-5],[6,-40],[10,-19],[5,-43],[0,-56],[-3,-24],[12,-57],[3,-51],[-4,-23],[-4,-55],[-8,-56],[1,-52],[-4,-26],[-8,-31],[-2,-22],[-8,-26],[-11,-10],[-11,-37],[-4,-50],[-11,-36],[-2,-39],[-15,-32],[-6,-67],[-1,-52],[-3,-21],[-10,-21],[-34,-7],[-7,-5],[-34,-54],[-14,-3],[6,-21],[-27,33],[-1,20],[-15,27],[-15,-13],[9,-15],[-12,-8],[-27,-29],[-18,22],[-22,17],[-10,-7],[-9,5],[-16,21],[-18,38],[-5,28],[1,34],[-3,29],[-8,24],[-3,31],[-6,1],[-10,-13],[-12,-6],[-4,8],[6,15],[4,45],[-13,41],[-6,-24],[-5,-46],[-21,-11],[5,29],[8,-1],[4,13],[-1,32],[10,42],[1,26],[5,5],[2,19],[-8,32],[-2,-23],[-10,-18],[-10,-46],[-10,-8],[-17,-34],[-11,-49],[-5,11],[-5,44],[-6,29],[-8,26],[-6,30],[-12,1],[-3,17],[4,20],[-11,29],[-20,0],[-12,18],[-9,-5],[-10,7],[-20,31],[-12,-7],[-46,-5],[-16,-11],[-13,-14],[-25,-17],[-33,-4],[-12,-9],[-22,-28],[-17,-14],[-17,-55],[-7,-10],[-17,1],[-16,-10],[-12,15],[-9,0],[-32,-11],[-14,0],[-12,-33],[-18,-2],[-13,-35],[-19,-12],[-27,5],[-17,18],[-9,22],[-16,15],[-2,48],[12,-1],[7,29],[3,44],[-1,40],[-5,39],[-14,62],[-4,48],[0,32],[-8,57],[-18,63],[1,29],[-11,54],[-13,33],[-1,26],[9,-37],[9,-7],[-5,37],[-8,24],[1,10],[9,-27],[7,-32],[5,-2],[-1,18],[4,19],[-16,60],[-5,23],[-2,42],[9,37],[2,21],[-4,66],[8,38],[5,-41],[6,3],[5,34],[24,36],[22,44],[8,11],[33,5],[10,21],[18,7],[7,22],[8,3],[10,-8],[20,11],[18,22],[14,41],[5,30],[18,33],[-4,61],[14,36],[5,23],[7,-20],[11,-52],[3,34],[9,-10],[1,24],[-9,15],[1,22],[11,-1],[8,-8],[12,2],[-10,17],[2,43],[8,14],[9,-13],[4,44],[0,17],[9,9],[10,-1],[7,35],[5,10],[7,-20],[9,40],[9,-20],[10,-9],[12,-37],[3,-48],[10,35],[21,-8],[12,-20],[6,33],[-11,23],[-1,14],[10,20],[0,15],[14,33],[-1,15],[6,28],[14,10],[-3,13],[9,15],[10,-12],[24,5],[10,12],[-4,30],[-16,27],[9,6],[8,-17],[8,0],[17,-30],[24,-13],[10,5],[4,-20],[7,-3],[7,14],[14,-13],[4,-15],[6,4],[4,29],[12,-24],[-6,-13],[-5,-43],[-6,-1],[-12,-18],[4,-29],[-2,-23],[-12,-34],[-2,-16],[7,-20],[13,-20],[16,-41],[11,-1],[19,-26],[14,-32],[19,-11],[8,-32],[16,-23],[12,-3],[15,17],[9,44],[5,36],[3,43],[9,45],[-7,34],[5,47],[-4,22],[2,55],[9,24],[-6,17],[7,38],[5,57],[6,17]],[[9074,818],[-20,23],[-7,12],[-15,55],[11,-7],[-1,17],[-17,46],[-6,39],[-1,22],[34,-21],[13,-12],[10,1],[15,11],[9,-1],[13,17],[6,-12],[1,-51],[-9,-49],[-5,-35],[-12,-8],[-7,-13],[-8,-31],[-4,-3]],[[2673,7506],[-35,6],[-77,60],[-205,3],[-11,2]],[[2345,7577],[-93,17],[-174,88],[-258,40]],[[1820,7722],[-16,2],[-207,159]],[[1597,7883],[312,311]],[[1909,8194],[253,-96],[232,-26],[30,-2],[39,24],[24,-1],[20,-16],[27,-14],[24,-29],[12,-30],[44,-22],[20,-20],[19,-12],[25,4],[33,-12],[5,-6],[-5,-51],[6,-20],[-1,-47],[-4,-26],[14,-19],[3,-12],[0,-27],[12,-4],[12,-15],[9,-19],[5,-25],[8,0],[21,-33],[-7,31],[9,24],[12,-32],[4,29],[-3,15],[7,17],[1,18],[-7,35],[127,13],[88,164],[149,5],[77,-39],[4,-5]],[[3257,7913],[-60,-312],[-19,2],[-22,-3],[-13,-16],[-13,-48],[-28,-14],[-13,-18],[-12,-22],[-332,98]],[[1146,8473],[175,6],[208,168],[188,-153],[192,-300]],[[1597,7883],[-90,-80]],[[1507,7803],[-59,-52]],[[1448,7751],[-5,7],[-1,31],[-10,0],[-12,35],[2,25],[-7,-2],[-11,-16],[-15,30],[-9,44],[13,31],[-4,23],[-2,-14],[-13,-14],[-7,12],[2,29],[-4,19],[60,361]],[[1325,8020],[1,-14]],[[1326,8006],[0,-7]],[[1326,7999],[0,7]],[[1326,8006],[4,29]],[[1294,8098],[2,11]],[[1292,8143],[0,0]],[[1246,8239],[3,-19]],[[1249,8220],[-3,19]],[[1236,8225],[5,-29]],[[1241,8196],[-5,29]],[[1196,8222],[0,0]],[[1117,8264],[13,13]],[[3217,2912],[109,64],[198,-34]],[[3524,2942],[129,-683],[-28,-58],[-10,-162],[29,-121],[-4,-16],[-17,-33],[-10,-34],[-15,-80],[-10,-33],[-18,-46],[4,27],[13,37],[8,38],[-1,8],[-10,-4],[-7,7],[-6,-54],[-5,-16],[-12,-23],[-3,-14]],[[3551,1682],[-39,22],[-22,61],[-83,66],[-173,-26],[-109,-116]],[[3125,1689],[-26,84]],[[3099,1773],[5,140]],[[3180,2592],[-6,75],[30,93],[13,152]],[[3947,3655],[0,0]],[[3947,3655],[0,0]],[[3077,10],[-13,11],[-29,-11],[3,31],[11,5],[18,-2],[6,-10],[8,0],[-7,22],[-16,11],[-7,24],[20,19],[-2,14],[-23,-9],[-4,7],[5,21],[14,17],[11,21],[5,-10],[14,-2],[11,-16],[-11,-21],[4,-8],[12,-2],[8,-23],[24,-46],[16,-20],[14,-7],[18,-1],[-3,-14],[-35,-11],[-15,12],[-34,4],[-23,-6]],[[2946,837],[-10,14],[4,36],[-1,31],[5,23],[10,4],[5,-21],[-10,-22],[6,-25],[-4,-43],[-5,3]],[[2964,153],[1,27],[-10,-2],[1,23],[20,0],[0,-26],[-6,-28],[-6,6]],[[3080,268],[8,-40],[11,-36],[-16,-1],[-7,9],[-18,-24],[-14,-3],[-9,-9],[-5,-32],[-2,-42],[-13,-4],[-12,13],[20,53],[-8,10],[-17,-18],[-19,-5],[-1,18],[31,18],[-8,5],[-17,0],[3,30],[-10,16],[-8,-12],[-8,6],[4,23],[-9,-7],[-8,17],[6,15],[-17,26],[10,6],[10,34],[-15,-3],[-3,22],[7,13],[-9,26],[10,15],[-2,13],[-8,-13],[-2,49],[5,19],[-2,34],[22,-10],[2,13],[-11,14],[-11,-4],[-11,3],[6,36],[7,-1],[3,20],[-14,16],[-15,2],[0,16],[-12,-5],[0,8],[16,21],[8,25],[11,2],[4,-17],[-12,-16],[1,-16],[13,13],[0,-26],[11,32],[3,43],[4,14],[8,7],[-8,7],[0,14],[18,24],[3,23],[-14,18],[3,34],[-1,27],[13,20],[-5,19],[-1,25],[9,11],[-1,19],[-8,9],[4,21],[-4,5]],[[2979,975],[19,72]],[[2998,1047],[41,-2],[-29,-189],[-16,-201],[4,-200],[16,-169],[9,-33],[57,15]],[[3125,1689],[-4,-139],[-50,-258],[-58,-184],[-15,-61]],[[2979,975],[-4,2],[-8,-17],[-12,4],[-7,40],[-1,22],[4,43],[16,49],[-7,68],[0,52],[-7,29],[3,16],[6,-3],[6,12],[14,109],[13,49],[6,52],[9,39],[-3,37],[9,31],[-3,42]],[[3098,1740],[1,33]],[[3217,2912],[-135,466],[-31,180],[104,633],[104,80],[114,-13],[75,-164],[2,-59],[-61,-106],[-13,-122],[59,-148],[60,-21],[142,-9],[77,86],[-190,-772],[0,-1]],[[3947,3655],[0,0]],[[3635,3858],[-6,-5],[-31,-3],[-5,30],[4,73],[8,5],[24,-7],[6,6],[20,-14],[-4,-17],[-2,-31],[-7,-26],[-7,-11]],[[3167,4561],[-131,28],[-14,52],[4,8],[-1,38],[-11,52],[-2,22],[13,12],[37,30],[-5,19],[-7,-3],[-4,18],[10,16],[10,-49],[26,-12],[8,-26],[2,-21],[9,-13],[42,10],[9,-4],[5,-16],[17,-18],[13,-2],[10,10],[13,26],[38,9],[15,-5],[-5,-11],[-16,1],[0,-13],[15,-25],[2,-21],[6,21],[15,-12],[4,-11],[17,-22],[-9,-17],[-5,-28],[-11,-12],[-12,3],[-26,-23],[-81,-11]],[[3343,4933],[6,-12],[-5,-6],[-1,18]],[[3134,5269],[0,0]],[[3133,5301],[0,0]],[[3551,1682],[-6,-67],[-15,-55],[-15,-34],[-10,-35],[-7,-18],[-16,-20],[-10,-3],[-11,11],[-26,-13],[-11,22],[-17,13],[-13,-7],[-15,28],[-5,-27],[12,-27],[17,-18],[7,-16],[-5,-40],[3,-20],[14,-20],[3,-29],[-14,-46],[-9,-25],[-8,-33],[-24,-22],[-24,-13],[-51,-11],[-26,11],[-1,-33],[8,-16],[-11,-46],[0,-13],[5,-31],[-19,-24],[-25,-2],[-30,24],[-6,-11],[0,-19],[6,-22],[-2,-46],[10,-18],[15,4],[-5,13],[15,7],[4,-43],[-11,-11],[-6,17],[-13,-2],[-11,-10],[2,-7],[19,-10],[-20,-22],[-7,-20],[1,-47],[-11,-27],[6,-19],[-27,-9],[-16,-21],[-14,-44],[1,-25],[3,-19],[19,-35],[25,-16],[1,-9],[-3,-37],[-7,-19],[-33,-44],[-8,-22],[-4,-24],[2,-17],[-6,-25],[-24,-23],[-9,-20],[-4,-42],[2,-15]],[[1661,6929],[-7,184]],[[1654,7113],[40,-32],[109,-44],[95,-41]],[[1898,6996],[3,-21],[70,-200]],[[1971,6775],[-272,0]],[[2192,6231],[0,0]],[[1328,7958],[0,-31],[-23,38],[-7,18],[0,15],[-7,27],[25,-22],[-2,-18],[4,-14],[10,-13]],[[1562,6790],[0,0]],[[1560,6828],[0,0]],[[1545,6880],[0,30],[5,32],[1,28],[-3,26]],[[1538,7074],[9,23],[5,24]],[[1556,7272],[-3,-52],[-7,-70]],[[1555,7285],[0,0]],[[1553,7290],[1,20],[7,0]],[[1552,7337],[-1,20],[7,7]],[[1547,7394],[0,0]],[[1535,7457],[2,4],[24,-14],[15,1],[12,-13]],[[1507,7803],[27,-49],[119,-251],[5,-337],[-4,-49]],[[1654,7117],[-15,355]],[[1578,7396],[12,-16],[7,25],[4,34],[-7,54],[-17,32],[0,25],[-9,-8],[-8,11],[-4,22],[-14,-11],[-9,16],[-4,40],[-13,-3],[-21,15],[-7,24],[-7,-7],[-22,2],[-6,16],[6,38],[-15,3],[13,26],[14,21],[-23,-4]],[[1303,7867],[10,4],[18,-4],[5,-9]],[[1451,7598],[-16,28],[-3,11],[17,2],[24,-19],[35,-13],[12,-26],[6,-21],[9,-19],[24,-24],[8,-38],[-4,-11],[-21,8],[-20,20],[6,21],[-13,0],[-5,-8],[-9,9],[2,14],[-6,11],[-13,4],[1,18],[-12,17],[-12,-1],[-10,17]],[[1820,7722],[10,-292],[68,-434]],[[1654,7113],[0,4]],[[2345,7577],[37,-236],[3,-504],[0,-278],[-14,16],[-49,-33],[-21,-85],[18,-60]],[[2319,6397],[-168,-33],[0,411],[-180,0]],[[2365,6119],[0,0]],[[2359,6112],[0,0]],[[2313,6042],[3,-24],[-32,23],[66,19],[-6,-12],[-17,-11],[-14,5]],[[2192,6231],[0,18]],[[5347,2597],[11,-46],[423,-18]],[[5781,2533],[-3,-92]],[[5926,2468],[1,19]],[[5927,2487],[2,40]],[[5929,2527],[35,-1]],[[5964,2526],[-1,-34],[12,-34],[-4,-20],[8,-73],[7,7],[0,-20],[-3,-72],[-3,-27],[6,-8],[-2,-21],[-16,-35],[-8,-11],[-34,-31],[-11,-17],[-13,-38],[11,-22],[1,-11],[-4,-72],[-5,-27],[-7,-10],[1,-25],[-4,-26],[-19,-34],[-32,-116],[-16,-44],[-25,-63],[-35,-69],[-20,-33],[-8,-9],[-29,-6],[-3,-18],[-16,7],[-7,-17],[-7,-2],[-10,14],[-16,5],[-8,-12],[-15,10],[-19,-11],[-9,-18],[-22,0],[-17,-8],[-10,-27],[-16,19],[-4,22],[-9,-1],[-8,18],[-2,-15],[-5,11],[4,30],[-16,60],[10,7],[3,40],[-5,39],[-7,37],[-15,63],[-16,92],[-7,27],[-25,63],[-5,20],[-11,73],[2,19],[-5,24],[-3,28],[2,43],[-7,43],[-8,97],[5,25],[-4,34],[-17,59],[-24,123],[-12,49]],[[6208,4673],[21,48],[21,4],[25,28],[14,-12],[7,2],[20,33],[17,-3],[15,16],[21,-6],[21,16],[18,34],[13,-12],[2,-9],[-5,-30],[2,-38],[-7,-31],[-1,-49],[-2,-17],[-16,-73],[-10,-26],[-1,-22],[-21,-92],[-3,-30],[-13,-57],[-23,-80],[-33,-1],[-61,-52],[-24,-61]],[[6205,4153],[-250,-2],[-13,26],[-325,241],[-267,111],[-163,-137]],[[5204,4542],[-13,53],[-43,6]],[[5133,4543],[-24,-97],[-13,-14],[-24,-3],[-29,-8],[-11,-11],[-6,-23],[-12,-3],[-26,29]],[[4890,4351],[-29,-2],[-16,-8],[-21,-18],[-34,-39],[-19,22],[-28,38],[-20,50],[-13,25],[-21,28],[-16,35],[-14,20],[0,20],[-17,24],[-9,27],[7,21],[-6,10],[0,19],[-13,43],[-1,21],[-11,11],[-15,28],[1,23],[-13,10],[0,17],[-9,5],[0,21],[5,26],[232,-127],[93,13],[64,40]],[[4967,4754],[15,27],[62,91],[9,-12]],[[5094,4918],[8,-3],[-4,-65]],[[5408,4873],[26,-86],[83,-82],[57,129],[70,-13],[24,-43],[181,-5],[6,6],[13,-40],[13,-28],[31,-11],[-14,-41],[19,-192],[71,-97],[76,70]],[[5148,4359],[3,7]],[[5151,4366],[-3,-7]],[[5148,4359],[0,0]],[[4537,4970],[-1,17]],[[4536,4987],[1,-17]],[[4542,4961],[0,0]],[[6283,4156],[0,0]],[[6176,4929],[0,0]],[[8888,6956],[3,29]],[[8891,6985],[0,12]],[[8882,7009],[-2,26],[22,30]],[[8880,7035],[2,-26]],[[8902,7077],[0,0]],[[8902,7065],[0,12]],[[8913,7082],[11,4]],[[8913,7082],[-8,14]],[[8902,7096],[11,-14]],[[8924,7086],[0,39],[11,13]],[[8935,7138],[1,25]],[[8936,7190],[0,0]],[[8936,7163],[0,27]],[[8932,7215],[0,22],[9,9]],[[8941,7246],[6,-14]],[[8947,7232],[12,-27]],[[8959,7205],[13,-27]],[[8985,7156],[15,-15],[16,-8],[15,25]],[[8985,7156],[-13,22]],[[8972,7178],[13,-22]],[[9029,7129],[2,-13]],[[9031,7116],[6,-20]],[[9037,7096],[2,-11]],[[8895,7017],[14,-16],[11,-19]],[[8975,7783],[0,-25],[-5,-39],[0,-25],[3,-25],[8,-28],[8,-47],[11,-52],[14,-55],[-26,35],[-12,2],[-9,-10],[-6,-33],[-4,-55],[4,-32],[10,-36],[7,-7],[6,-21],[-4,-40],[-9,41],[-10,9],[-8,-10],[-12,-47],[-6,16],[-2,30],[8,37],[-5,29],[9,35],[-2,24],[-7,37],[5,10],[4,30],[1,68],[2,43],[-4,39],[-10,27],[-2,29],[6,30],[-1,46],[12,2],[13,18],[13,-50]],[[9059,7106],[0,0]],[[9080,7133],[0,0]],[[9068,7175],[-11,-13],[-8,-22],[-11,-8],[10,16],[9,30],[11,-3]],[[9124,7236],[-15,-18],[-9,-4],[-11,-29],[-11,-10],[9,20],[-1,7],[21,31],[12,3],[11,18],[4,-12],[-10,-6]],[[9153,7259],[4,19],[18,26],[5,-1],[-23,-40],[-4,-4]],[[9188,7321],[0,0]],[[9187,7339],[0,0]],[[9234,7389],[0,0]],[[9251,7419],[0,0]],[[9254,7443],[0,0]],[[9281,7499],[0,0]],[[9277,7502],[0,0]],[[9293,7513],[0,0]],[[9297,7548],[5,2],[-2,-20],[-7,-4],[4,22]],[[9290,7564],[0,0]],[[9224,7359],[0,0]],[[9318,7585],[-7,-4],[1,18],[10,6],[8,23],[6,3],[1,-16],[-10,-24],[-9,-6]],[[9337,7632],[9,6],[-2,-16],[-7,10]],[[9318,7644],[0,0]],[[6059,7509],[52,2],[71,132],[31,-4],[19,-103],[-51,-171],[-34,-252]],[[6142,7074],[-25,18],[-36,68],[-23,20],[-6,17],[-12,-2],[-14,38],[20,9],[1,16],[8,31],[13,6],[-6,17],[-14,20],[18,9],[25,25],[-4,14],[-48,-13],[-6,-14],[-38,-16],[-12,-12],[-2,-12],[-12,-4],[-23,-1],[-7,-5],[33,-42],[1,-20],[7,-1],[15,9],[19,-4],[-7,-21],[-11,-5],[-14,4],[-9,-16],[-12,-2],[-13,-29],[-10,-5],[-11,17],[5,24],[-5,23],[-5,-5],[-6,14],[-14,5],[11,16],[21,19],[-3,15],[-28,-1],[-9,3],[-16,28],[18,-6],[-9,15],[4,18]],[[4928,7384],[3,13],[-10,-1],[-31,30],[-12,-5],[-9,17],[11,2],[-8,11],[7,10],[-12,-2],[0,14],[21,13],[11,-3],[2,9],[13,4],[8,-20],[22,6],[7,-36]],[[5148,4359],[2,-30]],[[5150,4329],[-2,30]],[[6205,4153],[-111,-281],[-46,-230],[14,-341],[28,-133]],[[6122,3162],[-1,-23],[4,-75],[-4,-29],[6,-39],[1,-69],[6,-7],[-2,-25],[-7,-18],[2,-13],[-6,-27],[-16,-50],[-9,-21],[-17,-24],[-44,-48],[-11,-21],[-27,-74],[-30,-56],[-3,-17]],[[5929,2527],[5,100]],[[5782,2552],[-1,-19]],[[5347,2597],[-12,41],[-6,34],[-2,31],[0,77],[0,47],[7,20],[6,47],[2,45],[7,62],[7,21],[6,30],[8,7],[9,33],[4,39],[0,49],[-5,48],[-12,49],[-3,25]],[[5343,3520],[-5,35],[2,22],[-14,67],[-31,79],[-3,15],[-17,38],[4,10],[-11,11],[-12,47],[6,13],[-9,17],[-9,33],[11,19],[8,54],[11,-3],[-15,33],[6,6],[2,34],[-7,6],[13,51],[-1,36],[3,32],[-4,40],[-5,22],[5,12],[-3,12],[-11,0],[-7,9],[-4,35],[-15,16],[0,-17],[-5,-10],[-20,-5],[-11,8],[-5,-16],[-21,3]],[[3810,8356],[1,-19],[-20,-4],[10,-12],[5,-20],[-1,-15],[-16,8],[-13,16],[-12,-29],[-8,20],[2,18],[-18,13],[-8,10],[5,21],[-9,15],[-8,-11],[-30,-7],[-13,-18],[-10,31],[-26,28],[-7,25],[1,24],[-26,15],[-3,11],[9,36],[-17,7],[-4,27],[-14,3],[-7,18],[10,27],[16,11],[11,14],[-3,21],[-24,-9],[-8,-13],[-14,-14],[-5,10],[1,20],[-4,52],[-3,10],[-10,-1],[-15,27],[-1,12],[11,17],[-4,6],[-13,-2],[3,15],[22,5],[4,22],[-27,1],[-5,11],[13,17],[-12,3],[3,19],[14,11],[64,-21],[4,30],[-4,6],[-65,38],[4,11],[10,0],[18,-11],[20,2],[2,30],[17,0],[-2,18],[-12,10],[9,29],[-3,9],[-30,5],[-35,26],[-21,4],[-20,27],[6,6],[15,1],[35,-11],[43,-30],[-3,23],[-11,18],[-10,29],[-14,9],[13,17],[-9,8],[-21,3],[-15,11],[-18,-34],[-11,-8],[-17,2],[-13,11],[-5,18],[10,31],[-2,40],[16,-4],[6,15],[-5,12],[-17,22],[-18,41],[116,22]],[[3560,9324],[-6,35],[-188,255],[-176,77]],[[3190,9691],[7,5],[8,41],[-12,8],[-24,1],[-14,-6],[-12,4],[-16,12],[8,25],[17,11],[78,27],[26,5],[14,-2],[32,4],[5,13],[-5,32],[6,4],[24,2],[19,-7],[53,-26],[10,9],[-20,17],[-9,16],[29,6],[38,10],[32,7],[22,-6],[3,-57],[11,6],[7,10],[6,33],[12,-1],[25,-11],[42,-21],[3,10],[-29,40],[3,9],[32,-1],[48,-19],[16,-9],[50,-20],[23,-6],[10,6],[11,48],[-21,18],[-14,17],[9,8],[30,0],[37,11],[16,2],[19,-5],[28,-16],[45,-10],[3,24],[-3,16],[33,7],[25,2],[57,-8],[53,13],[26,0],[23,-7],[23,2],[24,-6],[7,3],[24,-4],[43,-5],[30,-25],[17,-8],[17,3],[46,-13],[6,-14],[-10,-10],[-80,-14],[-81,7],[-17,-6],[-59,-3],[-41,-16],[-4,-15],[9,-8],[32,9],[17,2],[49,-1],[28,4],[41,1],[12,-2],[31,-17],[53,22],[25,5],[7,-15],[-7,-16],[-41,-32],[-16,-24],[5,-15],[16,5],[20,18],[40,30],[31,17],[21,5],[38,-6],[18,10],[9,11],[14,7],[27,0],[35,-5],[43,-15],[1,-17],[-43,-13],[-22,-25],[-21,-12],[-19,-18],[-13,-2],[-59,1],[-28,-14],[-6,-17],[2,-11],[24,10],[20,2],[23,-4],[0,-13],[-9,-8],[-30,-4],[-9,-11],[-7,-42],[-9,-6],[-22,2],[-23,-65],[-2,-11],[11,-13],[16,27],[11,2],[34,-12],[2,-16],[-23,3],[-9,-10],[4,-9],[29,-10],[23,4],[9,-17],[-4,-19],[-23,7],[-30,4],[-17,-3],[-17,-15],[-16,9],[-13,-1],[-4,-13],[17,-19],[15,-7],[37,-7],[9,-5],[10,-30],[0,-18],[-10,-15],[-26,9],[-5,-3],[2,-26],[22,-15],[21,-10],[5,-12],[-5,-8],[-18,-8],[-22,1],[-35,5],[-7,-14],[7,-7],[17,-1],[22,-13],[1,-29],[-31,-2],[-7,-8],[-16,-1],[-15,5],[-19,13],[-16,18],[-26,-21],[-21,-8],[-30,3],[-17,-8],[-2,-14],[5,-17],[9,-8],[16,-2],[19,-8],[19,2],[32,-32],[31,-23],[4,-9],[6,-30],[15,12],[9,-21],[3,-49],[-7,-10],[-13,7],[-25,-2],[-18,9],[-8,14],[-10,29],[-25,28],[-23,7],[-19,-8],[27,-9],[4,-11],[-18,-11],[-35,-4],[-14,-13],[-8,-31],[13,-13],[12,-5],[34,-2],[23,7],[24,2],[27,-16],[40,-2],[-16,-21],[-44,-31],[-16,4],[-12,-22],[-29,-31],[-16,-11],[-28,-2],[-40,-18],[-12,13],[-5,-1],[-8,-30],[-12,-4],[-17,9],[-8,15],[-19,21],[-1,-7],[9,-34],[-26,-24],[-7,-13],[-21,-50],[-13,-28],[-10,-9],[-13,-2],[-12,9],[-8,-37],[-9,-9],[-21,2],[-14,-15],[12,56],[-25,6],[3,-28],[-15,-26],[-14,-6],[-28,-2],[8,-27],[-6,-15],[-32,6],[16,-26],[4,-11],[-4,-13],[-28,-5],[22,-25],[5,-11],[-10,-18],[-14,0],[4,-20],[-5,-15],[-14,6],[3,-31],[-13,3],[-26,-4],[8,-16],[18,-19],[-1,-34],[-4,-30],[-16,-1],[6,-19],[0,-17]],[[4216,8906],[0,0]],[[5558,8305],[0,0]],[[5545,8316],[0,0]],[[5550,8326],[13,-8],[-7,-13],[-7,-1],[4,15],[-3,7]],[[5565,8316],[0,0]],[[4763,9093],[14,12],[1,-10],[-31,-12],[16,10]],[[5561,8305],[0,0]],[[5334,7922],[-2,-7],[-7,18],[9,-11]],[[5323,7931],[4,-19],[-9,-2],[-12,10],[-1,10],[18,1]],[[5228,7967],[-5,5],[8,27]],[[5231,7999],[-6,18],[2,24],[13,-5],[10,21],[8,-12],[2,29],[23,-3],[1,-17]],[[5284,8054],[2,-10],[14,-2],[-2,-25]],[[5282,8016],[-1,-23]],[[5269,7982],[6,-8],[11,8],[14,-23],[-2,-16],[-17,1],[-12,29]],[[5261,7936],[12,-18],[4,-17]],[[5273,7896],[8,-6],[-7,-6]],[[5268,7879],[-6,0]],[[5262,7879],[0,5]],[[5246,7882],[-9,4],[11,10]],[[5242,7910],[-4,11],[2,22],[-3,21]],[[5413,7940],[-6,5],[3,15],[10,-13],[-7,-7]],[[5462,8048],[-4,-21],[-3,21],[18,60],[2,-3],[-13,-57]],[[4378,8571],[-4,6],[20,18],[9,19]],[[4347,8627],[-3,14],[13,7],[32,8],[7,16]],[[4329,8691],[5,18],[19,2]],[[4349,8719],[-5,11],[7,11],[12,-14],[12,4]],[[4373,8739],[-8,13],[5,7],[25,-9],[9,-9],[5,-18],[-1,-13]],[[4402,8700],[12,-26],[7,11],[18,14],[-1,32],[7,8],[11,-24],[11,-4]],[[4467,8711],[-3,15],[17,12],[15,-22],[7,3]],[[4503,8719],[-4,18],[30,-7],[16,11],[-1,23],[15,-3],[8,-15],[26,-19],[-3,-18]],[[4590,8709],[10,-9],[20,-5],[4,-23]],[[5288,8119],[2,-19]],[[5232,8058],[-5,10],[10,24],[21,2],[15,30],[20,12],[-5,-17]],[[5337,7965],[4,-15]],[[5321,7950],[-8,2],[-2,10]],[[5311,7962],[-3,22],[13,18],[11,-22],[3,28],[10,0],[1,-19]],[[5512,8094],[-4,-16],[-5,42],[9,21],[15,7],[-5,-15],[-3,-33],[-7,-6]],[[4918,8207],[0,0]],[[4910,8218],[0,0]],[[4906,8226],[8,9],[9,-15],[-17,6]],[[4925,8240],[0,0]],[[4914,8250],[0,0]],[[4964,8305],[-11,15],[10,4],[-8,9],[8,11],[1,-11],[7,-2],[-7,-42],[0,16]],[[4972,8351],[0,0]],[[4975,8359],[0,0]],[[4815,8400],[0,0]],[[4811,8435],[0,0]],[[4804,8449],[0,0]],[[4806,8456],[7,-18],[-14,17],[7,1]],[[4815,8459],[0,0]],[[4815,8447],[-8,8],[-1,12],[10,-10],[-1,-10]],[[4822,8456],[0,0]],[[4817,8462],[0,0]],[[4818,8470],[0,0]],[[3810,8356],[0,0]],[[4381,9200],[11,-10],[2,-16],[-10,-8],[-19,17],[-21,13],[-6,16],[19,1],[24,-13]],[[3557,8985],[-16,-3],[-29,-14],[-26,20],[-5,11],[-1,27],[3,11],[27,-6],[43,-28],[7,-11],[-3,-7]],[[5771,8219],[-3,3]],[[5769,8248],[9,11],[2,15],[5,-7],[5,12],[9,-4],[8,17],[19,-12],[10,5],[-12,23],[-20,-2],[-11,7],[-4,10],[3,20],[-29,-14],[-9,1],[-7,-9],[-11,6],[-5,-9],[-21,-1],[-4,-8],[-26,-11],[-2,-9],[-13,5],[-21,-9],[-9,18],[3,11],[-17,-7],[-4,10],[-19,19],[-3,36],[3,34],[-9,27],[3,35],[-8,9],[4,21],[8,9],[5,21],[12,-6],[6,8],[7,37],[7,-10],[46,76],[13,13],[11,-1],[-5,20],[3,24],[-4,9],[-14,3],[-11,15],[-10,1],[-18,-9],[-16,19],[-12,-16],[-7,-20],[-12,-5],[-7,-12],[6,-14],[-15,-22],[12,-23],[-9,-12],[-10,-29],[-28,-31],[-10,4],[-7,-18],[-16,-15],[-5,-14],[-12,0],[2,-18],[-6,-13],[-12,6],[5,-26],[-3,-31],[-9,-9],[4,-62],[21,-6],[13,-29],[11,-6],[6,-28],[-28,-26],[-26,14],[-16,2],[-3,-9],[10,2],[17,-17],[25,3],[3,-9],[-17,-21],[-1,17],[-10,-26],[-8,-7],[-18,-1],[9,-23],[-1,-31],[-7,1],[5,-33],[-7,-26],[-1,-19],[-8,-30]],[[5446,8039],[-1,-3]],[[5392,7986],[4,-11],[-4,-12]],[[5369,7960],[-14,3],[5,23]],[[5347,8019],[3,22],[7,6]],[[5329,8106],[-4,27]],[[5325,8133],[0,0]],[[5325,8133],[-3,7],[5,27]],[[5322,8172],[-6,6]],[[5316,8178],[-5,-1],[-2,39]],[[5309,8216],[1,15]],[[5295,8243],[0,16]],[[5288,8253],[-1,-11]],[[5259,8215],[-5,-13]],[[5184,8157],[0,10]],[[5155,8187],[-6,19],[4,12]],[[5153,8218],[4,-4]],[[5157,8214],[3,6],[9,-8]],[[5169,8212],[5,14]],[[5161,8228],[12,19]],[[5167,8245],[-4,4],[6,15]],[[5169,8264],[-8,-6]],[[5157,8256],[-4,-10]],[[5153,8246],[-5,9]],[[5143,8249],[-2,14],[8,15],[1,-14]],[[5150,8264],[1,10],[8,-2]],[[5159,8272],[12,14]],[[5158,8281],[5,29]],[[5146,8308],[-5,10],[13,17]],[[5140,8341],[1,23],[8,9]],[[5142,8381],[1,43],[19,6]],[[5153,8438],[1,16],[14,13],[13,0],[2,18],[19,-7],[7,8]],[[5197,8494],[-1,14],[25,3],[7,-8],[1,16],[10,19],[9,6],[7,-9],[7,16],[11,13],[6,27],[26,32],[10,-6],[4,7]],[[5319,8624],[-3,8],[14,21],[6,15],[11,-1],[0,20]],[[5347,8687],[-6,3],[11,35],[11,-2],[2,18],[12,4]],[[5368,8760],[3,20],[17,1]],[[5388,8781],[-7,17],[29,21]],[[5405,8821],[-1,6],[11,14],[12,-4],[10,15]],[[5437,8852],[-5,11],[14,16],[9,-13],[7,13]],[[5462,8879],[-4,21],[15,0],[2,5]],[[5475,8905],[-7,11],[15,15],[4,15],[15,6],[6,22],[7,-9],[12,5],[16,-9],[7,13],[-24,-77]],[[5514,8762],[93,39],[104,-19],[24,-82],[17,91],[94,47]],[[5846,8838],[18,-30],[-7,-23],[-2,-37],[10,-23],[-5,-11],[-16,2],[0,-45],[-9,-44],[22,-28],[-12,-33],[0,-21],[21,-6],[2,-27],[26,-8],[2,-13],[-24,-9],[-10,-17],[-37,-33],[13,-34],[21,-20],[18,-70],[2,-44],[-28,-19],[-12,-30],[-9,19],[-45,-1],[-14,-14]],[[5824,8308],[0,0]],[[2908,8836],[-13,-11],[-14,-4],[-22,6],[-5,24],[13,35],[8,9],[17,5],[21,-16],[-1,-39],[-4,-9]],[[2269,8976],[2,22],[14,10],[43,-39],[5,-18],[14,-17],[-20,-20],[-16,0],[-22,8],[-16,10],[-33,14],[5,11],[24,19]],[[2303,9284],[-11,-15],[-20,-12],[-5,-12],[9,-11],[9,3],[29,-14],[7,-9],[2,-14],[-8,-11],[-5,-34],[-13,-16],[-15,3],[-10,11],[-8,-4],[13,-18],[-10,-12],[-16,1],[-25,39],[-13,15],[-37,17],[-28,34],[11,22],[21,-20],[19,-9],[24,37],[-26,32],[-1,11],[21,-3],[14,7],[13,-12],[14,0],[5,8],[16,5],[17,-3],[11,-7],[-4,-9]],[[1989,9474],[6,-21],[19,-5],[22,-13],[-4,15],[7,12],[19,-8],[11,-13],[-3,-29],[-4,-15],[-17,-13],[-31,-3],[-44,9],[-50,-30],[-37,-16],[-25,1],[-27,12],[-4,12],[33,10],[46,9],[6,18],[-46,4],[-19,-9],[-47,-10],[-21,12],[-17,-8],[-13,4],[-10,11],[11,17],[39,3],[12,5],[-28,13],[-4,22],[38,14],[16,2],[23,-24],[19,7],[8,-5],[20,-25],[13,-11],[23,1],[18,-3],[21,6],[1,9],[-7,19],[-28,24],[18,23],[21,8],[6,-5],[10,-22],[0,-14]],[[2386,9180],[-12,-2],[-15,6],[-2,17],[-11,27],[-3,18],[4,34],[5,11],[16,-1],[-9,23],[6,5],[26,2],[34,-11],[16,-2],[16,5],[43,-4],[0,-29],[-37,-25],[-19,-29],[-17,-3],[-30,5],[-16,-2],[18,-23],[-3,-10],[-10,-12]],[[2756,9424],[29,-10],[7,-14],[-28,-18],[-2,-8],[6,-21],[-56,-5],[-16,10],[-4,21],[-15,3],[1,-23],[-27,-6],[-16,0],[-30,14],[-3,-14],[-33,-6],[-18,2],[-5,8],[-2,23],[-15,-5],[-9,-16],[-12,-6],[-38,26],[-8,-16],[-14,2],[-14,46],[7,15],[-3,23],[-23,30],[-1,11],[23,7],[31,1],[32,-3],[5,-16],[-5,-13],[-32,-15],[32,-2],[11,-7],[15,-28],[8,-3],[3,12],[17,2],[11,6],[10,-3],[19,-17],[12,-1],[10,15],[17,9],[46,12],[56,-4],[21,-18]],[[3560,9324],[-116,-22],[-19,57],[-7,15],[-23,13],[-12,15],[-1,22],[-11,14],[-32,8],[-48,25],[-27,6],[-32,3],[-10,-6],[-41,-14],[-34,15],[4,-28],[-30,7],[-39,20],[25,22],[-7,13],[-41,1],[-18,3],[-26,20],[7,10],[16,2],[38,-5],[42,-2],[27,5],[16,10],[1,11],[-18,17],[-29,-14],[-31,3],[-20,-5],[-19,8],[-9,11],[-18,8],[-15,1],[-18,16],[4,26],[45,11],[42,8],[12,13],[24,11],[31,0],[13,3],[25,-1],[9,11]],[[2013,9165],[-16,44],[-5,43],[3,12],[46,-14],[25,-23],[8,-16],[2,-23],[7,-21],[15,-28],[-6,-34],[2,-10],[21,-25],[20,-13],[19,-4],[26,-18],[13,-13],[4,-26],[-15,0],[-22,15],[-15,-12],[-16,-5],[2,-23],[14,3],[16,8],[11,-17],[0,-8],[-13,-13],[-25,-7],[-28,3],[-20,8],[-29,16],[-12,18],[-13,-2],[-5,-12],[-14,-16],[-31,-4],[-16,-14],[-34,-11],[-33,-4],[-25,2],[-17,-3],[-13,10],[2,28],[-11,10],[-39,3],[-16,4],[-21,12],[-9,16],[-16,18],[10,10],[20,1],[8,6],[29,3],[60,-2],[35,1],[5,5],[-37,23],[-24,7],[-71,2],[-40,-3],[-21,17],[0,7],[30,10],[13,-1],[34,8],[6,9],[-5,12],[-25,-3],[-20,-5],[-28,25],[-9,-1],[-9,16],[16,32],[33,28],[32,19],[17,5],[8,9],[14,3],[13,-8],[-8,-19],[0,-26],[20,5],[14,18],[11,1],[22,-8],[12,-9],[-3,-28],[15,3],[17,12],[14,1],[-12,32],[19,-4],[23,-15],[6,-25],[12,-34],[8,-12],[13,11],[2,8]],[[663,9098],[0,-11],[18,-6],[11,16],[17,-6],[42,-4],[23,-29],[42,-4],[37,5],[15,-4],[28,-12],[43,-4],[26,-11],[54,6],[14,-8],[31,-25],[15,-10],[23,2],[12,-4],[25,-15],[20,-17],[15,-8],[42,-10],[20,-12],[-6,20],[-8,11],[-1,14],[17,14],[18,3],[31,-5],[32,25],[30,8],[10,14],[23,4],[11,-4],[-6,-14],[-18,-8],[-13,-12],[-31,-14],[-9,-17],[-22,-9],[-9,-15],[11,-9],[18,-24],[-1,29],[15,8],[14,22],[22,1],[26,25],[26,6],[8,11],[22,14],[4,17],[-17,27],[11,-3],[18,-19],[16,-43],[23,-25],[14,-7],[7,5],[-5,30],[19,8],[5,-11],[-2,-23],[22,-2],[14,15],[7,16],[20,1],[19,-8],[39,-25],[67,-30],[28,-7],[31,2],[11,-3],[25,-21],[8,-19],[-36,-9],[-4,-23],[41,-12],[44,-3],[20,4],[34,13],[12,-1],[17,-16],[19,-6],[20,-18],[0,-10],[-11,-11],[27,-36],[-2,23],[13,6],[-13,27],[-3,21],[1,24],[40,10],[9,17],[7,1],[33,-18],[24,1],[8,-13],[15,-10],[24,-7],[14,0],[11,7],[46,-1],[13,2],[15,9],[24,-25],[6,0],[3,27],[-18,12],[-17,2],[1,15],[22,0],[38,-21],[-3,-38],[2,-17],[28,-21],[-7,51],[5,24],[19,0],[15,28],[19,7],[-6,27],[-14,-6],[-13,3],[7,17],[23,7],[15,-18],[0,40],[-10,-3],[-19,5],[-11,11],[-9,-3],[-16,6],[-22,14],[-9,11],[-1,15],[15,20],[-21,19],[8,26],[12,11],[13,-8],[4,12],[-11,21],[9,12],[28,2],[16,-9],[16,-15],[8,-23],[-3,-19],[15,-18],[25,-32],[-5,-11],[-12,-1],[-11,-27],[19,-10],[22,3],[33,-11],[0,-81],[7,12],[8,37],[9,14],[6,-1],[23,-27],[8,-27],[-2,-14],[-14,2],[-3,-23],[4,-13],[28,-46],[23,15],[3,21],[17,26],[8,46],[3,6],[21,0],[2,17],[-24,22],[1,29],[7,9],[23,0],[43,-20],[16,-22],[14,3],[5,-7],[3,-33],[-14,-11],[-9,18],[-13,-9],[5,-27],[9,-24],[25,-36],[-6,-31],[-23,-31],[-9,-2],[-14,-17],[-9,9],[-21,31],[-13,10],[-9,-9],[17,-17],[19,-29],[-34,-2],[-12,24],[-38,-3],[-3,-7],[24,-22],[-2,-6],[-33,-47],[-15,-6],[-11,8],[-13,18],[-24,16],[-13,3],[0,-14],[30,-32],[21,-14],[28,-6],[-8,-35],[-26,-37],[-20,-7],[-11,4],[-13,13],[-1,-21],[4,-18],[-4,-3],[-92,26],[26,-28],[20,-5],[17,-9],[29,-6],[0,-26],[-40,-7],[-24,5],[-4,-9],[15,-14],[-6,-14],[-22,-20],[-162,252],[-823,90],[-875,265],[-10,23],[38,1],[29,7],[25,27],[12,0],[12,-9],[-2,-10]],[[2173,9492],[17,-8],[30,-30],[4,11],[-16,20],[-5,11],[17,5],[32,-19],[8,19],[23,-14],[4,-25],[0,-20],[-14,-18],[5,-32],[-5,-5],[-21,3],[-28,-4],[-13,7],[-2,10],[16,22],[-6,10],[-14,2],[-43,-10],[-10,9],[0,11],[9,0],[14,10],[-5,19],[3,16]],[[2929,8643],[3,-25],[-7,-2],[-21,11],[-14,-21],[-16,-2],[-34,11],[-10,9],[2,23],[5,11],[13,6],[1,22],[19,-2],[24,-11],[12,-20],[0,25],[20,4],[16,9],[16,-3],[2,9],[-14,27],[-10,12],[1,12],[7,2],[27,28],[4,17],[16,27],[-1,20],[-16,43],[-7,12],[-21,10],[-13,16],[-10,28],[-12,-13],[-10,0],[-28,-10],[-2,22],[28,5],[2,9],[-39,41],[-18,7],[-3,18],[-8,11],[-17,11],[-14,15],[-7,-5],[-31,16],[-5,-4],[12,-12],[36,-23],[6,-18],[-14,-10],[-17,3],[-24,17],[-9,2],[-3,-12],[8,-22],[-27,19],[-13,-8],[-18,11],[-11,-4],[-43,11],[-31,0],[-10,6],[-1,19],[-15,7],[-5,-11],[-23,-2],[-14,6],[-16,15],[-4,22],[11,2],[30,-6],[14,7],[-21,24],[-25,7],[-17,0],[-15,7],[5,31],[12,7],[1,7],[-13,13],[5,31],[15,30],[28,32],[33,14],[35,2],[11,-6],[-40,-49],[-5,-17],[2,-12],[16,-18],[-7,-22],[14,-29],[20,-20],[-17,-14],[-1,-10],[31,-5],[8,21],[-6,22],[-14,8],[-11,18],[13,19],[23,-2],[-15,16],[-18,10],[0,24],[11,10],[34,-1],[-28,21],[10,9],[30,11],[21,10],[32,-6],[29,-47],[1,-5],[-16,-43],[0,-23],[13,-4],[13,10],[4,15],[17,1],[6,-5],[2,-24],[13,-2],[-2,28],[8,19],[13,9],[22,0],[26,-10],[15,3],[8,-5],[12,-19],[16,-17],[-22,-27],[-2,-7],[11,-11],[19,19],[12,-9],[11,-29],[21,34],[24,-8],[11,-12],[-17,-30],[15,2],[19,9],[0,-23],[10,-11],[17,9],[16,3],[18,-16],[-8,-12],[-23,-14],[-3,-9],[6,-8],[31,12],[9,12],[13,-8],[14,-28],[-27,-2],[-6,-4],[6,-13],[16,-2],[19,-13],[3,-10],[-27,2],[-21,9],[-4,-6],[15,-19],[-2,-7],[-20,-4],[3,-9],[46,-29],[8,-28],[9,7],[24,-11],[20,6],[20,-28],[5,-11],[-19,-7],[0,-14],[45,4],[-5,-18],[18,-6],[12,13],[24,-28],[-8,-21],[-10,-2],[-12,9],[-10,-7],[16,-20],[1,-9],[-14,-7],[-8,-17],[-15,23],[-4,-36],[5,-29],[-5,-2],[-18,14],[-7,22],[-12,-9],[-9,20],[4,22],[-19,7],[-33,39],[-10,2],[-13,-10],[-1,-8],[17,-28],[-12,-5],[-22,27],[15,-48],[14,-3],[14,-45],[7,-14],[11,9],[15,-22],[17,-12],[-8,-4],[1,-13],[23,-31],[1,-36],[-16,37],[-7,8],[1,-17],[13,-41],[0,-10],[-11,4],[11,-37],[-15,16],[-11,22],[-22,5],[-18,22],[-18,31],[3,-25],[-23,20],[-11,1],[12,-30],[10,-14],[23,-21],[16,-20],[10,-18],[11,-38],[-23,11],[-35,22],[-18,4],[-13,8],[-12,21],[-14,4],[-34,21],[-9,11],[10,26],[-17,17],[-14,4],[-10,11],[-11,24],[-1,16],[-14,2],[-16,12],[-8,1]],[[3270,7980],[-3,0],[-62,185],[-100,-80],[-175,222],[-24,-393],[-116,2],[27,16],[37,50],[19,48],[3,38],[-3,34],[-6,28],[-17,32],[-26,32],[-4,11],[12,21],[10,42],[13,12],[-8,48],[3,21],[-22,3],[14,30],[6,27],[-11,15],[-4,26],[4,14],[14,16],[10,-2],[36,-20],[27,-3],[30,16],[19,-16],[34,-45],[-3,-13],[26,-23],[24,-12],[14,8],[4,-23],[-7,-11],[-2,-15],[11,-79],[-4,-17],[-10,1],[-2,-22],[5,-9],[14,13],[18,3],[13,-22],[3,-23],[6,6],[27,10],[9,31],[7,-5],[8,-23],[6,46],[13,21],[-8,16],[3,14],[12,3],[9,27],[9,-12],[17,-36],[7,-26],[17,-36],[-3,-21],[7,1],[4,-25],[16,-14],[5,-21],[-10,-8],[10,-18],[10,-6],[4,-21],[-6,-6],[-22,2],[11,-35]],[[2663,8684],[29,-35],[27,-16],[8,-17],[-1,-30],[25,-1],[22,-18],[-15,-16],[-12,1],[-30,13],[-14,27],[-13,8],[-9,-9],[0,-22],[-16,-6],[-16,-25],[-14,-10],[-8,2],[1,28],[-5,11],[-42,-15],[2,15],[27,28],[-5,29],[6,41],[13,54],[14,-18],[-4,-17],[17,-14],[5,15],[8,-3]],[[7422,7549],[427,555]],[[7849,8104],[180,21],[251,-51],[231,-142],[279,-91]],[[8790,7841],[16,15],[9,-4],[-8,-23],[25,-2],[7,8],[5,17],[0,20],[27,0],[20,-20],[6,-20],[22,-35],[-8,-16],[7,-17],[-4,-24],[9,-11],[-15,-48],[-9,-44],[-2,-22],[4,-30],[-4,-54],[-7,-62],[-24,-50],[-7,-35],[-17,-32],[-10,-44],[-7,-19],[-34,-75],[-13,-41],[-17,-26],[-13,-37],[-11,-22],[-12,-16],[-33,-23],[-3,14],[-10,1],[-8,23],[-14,-13],[5,19]],[[7000,6539],[-19,13],[-77,97],[-97,174],[-15,44],[103,151]],[[6895,7018],[162,238],[86,89],[232,118],[62,63],[-15,23]],[[7422,7549],[-234,345]],[[7188,7894],[14,1]],[[7202,7895],[90,193],[-115,109],[-76,2],[-12,253]],[[7089,8452],[50,-11],[224,-275],[247,-92],[239,30]],[[6499,6624],[2,12],[-5,78],[2,39],[3,24]],[[6501,6777],[44,83],[90,274]],[[6635,7134],[7,11],[3,-11],[7,4],[6,-17],[10,-5],[24,60],[5,20],[17,16],[4,8],[-19,10],[-5,22],[0,43],[7,12]],[[6701,7307],[150,-132],[44,-157]],[[5238,6789],[-6,17],[4,46],[-2,38],[-7,14],[1,14],[15,0],[15,24],[14,-45],[-5,-34],[2,-29],[-6,-40],[-12,6],[-7,-18],[-6,7]],[[5390,7046],[13,-29],[11,-19],[15,-8],[15,4],[5,-12],[-9,-17],[4,-7],[26,-23],[30,-36],[14,-36],[-4,-25],[-10,14],[-5,22],[-12,3],[-5,15],[-8,-1],[-9,-28],[-2,-29],[17,-20],[-2,-36],[-8,1],[-8,-15],[2,-19],[-7,-10],[-8,-28],[-11,5],[0,17],[8,22],[-3,6],[11,11],[-6,47],[-9,48],[-7,-8],[-15,19],[2,22],[-6,11],[-11,-8],[1,19],[-9,-6],[-8,31]],[[5394,6643],[-33,35],[-11,4],[-5,13],[10,25],[7,-3],[8,11],[13,-18],[27,6],[17,11],[2,-7],[-8,-31],[-2,-28],[5,-17],[-7,-23],[-11,3],[-12,19]],[[5083,7056],[3,-66],[-25,-30],[-4,-10],[-21,-10],[-12,-10],[-5,-17],[2,-9],[-7,-5],[-8,-25],[-11,-26],[-6,-33],[6,-34],[9,-16],[-17,-22],[-6,-18],[-6,-30],[2,-11],[-15,-5],[-13,-18],[-3,-25]],[[7166,5159],[-23,14],[-3,51],[9,101]],[[7149,5325],[22,18]],[[7171,5343],[4,-116],[-9,-68]],[[7166,5159],[-2,-16]],[[7041,5146],[-3,24]],[[7038,5170],[56,136],[51,16],[4,3]],[[7136,5695],[-23,-206]],[[7113,5489],[69,-44]],[[7182,5445],[-1,-94]],[[7181,5351],[-10,-8]],[[7038,5170],[-9,102],[-6,87]],[[7286,5198],[-2,-26],[-13,-23],[-11,1],[-12,-45],[-6,9],[-8,-5]],[[7187,5355],[13,-24],[-10,-42],[13,-75]],[[7181,5351],[1,94]],[[7113,5489],[23,206]],[[7851,4840],[-9,10],[-12,29],[-9,6],[-7,-8],[-13,9],[3,49],[-2,6],[-18,3],[-9,-16],[3,-19],[-6,-34],[2,-32],[-20,-115],[-3,-43],[2,-38],[5,-15],[11,7],[5,-14],[-1,-25],[8,-13],[4,-47],[2,-32],[7,-33],[26,-17],[4,-20],[11,-23],[7,-4],[13,-38],[15,-55],[1,-45],[-1,-57]],[[7812,4204],[-5,23],[-12,26],[-1,47],[-6,34],[-7,83],[2,25],[-7,-1],[-8,14],[-1,26],[-5,20],[-5,-2],[-7,40],[-13,28],[-7,-7],[-4,32],[2,24],[11,84],[-6,7],[0,26],[5,22],[4,41],[4,15],[-7,1],[1,29],[-2,49],[-3,27],[-8,39],[-10,70],[-3,28],[-4,103]],[[5893,8997],[-56,-31],[-35,-65],[34,-46],[10,-17]],[[5550,8974],[9,28],[6,-3],[-5,-28],[10,14],[5,19],[11,3],[8,14],[14,-15],[11,29],[12,-3],[13,-16],[8,24],[9,14],[11,0],[10,19],[23,12],[12,-1],[-17,-24],[-4,-30],[5,-3],[9,19],[19,31],[9,9],[1,-38],[14,13],[11,29],[19,3],[3,-5],[-9,-17],[-3,-21],[11,-3],[3,14],[11,21],[6,0],[21,-19],[20,-5],[9,-16],[-15,-13],[-43,1],[23,-22],[5,-10],[28,4],[17,-7],[20,16],[3,-14]],[[6884,8419],[-24,39],[-28,13],[-25,42],[27,45],[-16,79],[5,72],[24,61],[44,-12],[27,23]],[[6918,8781],[3,-10],[16,-16],[20,-7],[48,-4],[10,23],[17,11],[14,16],[8,28],[11,11],[10,20],[-2,30],[-7,18],[3,17],[11,8],[18,5],[22,0],[19,-22],[2,-25],[-4,-34],[15,-15],[16,-2],[11,5],[2,9],[-17,12],[-12,2],[0,13],[13,12],[-9,48],[-7,9],[-50,20],[-19,-10],[-28,6],[-7,43],[4,21],[13,38],[-16,41],[-13,23],[11,18],[15,3],[21,20],[5,28],[-2,22],[17,-7],[-1,-33],[-8,-19],[0,-33],[10,-18],[37,-10],[21,-2],[10,-14],[14,1],[-7,29],[-6,9],[-36,5],[-14,20],[3,10],[17,2],[20,-8],[9,5],[-1,24],[16,6],[16,1],[31,-20],[14,-17],[23,-14],[23,0],[9,5],[1,-11],[-18,-20],[-5,-57],[4,-4],[9,25],[8,8],[8,-17],[-1,-25],[18,16],[-1,10],[-14,42],[11,32],[-10,14],[-21,17],[-3,12],[-37,16],[-4,10],[0,31],[-11,22],[11,17],[29,3],[31,1],[45,10],[10,-12],[24,18],[18,3],[7,-6],[-12,-11],[-5,-13],[28,11],[15,21],[-4,14],[-16,15],[-4,10],[4,25],[64,49],[20,10],[46,3],[54,17],[31,22],[35,-1],[5,-6],[-5,-14],[32,-2],[32,13],[12,2],[21,-8],[9,7],[0,16],[6,11],[23,1],[16,12],[-8,17],[1,11],[15,14],[19,13],[28,13],[16,2],[31,-1],[10,-9],[1,-9],[-19,-13],[-8,-11],[6,-5],[23,4],[19,-5],[26,3],[-3,-13],[-14,-15],[-4,-9],[35,0],[3,-3],[13,18],[39,3],[49,-9],[18,-8],[15,-14],[6,-14],[20,2],[5,-16],[-17,-27],[14,-16],[-29,-28],[-27,-11],[-80,-66],[-10,-9],[-30,-12],[-30,-19],[-25,-37],[22,8],[12,14],[36,6],[60,22],[13,9],[-7,17],[10,17],[11,-7],[8,-13],[15,-7],[20,0],[14,8],[6,-2],[3,-26],[6,-13],[18,25],[21,0],[19,5],[29,0],[50,-7],[-4,-25],[5,-10],[25,-5],[33,-10],[46,6],[18,-12],[17,30],[-3,23],[23,15],[16,-2],[25,-19],[56,0],[22,-20],[0,-12],[-33,-18],[-31,-23],[0,-10],[25,-3],[9,-5],[28,-28],[25,-41],[23,-26],[17,-10],[8,0],[9,13],[25,57],[11,11],[3,-15],[9,-10],[31,-14],[11,3],[24,15],[20,0],[15,-8],[24,-24],[15,21],[-1,8],[15,10],[14,-14],[16,-1],[0,31],[3,29],[-14,-5],[-11,3],[10,13],[35,8],[20,21],[25,-8],[66,-16],[29,-2],[-22,-21],[23,2],[1,-17],[-22,-15],[-3,-10],[9,-1],[18,9],[12,11],[20,26],[50,-3],[23,-10],[5,-10],[-28,-19],[28,-14],[27,-6],[22,-19],[4,-14],[14,-16],[35,4],[46,15],[28,4],[37,-4],[28,-9],[23,-19],[11,-23],[-5,-33],[6,-8],[28,-6],[0,-22],[5,-13],[9,5],[7,14],[15,13],[30,1],[19,9],[9,-1],[7,-14],[9,-4],[47,-2],[11,4],[17,16],[21,-31],[25,-19],[4,-13],[7,-5],[20,5],[20,10],[2,8],[-13,38],[-10,4],[11,29],[53,-8],[15,-5],[3,-11],[17,5],[55,2],[16,-5],[25,-13],[17,-3],[26,-17],[9,-2],[29,-22],[0,-286],[-27,-13],[-8,-12],[-20,-4],[-16,4],[-9,23],[-11,-11],[-11,0],[-10,9],[5,-16],[-7,-10],[16,-9],[8,11],[9,-4],[0,-15],[13,-16],[17,5],[7,-35],[-9,-17],[7,2],[18,-35],[-2,-15],[10,4],[-1,-21],[-14,-17],[-40,14],[-3,13],[-10,1],[-8,-22],[-38,-29],[-18,-6],[-17,-20],[-12,-1],[-16,-23],[-12,-1],[-13,-30],[-21,-14],[-5,-15],[-20,-12],[-2,-19],[-11,-11],[-7,10],[-5,21],[-8,10],[-26,0],[-31,-12],[-30,-40],[-2,4],[7,42],[-12,0],[-10,-17],[-13,-11],[-2,-17],[-8,-5],[-13,30],[-10,-14],[-10,-5],[-10,-25],[6,-13],[-14,-23],[4,-5],[-19,-30],[-11,-27],[-1,-18],[12,-13],[17,2],[8,-11],[-14,-28],[-3,-9],[7,-32],[10,-3],[1,-32],[-4,-12],[-13,5],[5,24],[-11,-8],[-13,-27],[-10,-41],[4,-22],[10,-18],[-12,-23],[-25,2],[-7,-6],[-13,-20],[-7,-16],[0,-20],[6,-25],[-16,-8],[-24,-22],[-2,-45],[-14,-38],[-33,-52],[-10,69],[0,26],[-9,37],[-9,74],[0,19],[-6,61],[-1,26],[5,71],[2,8],[24,41],[9,30],[-3,16],[20,12],[23,20],[30,42],[7,25],[33,43],[19,28],[8,24],[16,14],[26,17],[14,38],[-7,7],[10,30],[2,28],[7,7],[28,5],[-6,10],[-26,7],[-31,-15],[0,-10],[-8,-30],[1,-11],[-14,-8],[-20,-23],[-25,-34],[-17,-9],[6,26],[-12,2],[-2,9],[12,40],[-5,8],[-21,-16],[-11,17],[-48,-11],[-19,-16],[0,-21],[-21,-24],[2,-16],[-16,-12],[-23,-30],[-11,-30],[0,-12],[7,-7],[16,-1],[4,-13],[-27,-13],[-22,6],[-18,-17],[-8,11],[-24,-17],[-9,8],[1,9],[22,9],[-9,21],[-11,7],[-28,-3],[-11,14],[-19,0],[-9,-8],[1,-13],[-9,-15],[-14,12],[-26,-5],[-19,7],[-7,-2],[-3,-20],[-12,4],[-3,21],[-71,-4],[-14,-9],[-12,-15],[-16,-32],[-21,-18],[-15,-43],[-32,-38],[-15,-23],[-31,-59],[-20,-29],[-34,-40],[-8,-13],[-3,-21],[6,-9],[17,-2],[22,4],[-5,-41],[4,-17]],[[7089,8452],[-24,69],[-56,-11],[-38,95],[-60,-120],[-27,-66]],[[6565,8108],[62,16],[43,41],[32,50],[114,84],[14,-20]],[[6830,8279],[-35,-90],[-12,-59],[13,-122],[109,-122]],[[6905,7886],[283,8]],[[6701,7307],[11,37],[-5,0],[-15,-20],[-3,21],[-11,-18],[-4,12],[-8,-10],[6,-19],[17,-4],[-6,-8],[-22,4],[-8,12],[0,-26],[-3,-13],[-3,16],[-14,-7],[-11,-49],[-5,-29],[-1,-24],[6,-25],[-1,-31],[11,0],[3,8]],[[6501,6777],[-11,30],[-13,6],[3,12],[14,-6],[-8,21],[5,15],[-20,-4],[-4,39],[6,42],[6,-21],[10,-1],[4,9],[2,-17],[11,7],[5,-5],[-1,17],[12,-1],[-2,18],[-16,25],[-5,45],[-7,2],[-19,-7],[-3,-19],[0,-28],[-7,11],[-5,39],[9,41],[-7,13],[-14,0],[-9,25],[-9,0],[1,15],[-8,24],[-6,35],[-16,7],[-1,19],[15,5],[12,-11],[7,6],[-13,23],[7,13],[4,23],[31,2],[18,-6],[-12,13],[0,10],[9,23],[3,26],[-4,13],[4,13],[-2,13],[-9,6],[97,751]],[[6086,7950],[13,-10],[3,-17],[14,-15],[20,-4],[7,34],[5,-5],[-3,-29],[-7,-30],[-13,-19],[-26,3],[-22,7],[-17,-1],[4,45],[-3,40],[25,1]],[[6564,8108],[-98,-751],[-7,3],[-11,-11],[-10,13],[-12,6],[-20,-13],[-19,-26],[-12,-1],[-13,-29],[-6,-4],[-15,-23],[-12,-6],[-5,5],[-4,-22],[-10,-42],[-9,-13],[0,-17],[13,-19],[7,-25],[-2,-18]],[[6023,7728],[24,47],[53,-72],[47,41],[54,0],[20,22],[10,36],[3,44],[-22,8],[-3,11],[9,22],[-7,18],[10,20],[25,14],[1,6],[22,18],[27,66],[1,19],[4,-6],[80,21],[54,21],[81,3],[48,21]],[[5914,7751],[20,-3],[-1,-21],[-6,-21],[-12,8],[-8,22],[7,15]],[[6397,8958],[-10,-5],[-14,-19],[-24,-6],[-10,11],[1,24],[9,15],[20,5],[22,-15],[6,-10]],[[6656,9034],[23,-20],[2,-8],[-10,-9],[-16,2],[-6,13],[-12,3],[-11,10],[-4,13],[17,16],[17,-20]],[[5767,8215],[4,4]],[[5893,8997],[12,-19],[19,-6],[1,-19],[9,10],[50,-5],[50,-25],[12,-12],[28,-35],[34,-15],[25,-20],[5,-9],[1,-24],[6,-19],[-11,-27],[-24,-26],[-22,-12],[-32,-2],[-63,18],[-45,27],[-20,5],[-12,20],[-10,5],[-12,-4],[15,-25],[20,-24],[30,-23],[5,-14],[-3,-23],[-9,-6],[4,-21],[9,-31],[3,-23],[6,-5],[26,-7],[6,-20],[33,-12],[14,7],[3,20],[-4,13],[-18,1],[-7,6],[-12,26],[9,22],[6,0],[14,-15],[44,-25],[12,-3],[10,5],[9,-6],[4,21],[-13,29],[-4,21],[3,10],[39,27],[24,33],[29,-12],[21,-17],[10,43],[-4,35],[-15,13],[15,32],[-2,27],[-9,17],[5,12],[18,-7],[25,3],[8,-4],[22,-49],[-33,-5],[-10,-7],[-6,-16],[14,-15],[9,-18],[19,-10],[33,7],[4,5],[10,49],[15,6],[16,14],[36,23],[37,18],[12,10],[2,-15],[11,1],[8,24],[14,9],[10,-2],[-3,-32],[-10,-3],[-3,-12],[9,-6],[26,8],[5,-8],[11,25],[5,6],[24,6],[23,-8],[14,3],[12,15],[23,11],[16,-11],[-8,-15],[2,-7],[17,-7],[5,20],[16,1],[12,16],[1,14],[-17,33],[19,20],[34,-3],[46,-17],[26,-17],[14,-3],[34,-22],[45,-49],[8,2],[17,43],[-17,1],[-11,21],[0,22],[-9,9],[-25,5],[2,24],[13,19],[-4,35],[-14,2],[-3,9],[4,17],[28,23],[14,16],[14,33],[7,39],[8,14],[24,-7],[40,7],[22,-1],[7,-4],[4,-19],[-10,-39],[-17,-27],[-2,-11],[9,-11],[15,-33],[3,-26],[-10,-20],[4,-38],[-1,-42],[9,-32],[13,-8],[2,-10],[-6,-16],[-9,-37],[-26,-35],[-14,-15],[4,-17],[-20,-12],[-29,15],[-20,-5]],[[6884,8419],[11,-10],[5,-31],[27,-14],[7,-17],[-29,-62],[-50,-13],[-19,-2],[-6,9]],[[6565,8108],[-1,0]],[[5854,8015],[13,7],[-4,18],[-14,28],[2,11],[9,-10],[5,21],[-4,11],[-15,8],[-15,28],[-2,26],[-41,4],[-12,-3],[-10,7]],[[7202,7895],[-297,-9]],[[262,2940],[0,0]],[[259,2943],[0,0]],[[291,2942],[0,0]],[[288,2949],[0,0]],[[287,2950],[0,0]],[[36,2482],[0,0]],[[50,2540],[0,0]],[[45,2589],[0,0]],[[9993,2592],[0,0]],[[39,2593],[0,0]],[[9954,2606],[0,0]],[[29,2607],[0,0]],[[4,2603],[0,0]],[[9958,2611],[0,0]],[[42,2627],[0,0]],[[9994,2631],[0,0]],[[9933,2638],[0,0]],[[9947,2648],[0,0]],[[35,2659],[0,0]],[[9978,2671],[0,0]],[[28,2677],[0,0]],[[47,2682],[0,0]],[[9983,2684],[0,0]],[[20,2689],[0,0]],[[9967,2700],[0,0]],[[24,2711],[0,0]],[[9948,2656],[-8,-2],[-15,11],[-2,17],[3,18],[12,19],[10,2],[12,-21],[3,-28],[-15,-16]],[[9918,2723],[0,0]],[[25,2726],[0,0]],[[9983,2728],[0,0]],[[30,2730],[0,0]],[[9921,2739],[0,0]],[[9953,2758],[0,0]],[[9996,2749],[0,0]],[[5,2761],[0,0]],[[9932,2767],[0,0]],[[9997,2771],[0,0]],[[9999,2782],[0,0]],[[1,2785],[0,0]],[[9987,2763],[8,18],[3,-16],[-18,-5],[-3,7],[-5,-16],[-9,-5],[-6,17],[14,21],[11,4],[3,10],[14,7],[-14,-38],[2,-4]],[[281,2591],[0,0]],[[140,2431],[0,0]],[[137,2445],[0,0]],[[145,2509],[0,0]],[[155,2534],[0,0]],[[158,2542],[0,0]],[[137,2550],[0,0]],[[159,2548],[0,0]],[[138,2554],[0,0]],[[159,2559],[0,0]],[[149,2617],[0,0]],[[165,2624],[0,0]],[[166,2624],[0,0]],[[163,2625],[0,0]],[[165,2627],[0,0]],[[120,2845],[0,0]],[[52,2939],[0,0]],[[106,3009],[0,0]],[[237,2958],[-12,3],[2,15],[10,-18]],[[216,2993],[0,-17],[-9,0],[-6,19],[11,6],[4,-8]],[[1965,2015],[0,0]],[[5705,6591],[0,0]],[[5717,6624],[0,0]],[[5682,6630],[-3,-15],[-5,7],[8,8]],[[5690,6617],[0,0]],[[5698,6621],[0,0]],[[5702,6626],[0,0]],[[5681,6648],[0,0]],[[5673,6679],[0,0]],[[5676,6668],[0,0]],[[5695,6667],[0,0]],[[5692,6690],[-8,15],[3,7],[20,-41],[-4,-2],[-11,21]],[[5684,6641],[0,0]],[[5698,6652],[4,-12],[-10,-3],[6,15]],[[5704,6640],[5,16],[2,-14],[-7,-2]],[[5657,6741],[-1,9],[-14,24],[-7,-2],[10,15],[15,-23],[10,-5],[4,-33],[8,-3],[-1,-13],[-6,1],[-8,29],[-10,1]],[[5771,6586],[13,13],[-3,-16],[-9,-23],[-1,26]],[[5751,6636],[0,0]],[[5996,6623],[-18,-27],[-16,18],[-5,-1],[-20,-35],[-16,-12],[-15,2],[-8,9],[-12,27],[-15,15],[-13,6],[-9,-2],[-3,-42],[-23,-8],[-10,7],[-8,38],[-5,-12],[-10,15],[-12,-15],[-1,27],[-19,1],[6,15],[-10,17],[-1,38],[-12,16],[-8,-1],[2,25],[7,-12],[7,9],[-8,17],[9,13],[-12,32],[10,21],[-22,-8],[1,40],[16,27],[14,6],[14,-12],[19,8],[16,-5],[-4,21],[27,9],[-15,0],[-9,17],[4,17],[28,-6],[3,4],[13,-11],[14,1],[4,17],[29,33],[20,15],[12,2],[30,-8],[10,13],[2,-18],[9,-12],[15,4],[6,-24],[6,-9],[12,4],[12,-19],[39,-7],[20,10],[18,-8],[10,1],[25,23],[6,11]],[[5471,7096],[-9,5]],[[5889,7354],[-5,-20],[-21,1],[-7,-5],[-21,-51],[-13,-8],[-3,-16],[6,-20],[-7,-24],[-11,-3],[-11,-28],[-3,-21],[-3,-52],[-12,-6],[-5,-48],[-10,-15],[12,-32],[5,-35],[8,-11],[19,-17],[-7,-21],[-18,10],[-7,-7],[-12,1],[-6,-22],[-18,-19],[-10,-23],[-2,16],[10,14],[-12,8],[-4,18],[-19,3],[-8,9],[-8,-10],[-10,6],[-13,-17],[-7,3],[4,-21],[14,-22],[-14,16],[-4,-12],[6,-5],[-2,-13],[-5,15],[-9,3],[9,-22],[-9,3],[-4,21],[-11,16],[3,12],[-10,-11],[3,-7],[-3,-20],[9,-37],[12,-29],[-11,11],[-3,-5],[4,-19],[-11,-11],[19,-15],[11,-23],[7,0],[5,-42],[-4,-6],[-10,28],[-14,-8],[2,-23],[7,0],[3,-12],[-12,-6],[-10,7],[7,-32],[3,-31],[-9,10],[-8,-16],[-11,35],[-6,-14],[-6,21],[2,22],[-11,35],[6,20],[8,-3],[5,9],[23,-22],[11,14],[-22,20],[-14,2],[-18,-8],[-12,36],[11,11],[-4,8],[-9,-2],[-13,23],[-5,30],[-19,32],[4,10],[-4,14],[5,20],[0,25],[-3,9],[5,16],[0,14],[-13,13],[-6,20],[-11,10],[-34,52]],[[5747,6619],[0,0]],[[5744,6648],[0,0]],[[5716,6597],[0,0]]]}