{"type":"Topology","bbox":[-180,-55.070042051117994,180,80.63342627139454],"transform":{"scale":[0.036003600360036005,0.01357170400265152],"translate":[-180,-55.070042051117994]},"objects":{"countries":{"type":"GeometryCollection","geometries":[{"type":"MultiPolygon","arcs":[[[0,1,2,3,4,5,6,7,8,9,10,11,12,13,14,15,16,17,18,19,20],[21],[22],[23],[24]],[[25]],[[26]]],"id":"tsardom_of_muscovy","properties":{"name":"Tsardom of Muscovy","subjecto":"Tsardom of Muscovy","partof":"Tsardom of Muscovy","prec":3}},{"type":"MultiPolygon","arcs":[[[27,28,29,30,31,32,-5,33]]],"id":"central_asian_khanates","properties":{"name":"central Asian khanates","subjecto":"central Asian khanates","partof":"central Asian khanates","prec":3}},{"type":"MultiPolygon","arcs":[[[34,35,36,37,38,39,-28]]],"id":"manchu_empire","properties":{"name":"Manchu Empire","subjecto":"Manchu Empire","partof":"Manchu Empire","prec":3}},{"type":"MultiPolygon","arcs":[[[40]],[[41]],[[42]],[[43]],[[44]],[[45]],[[46]],[[47]],[[48]],[[49]],[[50]],[[51]],[[52]],[[53]],[[54]],[[55]],[[56]],[[57]],[[58]],[[59,60,61,62,63,64]],[[65]],[[66]],[[67]],[[68]]],"id":"ottoman_empire","properties":{"name":"Ottoman Empire","subjecto":"Ottoman Empire","partof":"Ottoman Empire","prec":1}},{"type":"MultiPolygon","arcs":[[[69,70,71,-30,72,73,74,75,76,77,78,79]]],"id":"mughal_empire","properties":{"name":"Mughal Empire","subjecto":"Mughal Empire","partof":"Mughal Empire","prec":3}},{"type":"MultiPolygon","arcs":[[[80,81,82]],[[83]]],"id":"t_atsaot_ine","properties":{"name":"T'atsaot'ine","subjecto":"T'atsaot'ine","partof":"T'atsaot'ine","prec":3}},{"type":"MultiPolygon","arcs":[[[84,85,86,87,88,89,90,91,92,93,94,95,96,97,98,99,100,101,102,103,104,105,106,107,108,109,110,111,112,113,114,115,116,117,118,119,120,121,122,123,124,125],[126]]],"id":"vice_royalty_of_peru","properties":{"name":"Vice Royalty of Peru","subjecto":"Spanish Habsburg","partof":"Vice Royalty of Peru","prec":3}},{"type":"MultiPolygon","arcs":[[[127,128,129,130,131,132,133,134,135,136,137,138,139,140,141,142,143,144,145]],[[146,147]]],"id":"athabascan","properties":{"name":"Athabascan","subjecto":"Athabascan","partof":"Athabascan","prec":3}},{"type":"MultiPolygon","arcs":[[[148,149,150,151,152,-125]],[[153,154]]],"id":"amazon_hunter_gatherers","properties":{"name":"Amazon hunter-gatherers","subjecto":"Amazon hunter-gatherers","partof":"Amazon hunter-gatherers","prec":3}},{"type":"MultiPolygon","arcs":[[[155,-123,156]],[[-121,157,158,159,160,161,162,163]],[[164]]],"id":"vice_royalty_of_new_spain","properties":{"name":"Vice-Royalty of New Spain","subjecto":"Spanish Habsburg","partof":"Vice-Royalty of New Spain","prec":3}},{"type":"MultiPolygon","arcs":[[[165,166,-7,167,-32]]],"id":"quazaq_khanate","properties":{"name":"Quazaq Khanate","subjecto":"Quazaq Khanate","partof":"Quazaq Khanate","prec":1}},{"type":"MultiPolygon","arcs":[[[168,-73,-29,-40,169,-76]]],"id":"tibet","properties":{"name":"Tibet","subjecto":"Tibet","partof":"Tibet","prec":3}},{"type":"MultiPolygon","arcs":[[[-72,170,-62,171,172]]],"id":"safavid_empire","properties":{"name":"Safavid Empire","subjecto":"Safavid Empire","partof":"Safavid Empire","prec":3}},{"type":"MultiPolygon","arcs":[[[173]],[[174,175,176,-3]],[[177,178,179]],[[180,181,182]]],"id":"chukchi","properties":{"name":"Chukchi","subjecto":"Chukchi","partof":"Chukchi","prec":3}},{"type":"MultiPolygon","arcs":[[[-91,183,184,185,-86,186,187,188]]],"id":"pampas_cultures","properties":{"name":"Pampas cultures","subjecto":"Pampas cultures","partof":"Pampas cultures","prec":3}},{"type":"MultiPolygon","arcs":[[[189]],[[190,191]],[[192]],[[193]],[[194,195,196]],[[197]],[[198]],[[199]],[[200]],[[201]],[[202]],[[203]],[[204]],[[205]],[[206]],[[207]],[[208]],[[-20,209,-18,210,-16,211,212,213,214]]],"id":"sweden","properties":{"name":"Sweden","subjecto":"Sweden","partof":"Sweden","prec":3}},{"type":"MultiPolygon","arcs":[[[215,216,217,-187,-85,218,-152]],[[219,-185,220]],[[-154,221]]],"id":"savanna_hunter_gatherers","properties":{"name":"Savanna hunter-gatherers","subjecto":"Savanna hunter-gatherers","partof":"Savanna hunter-gatherers","prec":3}},{"type":"MultiPolygon","arcs":[[[222,223]],[[224]],[[225]],[[226]],[[227]],[[228]],[[229]],[[230]],[[231]],[[232]],[[233]],[[234]],[[235]],[[236,237]],[[238]]],"id":"dutch_east_indies","properties":{"name":"Dutch East Indies","subjecto":"Netherlands","partof":"Dutch East Indies","prec":3}},{"type":"MultiPolygon","arcs":[[[239,240,-132,241,-81,242,243]]],"id":"cree","properties":{"name":"Cree","subjecto":"Cree","partof":"Cree","prec":3}},{"type":"MultiPolygon","arcs":[[[244,245,246,-60]]],"id":"morocco","properties":{"name":"Morocco","subjecto":"Morocco","partof":"Morocco","prec":3}},{"type":"MultiPolygon","arcs":[[[247,-143]],[[248]]],"id":"inupiaq","properties":{"name":"Inupiaq","subjecto":"Inupiaq","partof":"Inupiaq","prec":3}},{"type":"MultiPolygon","arcs":[[[249,250,-166,-31,-173]],[[251]]],"id":"khiva_khanate","properties":{"name":"Khiva Khanate","subjecto":"Khiva Khanate","partof":"Khiva Khanate","prec":1}},{"type":"MultiPolygon","arcs":[[[-212,-15,252,-13,253,254,255,256,257,258]]],"id":"polish_lithuanian_commonwealth","properties":{"name":"Polish–Lithuanian Commonwealth","subjecto":"Polish–Lithuanian Commonwealth","partof":"Polish–Lithuanian Commonwealth","prec":3}},{"type":"MultiPolygon","arcs":[[[-12,259,-10,260,261,-254]]],"id":"ottoman_empire_2","properties":{"name":"Ottoman Empire","subjecto":"Ottoman Empire","partof":"Ottoman Empire","prec":1}},{"type":"MultiPolygon","arcs":[[[262,263,264,265,266,-38]],[[267]]],"id":"post_ming_warlords","properties":{"name":"Post-Ming Warlords","subjecto":"Post-Ming Warlords","partof":"Post-Ming Warlords","prec":3}},{"type":"MultiPolygon","arcs":[[[-192,268,269,270,-196,271,-256,272,273,274,275,276,277,278,279,280,281,282,283,284]]],"id":"holy_roman_empire","properties":{"name":"Holy Roman Empire","subjecto":"Holy Roman Empire","partof":"Holy Roman Empire","prec":3}},{"type":"MultiPolygon","arcs":[[[-241,285,286,-133]]],"id":"subarctic_forest_hunter_gatherers","properties":{"name":"Subarctic forest hunter-gatherers","subjecto":"Subarctic forest hunter-gatherers","partof":"Subarctic forest hunter-gatherers","prec":3}},{"type":"MultiPolygon","arcs":[[[287,288,289,290,-244,291]]],"id":"obiwa","properties":{"name":"Obiwa","subjecto":"Obiwa","partof":"Obiwa","prec":3}},{"type":"MultiPolygon","arcs":[[[292]],[[293]],[[-270,294]],[[295]],[[296]],[[297]],[[298]],[[299]],[[300]],[[301]],[[302]],[[-214,303,304]],[[305]]],"id":"denmark_norway","properties":{"name":"Denmark-Norway","subjecto":"Denmark-Norway","partof":"Denmark-Norway","prec":3}},{"type":"MultiPolygon","arcs":[[[306,-148,307,308,-130,309,310,311,-145]]],"id":"sahtu","properties":{"name":"Sahtu","subjecto":"Sahtu","partof":"Sahtu","prec":3}},{"type":"MultiPolygon","arcs":[[[-217,312,313,314]]],"id":"portuguese_brazil","properties":{"name":"Portuguese Brazil","subjecto":"Portugal","partof":"Portuguese Brazil","prec":3}},{"type":"MultiPolygon","arcs":[[[315,-282,316,317,318,319,320]]],"id":"france","properties":{"name":"France","subjecto":"France","partof":"France","prec":3}},{"type":"MultiPolygon","arcs":[[[321]]],"id":"naskapi_innu","properties":{"name":"Naskapi Innu","subjecto":"Naskapi Innu","partof":"Naskapi Innu","prec":3}},{"type":"MultiPolygon","arcs":[[[322,323,324,325,326,327,328,329,330,331]]],"id":"shoshoni","properties":{"name":"Shoshoni","subjecto":"Shoshoni","partof":"Shoshoni","prec":3}},{"type":"MultiPolygon","arcs":[[[332,-320,333,334]]],"id":"spain","properties":{"name":"Spain","subjecto":"Spanish Habsburg","partof":"Spain","prec":3}},{"type":"MultiPolygon","arcs":[[[335,-273,-255,-262]]],"id":"austrian_empire","properties":{"name":"Austrian Empire","subjecto":"Austrian Empire","partof":"Austrian Empire","prec":3}},{"type":"MultiPolygon","arcs":[[[336],[337]]],"id":"madagascar","properties":{"name":"Madagascar","subjecto":"Madagascar","partof":"Madagascar","prec":3}},{"type":"MultiPolygon","arcs":[[[338,339,340]]],"id":"oromo","properties":{"name":"Oromo","subjecto":"Oromo","partof":"Oromo","prec":3}},{"type":"MultiPolygon","arcs":[[[341]]],"id":"montagnais_innu","properties":{"name":"Montagnais Innu","subjecto":"Montagnais Innu","partof":"Montagnais Innu","prec":3}},{"type":"MultiPolygon","arcs":[[[342,-8,-167,-251]]],"id":"nogai_horde","properties":{"name":"Nogai Horde","subjecto":"Nogai Horde","partof":"Nogai Horde","prec":1}},{"type":"MultiPolygon","arcs":[[[343]],[[344]],[[345]],[[346]],[[347,-137,348,-135]]],"id":"eyaq","properties":{"name":"Eyaq","subjecto":"Eyaq","partof":"Eyaq","prec":3}},{"type":"MultiPolygon","arcs":[[[-286,-240,-291,349,350,351,352,353,354]]],"id":"assiniboin","properties":{"name":"Assiniboin","subjecto":"Assiniboin","partof":"Assiniboin","prec":3}},{"type":"MultiPolygon","arcs":[[[355,356,357,358,359,360,361]]],"id":"ayutthaya","properties":{"name":"Ayutthaya","subjecto":"Ayutthaya","partof":"Ayutthaya","prec":3}},{"type":"MultiPolygon","arcs":[[[362]],[[363]],[[364]],[[365]]],"id":"tokugawa_shogunate","properties":{"name":"Tokugawa Shogunate","subjecto":"Tokugawa Shogunate","partof":"Tokugawa Shogunate","prec":3}},{"type":"MultiPolygon","arcs":[[[366,367,-141,368]]],"id":"yup_ik_cup_ik","properties":{"name":"Yup'ik & Cup'ik","subjecto":"Yup'ik & Cup'ik","partof":"Yup'ik & Cup'ik","prec":3}},{"type":"MultiPolygon","arcs":[[[369]],[[-223,370]]],"id":"papous","properties":{"name":"Papous","subjecto":"Papous","partof":"Papous","prec":3}},{"type":"MultiPolygon","arcs":[[[371,372]]],"id":"bornu_kanem","properties":{"name":"Bornu-Kanem","subjecto":"Bornu-Kanem","partof":"Bornu-Kanem","prec":3}},{"type":"MultiPolygon","arcs":[[[-266,373,374,-362,375,376,-78,377]]],"id":"ava","properties":{"name":"Ava","subjecto":"Ava","partof":"Ava","prec":3}},{"type":"MultiPolygon","arcs":[[[-39,-267,-378,-77,-170]]],"id":"shan_states","properties":{"name":"Shan states","subjecto":"Shan states","partof":"Shan states","prec":3}},{"type":"MultiPolygon","arcs":[[[378]],[[379]],[[380]],[[381,-92,-189]]],"id":"patagonian_shellfish_and_marine_mammal_h","properties":{"name":"Patagonian shellfish and marine mammal hunters","subjecto":"Patagonian shellfish and marine mammal hunters","partof":"Patagonian shellfish and marine mammal hunters","prec":3}},{"type":"MultiPolygon","arcs":[[[-176,382,178,383,-182,384]]],"id":"koryaks","properties":{"name":"Koryaks","subjecto":"Koryaks","partof":"Koryaks","prec":1}},{"type":"MultiPolygon","arcs":[[[385]],[[386]],[[387,388]]],"id":"england_and_ireland","properties":{"name":"England and Ireland","subjecto":"England and Ireland","partof":"England and Ireland","prec":3}},{"type":"MultiPolygon","arcs":[[[389]]],"id":"darfur","properties":{"name":"Darfur","subjecto":"Darfur","partof":"Darfur","prec":3}},{"type":"MultiPolygon","arcs":[[[-323,390,391,392,393,-161,394,395]]],"id":"ute","properties":{"name":"Ute","subjecto":"Ute","partof":"Ute","prec":3}},{"type":"MultiPolygon","arcs":[[[-372,396]]],"id":"hausa_states","properties":{"name":"Hausa States","subjecto":"Hausa States","partof":"Hausa States","prec":3}},{"type":"MultiPolygon","arcs":[[[397,398]]],"id":"luba","properties":{"name":"Luba","subjecto":"Luba","partof":"Luba","prec":3}},{"type":"MultiPolygon","arcs":[[[-314,399,-150,400,401]]],"id":"dutch_brazil","properties":{"name":"Dutch Brazil","subjecto":"Netherlands","partof":"Dutch Brazil","prec":3}},{"type":"MultiPolygon","arcs":[[[402]],[[403]]],"id":"maori","properties":{"name":"Maori","subjecto":"Maori","partof":"Maori","prec":3}},{"type":"MultiPolygon","arcs":[[[404]],[[405]],[[406]]],"id":"mi_kma_ki","properties":{"name":"Mi'kma'ki","subjecto":"Mi'kma'ki","partof":"Mi'kma'ki","prec":3}},{"type":"MultiPolygon","arcs":[[[407,-360]],[[408,-238]]],"id":"malaya","properties":{"name":"Malaya","subjecto":"Malaya","partof":"Malaya","prec":3}},{"type":"MultiPolygon","arcs":[[[409,-326,410]]],"id":"northern_paiute","properties":{"name":"Northern Paiute","subjecto":"Northern Paiute","partof":"Northern Paiute","prec":3}},{"type":"MultiPolygon","arcs":[[[-339,411,412,413]]],"id":"ethiopia","properties":{"name":"Ethiopia","subjecto":"Ethiopia","partof":"Ethiopia","prec":3}},{"type":"MultiPolygon","arcs":[[[-264,414,415,416]]],"id":"i_vi_t","properties":{"name":"Đại Việt","subjecto":"Đại Việt","partof":"Đại Việt","prec":3}},{"type":"MultiPolygon","arcs":[[[417,418,419,420,421,422,423,424,425,426,427,428,429,430]]],"id":"illinnois","properties":{"name":"Illinnois","subjecto":"Illinnois","partof":"Illinnois","prec":3}},{"type":"MultiPolygon","arcs":[[[-36,431]],[[432]],[[433]],[[434]],[[435]],[[436]],[[437]],[[438]],[[439]],[[440]],[[441]],[[442]],[[443]],[[444]],[[445]],[[446]],[[447]],[[448]]],"id":"korea","properties":{"name":"Korea","subjecto":"Korea","partof":"Korea","prec":3}},{"type":"MultiPolygon","arcs":[[[449,-399]]],"id":"lunda","properties":{"name":"Lunda","subjecto":"Lunda","partof":"Lunda","prec":3}},{"type":"MultiPolygon","arcs":[[[-384,179,450,-183]]],"id":"itelmen","properties":{"name":"Itelmen","subjecto":"Itelmen","partof":"Itelmen","prec":1}},{"type":"MultiPolygon","arcs":[[[451,452,453,454,455,456,457,458,-431,459]]],"id":"osage","properties":{"name":"Osage","subjecto":"Osage","partof":"Osage","prec":3}},{"type":"MultiPolygon","arcs":[[[460,461,462,463,464,465,466,467,468]]],"id":"comanche","properties":{"name":"Comanche","subjecto":"Comanche","partof":"Comanche","prec":3}},{"type":"MultiPolygon","arcs":[[[469,-374,-265,-417,470,-357]]],"id":"laotian_states","properties":{"name":"Laotian states","subjecto":"Laotian states","partof":"Laotian states","prec":3}},{"type":"MultiPolygon","arcs":[[[471,472,473,474,475,-392,-331,476,477,478,479]]],"id":"arapaho","properties":{"name":"Arapaho","subjecto":"Arapaho","partof":"Arapaho","prec":3}},{"type":"MultiPolygon","arcs":[[[480,-478,481,-329,482,483,484,485]]],"id":"crow","properties":{"name":"Crow","subjecto":"Crow","partof":"Crow","prec":3}},{"type":"MultiPolygon","arcs":[[[486,487,488,489,490,491,-163]]],"id":"mescalero","properties":{"name":"Mescalero","subjecto":"Mescalero","partof":"Mescalero","prec":3}},{"type":"MultiPolygon","arcs":[[[492]],[[493]],[[494]],[[495]],[[496]],[[497]],[[498]],[[499]]],"id":"philippines","properties":{"name":"Philippines","subjecto":"Philippines","partof":"Philippines","prec":3}},{"type":"MultiPolygon","arcs":[[[500]]],"id":"wiradjuri","properties":{"name":"Wiradjuri","subjecto":"Wiradjuri","partof":"Wiradjuri","prec":3}},{"type":"MultiPolygon","arcs":[[[501,502,-428,503]]],"id":"shawnee","properties":{"name":"Shawnee","subjecto":"Shawnee","partof":"Shawnee","prec":3}},{"type":"MultiPolygon","arcs":[[[504]]],"id":"florida","properties":{"name":"Florida","subjecto":"Spanish Habsburg","partof":"Florida","prec":3}},{"type":"MultiPolygon","arcs":[[[505,506,-288,507,-424,508,509,510]]],"id":"santee","properties":{"name":"Santee","subjecto":"Santee","partof":"Santee","prec":3}},{"type":"MultiPolygon","arcs":[[[-466,-474,511,512,-456,513]]],"id":"kiowa","properties":{"name":"Kiowa","subjecto":"Kiowa","partof":"Kiowa","prec":3}},{"type":"MultiPolygon","arcs":[[[514]]],"id":"kokatha","properties":{"name":"Kokatha","subjecto":"Kokatha","partof":"Kokatha","prec":3}},{"type":"MultiPolygon","arcs":[[[-352,515,516,517,518,519,520,521]]],"id":"teton","properties":{"name":"Teton","subjecto":"Teton","partof":"Teton","prec":3}},{"type":"MultiPolygon","arcs":[[[522]]],"id":"mardu","properties":{"name":"Mardu","subjecto":"Mardu","partof":"Mardu","prec":3}},{"type":"MultiPolygon","arcs":[[[-70,523]]],"id":"hindu_kingdoms","properties":{"name":"Hindu Kingdoms","subjecto":"Hindu Kingdoms","partof":"Hindu Kingdoms","prec":3}},{"type":"MultiPolygon","arcs":[[[524]]],"id":"pintupi","properties":{"name":"Pintupi","subjecto":"Pintupi","partof":"Pintupi","prec":3}},{"type":"MultiPolygon","arcs":[[[525,526,-483,-328]]],"id":"blackfoot","properties":{"name":"Blackfoot","subjecto":"Blackfoot","partof":"Blackfoot","prec":3}},{"type":"MultiPolygon","arcs":[[[-358,-471,-416,527]]],"id":"cambodia","properties":{"name":"Cambodia","subjecto":"Cambodia","partof":"Cambodia","prec":3}},{"type":"MultiPolygon","arcs":[[[528]]],"id":"rozwi","properties":{"name":"Rozwi","subjecto":"Rozwi","partof":"Rozwi","prec":3}},{"type":"MultiPolygon","arcs":[[[529]],[[530]],[[531]],[[532]],[[533]],[[534]],[[535]],[[536]],[[537]],[[538]],[[539]],[[540]],[[541]],[[542]],[[543]],[[544]],[[545]],[[546]],[[547]],[[548,549]],[[550]],[[551]],[[552,553,554]],[[555,556]],[[557]],[[558]],[[559]],[[560]],[[561]],[[562]],[[563]],[[564]],[[565]],[[566]],[[567]],[[568]],[[569]],[[570]],[[571]],[[572]],[[573]],[[574]],[[575]],[[576]],[[577]],[[578]],[[579,580]],[[581,582]],[[583]],[[584]],[[585,586,587]],[[588]],[[589,590,591,592,593,594]],[[595]],[[596]],[[597]],[[598]],[[599]],[[600]],[[601]],[[602]],[[603]],[[604]],[[605,606,607,608,609,610]],[[611]],[[612]],[[613,614,615,616,617,618,619]],[[620,621]],[[622]],[[623]],[[624]],[[625]],[[626]],[[627,628]],[[629]],[[630]],[[631,632,633,634,635,636,637]],[[638]],[[639,640]],[[641,642,643,644]],[[645,646,647,648]],[[649,650,651,652,653,654,655]],[[656]],[[657]],[[658]],[[659]],[[660]],[[661]],[[662]],[[663]],[[664]],[[665]],[[666]],[[667]],[[668]],[[669]]],"id":"australian_aboriginal_hunter_gatherers","properties":{"name":"Australian aboriginal hunter-gatherers","subjecto":"Australian aboriginal hunter-gatherers","partof":"Australian aboriginal hunter-gatherers","prec":1}},{"type":"MultiPolygon","arcs":[[[-621,670]]],"id":"watjarri","properties":{"name":"Watjarri","subjecto":"Watjarri","partof":"Watjarri","prec":3}},{"type":"MultiPolygon","arcs":[[[-338]]],"id":"expansionist_kingdom_of_merina","properties":{"name":"Expansionist Kingdom of Merina","subjecto":"Expansionist Kingdom of Merina","partof":"Expansionist Kingdom of Merina","prec":3}},{"type":"MultiPolygon","arcs":[[[-635,671]]],"id":"arrernte","properties":{"name":"Arrernte","subjecto":"Arrernte","partof":"Arrernte","prec":3}},{"type":"MultiPolygon","arcs":[[[672,673,674,675,676]]],"id":"erie","properties":{"name":"Erie","subjecto":"Erie","partof":"Erie","prec":3}},{"type":"MultiPolygon","arcs":[[[677,678,679,680,681,682,683,-453]]],"id":"caddo","properties":{"name":"Caddo","subjecto":"Caddo","partof":"Caddo","prec":3}},{"type":"MultiPolygon","arcs":[[[684]]],"id":"warlpiri","properties":{"name":"Warlpiri","subjecto":"Warlpiri","partof":"Warlpiri","prec":3}},{"type":"MultiPolygon","arcs":[[[685,686,-340,-414]]],"id":"awsa","properties":{"name":"Awsa","subjecto":"Awsa","partof":"Awsa","prec":3}},{"type":"MultiPolygon","arcs":[[[-324,-396,687]]],"id":"southern_paiute","properties":{"name":"Southern Paiute","subjecto":"Southern Paiute","partof":"Southern Paiute","prec":3}},{"type":"MultiPolygon","arcs":[[[688,689,-512,-473,690,691,692,693]],[[694,695]]],"id":"pawnee","properties":{"name":"Pawnee","subjecto":"Pawnee","partof":"Pawnee","prec":3}},{"type":"MultiPolygon","arcs":[[[696,697,698,-467,-514,-455,699]]],"id":"wichita","properties":{"name":"Wichita","subjecto":"Wichita","partof":"Wichita","prec":3}},{"type":"MultiPolygon","arcs":[[[700]],[[701]],[[702]],[[703]],[[-139,704]],[[705]],[[706]],[[-367,707]]],"id":"suspiaq","properties":{"name":"Suspiaq","subjecto":"Suspiaq","partof":"Suspiaq","prec":3}},{"type":"MultiPolygon","arcs":[[[708,-654,709,710,711,-616]]],"id":"nyanganyatjara","properties":{"name":"Nyanganyatjara","subjecto":"Nyanganyatjara","partof":"Nyanganyatjara","prec":3}},{"type":"MultiPolygon","arcs":[[[712,-290,713,714,715,716,717]]],"id":"yankontai","properties":{"name":"Yankontai","subjecto":"Yankontai","partof":"Yankontai","prec":3}},{"type":"MultiPolygon","arcs":[[[718]]],"id":"mali","properties":{"name":"Mali","subjecto":"Mali","partof":"Mali","prec":3}},{"type":"MultiPolygon","arcs":[[[719,-711,720,721,722,723,-553,724]]],"id":"mirning","properties":{"name":"Mirning","subjecto":"Mirning","partof":"Mirning","prec":3}},{"type":"MultiPolygon","arcs":[[[725,-644]]],"id":"bidjara","properties":{"name":"Bidjara","subjecto":"Bidjara","partof":"Bidjara","prec":3}},{"type":"MultiPolygon","arcs":[[[726,727,-64,728]]],"id":"hadramaut","properties":{"name":"Hadramaut","subjecto":"Hadramaut","partof":"Hadramaut","prec":3}},{"type":"MultiPolygon","arcs":[[[-356,-375,-470]]],"id":"lan_na","properties":{"name":"Lan Na","subjecto":"Lan Na","partof":"Lan Na","prec":3}},{"type":"MultiPolygon","arcs":[[[729]],[[730]],[[731]],[[732]],[[733]],[[734]],[[735]],[[736]],[[737]],[[738]],[[739]],[[740]],[[741]],[[742]],[[743]],[[744]],[[745]],[[746]],[[747]],[[748]]],"id":"ainu","properties":{"name":"Ainu","subjecto":"Ainu","partof":"Ainu","prec":3}},{"type":"MultiPolygon","arcs":[[[749,-335]]],"id":"portugal","properties":{"name":"Portugal","subjecto":"Portugal","partof":"Portugal","prec":3}},{"type":"MultiPolygon","arcs":[[[750,751,752,-727]]],"id":"mahra","properties":{"name":"Mahra","subjecto":"Mahra","partof":"Mahra","prec":3}},{"type":"MultiPolygon","arcs":[[[-676,753,754]]],"id":"potawatomi","properties":{"name":"Potawatomi","subjecto":"Potawatomi","partof":"Potawatomi","prec":3}},{"type":"MultiPolygon","arcs":[[[755,-591,756,757,758,759,760,761,762,763,-582,764,765]]],"id":"kalaamaya","properties":{"name":"Kalaamaya","subjecto":"Kalaamaya","partof":"Kalaamaya","prec":3}},{"type":"MultiPolygon","arcs":[[[766]],[[767]]],"id":"cuba_spain","properties":{"name":"Cuba (Spain)","subjecto":"Spanish Habsburg","partof":"Cuba (Spain)","prec":3}},{"type":"MultiPolygon","arcs":[[[768]]],"id":"kamilaroi","properties":{"name":"Kamilaroi","subjecto":"Kamilaroi","partof":"Kamilaroi","prec":3}},{"type":"MultiPolygon","arcs":[[[769,770,-716,771,-511,772,773,774,775]]],"id":"yankton","properties":{"name":"Yankton","subjecto":"Yankton","partof":"Yankton","prec":3}},{"type":"MultiPolygon","arcs":[[[776]]],"id":"wadai","properties":{"name":"Wadai","subjecto":"Wadai","partof":"Wadai","prec":3}},{"type":"MultiPolygon","arcs":[[[-90,777,-88,-221,-184]],[[778,-95,779]],[[780,781,782,-105,783,-102,784,-99,785,96]],[[-107,786,108,787,112,788,789,790,-119,791,792,793,-111,794]]],"id":"andean_hunter_gatherers","properties":{"name":"Andean hunter-gatherers","subjecto":"Andean hunter-gatherers","partof":"Andean hunter-gatherers","prec":3}},{"type":"MultiPolygon","arcs":[[[795,-21,-215,-305]]],"id":"finnmark","properties":{"name":"Finnmark","subjecto":"Denmark-Norway","partof":"Finnmark","prec":3}},{"type":"MultiPolygon","arcs":[[[796,797,-673,798]]],"id":"iroquois","properties":{"name":"Iroquois","subjecto":"Iroquois","partof":"Iroquois","prec":3}},{"type":"MultiPolygon","arcs":[[[-389,799]]],"id":"scottalnd","properties":{"name":"Scottalnd","subjecto":"Scottalnd","partof":"Scottalnd","prec":3}},{"type":"MultiPolygon","arcs":[[[800]]],"id":"nyangumarda","properties":{"name":"Nyangumarda","subjecto":"Nyangumarda","partof":"Nyangumarda","prec":3}},{"type":"MultiPolygon","arcs":[[[-354,-484,-527,801]]],"id":"gros_ventre","properties":{"name":"Gros Ventre","subjecto":"Gros Ventre","partof":"Gros Ventre","prec":3}},{"type":"MultiPolygon","arcs":[[[-775,802,-773,-510,803,-422,804,-420,805,806]]],"id":"iowa","properties":{"name":"Iowa","subjecto":"Iowa","partof":"Iowa","prec":3}},{"type":"MultiPolygon","arcs":[[[807,-246]]],"id":"songhai","properties":{"name":"Songhai","subjecto":"Songhai","partof":"Songhai","prec":3}},{"type":"MultiPolygon","arcs":[[[-678,-452,808,809]]],"id":"quapaw","properties":{"name":"Quapaw","subjecto":"Quapaw","partof":"Quapaw","prec":3}},{"type":"MultiPolygon","arcs":[[[810,811]]],"id":"oyo","properties":{"name":"Oyo","subjecto":"Oyo","partof":"Oyo","prec":3}},{"type":"MultiPolygon","arcs":[[[812,813,814,-752]]],"id":"gharra","properties":{"name":"Gharra","subjecto":"Gharra","partof":"Gharra","prec":3}},{"type":"MultiPolygon","arcs":[[[815,816,817,818,819,820,-468,-699,821,822,823]]],"id":"tonkawa","properties":{"name":"Tonkawa","subjecto":"Tonkawa","partof":"Tonkawa","prec":3}},{"type":"MultiPolygon","arcs":[[[824]]],"id":"mossi_states","properties":{"name":"Mossi States","subjecto":"Mossi States","partof":"Mossi States","prec":3}},{"type":"MultiPolygon","arcs":[[[825]]],"id":"akan","properties":{"name":"Akan","subjecto":"Akan","partof":"Akan","prec":3}},{"type":"MultiPolygon","arcs":[[[826]]],"id":"wawula","properties":{"name":"Wawula","subjecto":"Wawula","partof":"Wawula","prec":3}},{"type":"MultiPolygon","arcs":[[[827]]],"id":"warumungu","properties":{"name":"Warumungu","subjecto":"Warumungu","partof":"Warumungu","prec":3}},{"type":"MultiPolygon","arcs":[[[828,-723,829,-651,830]]],"id":"wirangu","properties":{"name":"Wirangu","subjecto":"Wirangu","partof":"Wirangu","prec":3}},{"type":"MultiPolygon","arcs":[[[831,-479,-481,832]]],"id":"cheyenne","properties":{"name":"Cheyenne","subjecto":"Cheyenne","partof":"Cheyenne","prec":3}},{"type":"MultiPolygon","arcs":[[[-812,833]]],"id":"benin","properties":{"name":"Benin","subjecto":"Benin","partof":"Benin","prec":3}},{"type":"MultiPolygon","arcs":[[[834,835]]],"id":"naples","properties":{"name":"Naples","subjecto":"Austrian Empire","partof":"Naples","prec":3}},{"type":"MultiPolygon","arcs":[[[-316,836,837,-283]]],"id":"luxembourg","properties":{"name":"Luxembourg","subjecto":"Luxembourg","partof":"Luxembourg","prec":3}},{"type":"MultiPolygon","arcs":[[[838]]],"id":"ngatatjara","properties":{"name":"Ngatatjara","subjecto":"Ngatatjara","partof":"Ngatatjara","prec":3}},{"type":"MultiPolygon","arcs":[[[839]]],"id":"ngaanyatjarra","properties":{"name":"Ngaanyatjarra","subjecto":"Ngaanyatjarra","partof":"Ngaanyatjarra","prec":3}},{"type":"MultiPolygon","arcs":[[[840]],[[841]]],"id":"hispaniola_spain","properties":{"name":"Hispaniola (Spain)","subjecto":"Spanish Habsburg","partof":"Hispaniola (Spain)","prec":3}},{"type":"MultiPolygon","arcs":[[[842]]],"id":"iningai","properties":{"name":"Iningai","subjecto":"Iningai","partof":"Iningai","prec":3}},{"type":"MultiPolygon","arcs":[[[-502,843]]],"id":"cherokee","properties":{"name":"Cherokee","subjecto":"Cherokee","partof":"Cherokee","prec":3}},{"type":"MultiPolygon","arcs":[[[844]]],"id":"tasmanian_hunter_gatherers","properties":{"name":"Tasmanian hunter-gatherers","subjecto":"Tasmanian hunter-gatherers","partof":"Tasmanian hunter-gatherers","prec":3}},{"type":"MultiPolygon","arcs":[[[845]]],"id":"mandjindja","properties":{"name":"Mandjindja","subjecto":"Mandjindja","partof":"Mandjindja","prec":3}},{"type":"MultiPolygon","arcs":[[[846]]],"id":"congo","properties":{"name":"Congo","subjecto":"Congo","partof":"Congo","prec":3}},{"type":"MultiPolygon","arcs":[[[847]]],"id":"new_france","properties":{"name":"New France","subjecto":"France","partof":"New France","prec":3}},{"type":"MultiPolygon","arcs":[[[-633,848]]],"id":"wangkangurru","properties":{"name":"Wangkangurru","subjecto":"Wangkangurru","partof":"Wangkangurru","prec":3}},{"type":"MultiPolygon","arcs":[[[849,-614,850,-595]]],"id":"wangkathaa","properties":{"name":"Wangkathaa","subjecto":"Wangkathaa","partof":"Wangkathaa","prec":3}},{"type":"MultiPolygon","arcs":[[[851,-761,852,853,-758,854,-619,855,-608,856]]],"id":"kalaako_malpa","properties":{"name":"Kalaako/Malpa","subjecto":"Kalaako/Malpa","partof":"Kalaako/Malpa","prec":3}},{"type":"MultiPolygon","arcs":[[[857]]],"id":"luritja","properties":{"name":"Luritja","subjecto":"Luritja","partof":"Luritja","prec":3}},{"type":"MultiPolygon","arcs":[[[858]]],"id":"yankuntjatjara","properties":{"name":"Yankuntjatjara","subjecto":"Yankuntjatjara","partof":"Yankuntjatjara","prec":3}},{"type":"MultiPolygon","arcs":[[[859]]],"id":"nakako","properties":{"name":"Nakako","subjecto":"Nakako","partof":"Nakako","prec":3}},{"type":"MultiPolygon","arcs":[[[860]]],"id":"pitjantjatjara","properties":{"name":"Pitjantjatjara","subjecto":"Pitjantjatjara","partof":"Pitjantjatjara","prec":3}},{"type":"MultiPolygon","arcs":[[[-410,861]]],"id":"nez_perce","properties":{"name":"Nez Perce","subjecto":"Nez Perce","partof":"Nez Perce","prec":3}},{"type":"MultiPolygon","arcs":[[[862,-491,863,864]]],"id":"lipan","properties":{"name":"Lipan","subjecto":"Lipan","partof":"Lipan","prec":3}},{"type":"MultiPolygon","arcs":[[[-549,865]]],"id":"banggarla","properties":{"name":"Banggarla","subjecto":"Banggarla","partof":"Banggarla","prec":3}},{"type":"MultiPolygon","arcs":[[[866]]],"id":"gugu_badhun","properties":{"name":"Gugu-Badhun","subjecto":"Gugu-Badhun","partof":"Gugu-Badhun","prec":3}},{"type":"MultiPolygon","arcs":[[[867]]],"id":"alyawarre","properties":{"name":"Alyawarre","subjecto":"Alyawarre","partof":"Alyawarre","prec":3}},{"type":"MultiPolygon","arcs":[[[-556,868,869,870,-610,871]]],"id":"wudjari","properties":{"name":"Wudjari","subjecto":"Wudjari","partof":"Wudjari","prec":3}},{"type":"MultiPolygon","arcs":[[[-377,872,-79]]],"id":"arakan_indian_princely_state","properties":{"name":"Arakan (Indian princely state)","subjecto":"Arakan (Indian princely state)","partof":"Arakan (Indian princely state)","prec":3}},{"type":"MultiPolygon","arcs":[[[873]]],"id":"arabana","properties":{"name":"Arabana","subjecto":"Arabana","partof":"Arabana","prec":3}},{"type":"MultiPolygon","arcs":[[[874]]],"id":"wongaibon","properties":{"name":"Wongaibon","subjecto":"Wongaibon","partof":"Wongaibon","prec":3}},{"type":"MultiPolygon","arcs":[[[875,876,877,-418,-459]]],"id":"missouri","properties":{"name":"Missouri","subjecto":"Missouri","partof":"Missouri","prec":3}},{"type":"MultiPolygon","arcs":[[[878]]],"id":"kaytej","properties":{"name":"Kaytej","subjecto":"Kaytej","partof":"Kaytej","prec":3}},{"type":"MultiPolygon","arcs":[[[879]]],"id":"portuguese_east_africa","properties":{"name":"Portuguese East Africa","subjecto":"Portuguese East Africa","partof":"Portuguese East Africa","prec":3}},{"type":"MultiPolygon","arcs":[[[880]]],"id":"essequibo","properties":{"name":"Essequibo","subjecto":"Essequibo","partof":"Essequibo","prec":3}},{"type":"MultiPolygon","arcs":[[[881]]],"id":"dharawala","properties":{"name":"Dharawala","subjecto":"Dharawala","partof":"Dharawala","prec":3}},{"type":"MultiPolygon","arcs":[[[882]]],"id":"barundji","properties":{"name":"Barundji","subjecto":"Barundji","partof":"Barundji","prec":3}},{"type":"MultiPolygon","arcs":[[[883]]],"id":"antakarinja","properties":{"name":"Antakarinja","subjecto":"Antakarinja","partof":"Antakarinja","prec":3}},{"type":"MultiPolygon","arcs":[[[884]]],"id":"wakaya","properties":{"name":"Wakaya","subjecto":"Wakaya","partof":"Wakaya","prec":3}},{"type":"MultiPolygon","arcs":[[[885,-258]]],"id":"prussia","properties":{"name":"Prussia","subjecto":"Prussia","partof":"Prussia","prec":3}},{"type":"MultiPolygon","arcs":[[[886,887]]],"id":"massachusetts_bay","properties":{"name":"Massachusetts Bay","subjecto":"England","partof":"Massachusetts Bay","prec":3}},{"type":"MultiPolygon","arcs":[[[888]]],"id":"virginia","properties":{"name":"Virginia","subjecto":"England","partof":"Virginia","prec":3}},{"type":"MultiPolygon","arcs":[[[889]]],"id":"yulparitja","properties":{"name":"Yulparitja","subjecto":"Yulparitja","partof":"Yulparitja","prec":3}},{"type":"MultiPolygon","arcs":[[[-675,890,-426,891,-754]]],"id":"miami","properties":{"name":"Miami","subjecto":"Miami","partof":"Miami","prec":3}},{"type":"MultiPolygon","arcs":[[[892,-836,893,894]]],"id":"papal_states","properties":{"name":"Papal States","subjecto":"Papal States","partof":"Papal States","prec":3}},{"type":"MultiPolygon","arcs":[[[895,-895,896,897,-275]]],"id":"venice","properties":{"name":"Venice","subjecto":"Venice","partof":"Venice","prec":3}},{"type":"MultiPolygon","arcs":[[[898]]],"id":"ngarinyin","properties":{"name":"Ngarinyin","subjecto":"Ngarinyin","partof":"Ngarinyin","prec":3}},{"type":"MultiPolygon","arcs":[[[899]]],"id":"yokuts","properties":{"name":"Yokuts","subjecto":"Yokuts","partof":"Yokuts","prec":3}},{"type":"MultiPolygon","arcs":[[[900,-74,-169]]],"id":"bhutan","properties":{"name":"Bhutan","subjecto":"Bhutan","partof":"Bhutan","prec":3}},{"type":"MultiPolygon","arcs":[[[-819,901,-680,902]]],"id":"atakapa","properties":{"name":"Atakapa","subjecto":"Atakapa","partof":"Atakapa","prec":3}},{"type":"MultiPolygon","arcs":[[[903,-593,904,-586]]],"id":"kuwarra","properties":{"name":"Kuwarra","subjecto":"Kuwarra","partof":"Kuwarra","prec":3}},{"type":"MultiPolygon","arcs":[[[905]]],"id":"maiawali","properties":{"name":"Maiawali","subjecto":"Maiawali","partof":"Maiawali","prec":3}},{"type":"MultiPolygon","arcs":[[[906,-276,-898,907,908,909,-280]],[[910,-278]],[[911,912]],[[913,914]],[[915,916]],[[917,918]],[[919,920]]],"id":"swiss_confederation","properties":{"name":"Swiss Confederation","subjecto":"Swiss Confederation","partof":"Swiss Confederation","prec":3}},{"type":"MultiPolygon","arcs":[[[-159,921]]],"id":"yavapai","properties":{"name":"Yavapai","subjecto":"Yavapai","partof":"Yavapai","prec":3}},{"type":"MultiPolygon","arcs":[[[-284,-838,922]]],"id":"dutch_republic","properties":{"name":"Dutch Republic","subjecto":"Dutch Republic","partof":"Dutch Republic","prec":3}},{"type":"MultiPolygon","arcs":[[[923,924]]],"id":"wergaia","properties":{"name":"Wergaia","subjecto":"Wergaia","partof":"Wergaia","prec":3}},{"type":"MultiPolygon","arcs":[[[-606,925,926]]],"id":"nyaki_nyaki","properties":{"name":"Nyaki-nyaki","subjecto":"Nyaki-nyaki","partof":"Nyaki-nyaki","prec":3}},{"type":"MultiPolygon","arcs":[[[927]]],"id":"yirandali","properties":{"name":"Yirandali","subjecto":"Yirandali","partof":"Yirandali","prec":3}},{"type":"MultiPolygon","arcs":[[[928]]],"id":"tjupany","properties":{"name":"Tjupany","subjecto":"Tjupany","partof":"Tjupany","prec":3}},{"type":"MultiPolygon","arcs":[[[-656,929]]],"id":"ngalea","properties":{"name":"Ngalea","subjecto":"Ngalea","partof":"Ngalea","prec":3}},{"type":"MultiPolygon","arcs":[[[930]]],"id":"kija","properties":{"name":"Kija","subjecto":"Kija","partof":"Kija","prec":3}},{"type":"MultiPolygon","arcs":[[[931,932,-464,-488,933]]],"id":"jicarilla","properties":{"name":"Jicarilla","subjecto":"Jicarilla","partof":"Jicarilla","prec":3}},{"type":"MultiPolygon","arcs":[[[-581,934,935]]],"id":"barunggam","properties":{"name":"Barunggam","subjecto":"Barunggam","partof":"Barunggam","prec":3}},{"type":"MultiPolygon","arcs":[[[-876,-458,936,-690,937]]],"id":"kansa","properties":{"name":"Kansa","subjecto":"Kansa","partof":"Kansa","prec":3}},{"type":"MultiPolygon","arcs":[[[938]]],"id":"kunjen","properties":{"name":"Kunjen","subjecto":"Kunjen","partof":"Kunjen","prec":3}},{"type":"MultiPolygon","arcs":[[[939]]],"id":"nyamal","properties":{"name":"Nyamal","subjecto":"Nyamal","partof":"Nyamal","prec":3}},{"type":"MultiPolygon","arcs":[[[940]]],"id":"wailwan","properties":{"name":"Wailwan","subjecto":"Wailwan","partof":"Wailwan","prec":3}},{"type":"MultiPolygon","arcs":[[[-318,941,-915,942,-912,943,-920,944,-918,945,-916,946]],[[947,-909]]],"id":"sardinia_piedmont","properties":{"name":"Sardinia-Piedmont","subjecto":"Sardinia-Piedmont","partof":"Sardinia-Piedmont","prec":3}},{"type":"MultiPolygon","arcs":[[[948]]],"id":"ngarti","properties":{"name":"Ngarti","subjecto":"Ngarti","partof":"Ngarti","prec":3}},{"type":"MultiPolygon","arcs":[[[949]]],"id":"birria","properties":{"name":"Birria","subjecto":"Birria","partof":"Birria","prec":3}},{"type":"MultiPolygon","arcs":[[[950]]],"id":"pitta_pitta","properties":{"name":"Pitta-Pitta","subjecto":"Pitta-Pitta","partof":"Pitta-Pitta","prec":3}},{"type":"MultiPolygon","arcs":[[[951]]],"id":"wangkumara","properties":{"name":"Wangkumara","subjecto":"Wangkumara","partof":"Wangkumara","prec":3}},{"type":"MultiPolygon","arcs":[[[-797,952,-887,953]],[[954]],[[955]]],"id":"new_amsterdam","properties":{"name":"New Amsterdam","subjecto":"Netherlands","partof":"New Amsterdam","prec":3}},{"type":"MultiPolygon","arcs":[[[-641,956,-648,957,958]]],"id":"gunggari","properties":{"name":"Gunggari","subjecto":"Gunggari","partof":"Gunggari","prec":3}},{"type":"MultiPolygon","arcs":[[[959]]],"id":"wunumara","properties":{"name":"Wunumara","subjecto":"Wunumara","partof":"Wunumara","prec":3}},{"type":"MultiPolygon","arcs":[[[-686,-413,960]]],"id":"ottoman_empire_3","properties":{"name":"Ottoman Empire","subjecto":"Ottoman Empire","partof":"Ottoman Empire","prec":3}},{"type":"MultiPolygon","arcs":[[[961]]],"id":"meru","properties":{"name":"Meru","subjecto":"Meru","partof":"Meru","prec":3}},{"type":"MultiPolygon","arcs":[[[962]]],"id":"mangala","properties":{"name":"Mangala","subjecto":"Mangala","partof":"Mangala","prec":3}},{"type":"MultiPolygon","arcs":[[[963]]],"id":"menomini","properties":{"name":"Menomini","subjecto":"Menomini","partof":"Menomini","prec":3}},{"type":"MultiPolygon","arcs":[[[964]]],"id":"jaru","properties":{"name":"Jaru","subjecto":"Jaru","partof":"Jaru","prec":3}},{"type":"MultiPolygon","arcs":[[[965]]],"id":"andyamathanha","properties":{"name":"Andyamathanha","subjecto":"Andyamathanha","partof":"Andyamathanha","prec":3}},{"type":"MultiPolygon","arcs":[[[966]]],"id":"tjalkanti","properties":{"name":"Tjalkanti","subjecto":"Tjalkanti","partof":"Tjalkanti","prec":3}},{"type":"MultiPolygon","arcs":[[[967]]],"id":"danggali","properties":{"name":"Danggali","subjecto":"Danggali","partof":"Danggali","prec":3}},{"type":"MultiPolygon","arcs":[[[-638,968]]],"id":"wangkamana","properties":{"name":"Wangkamana","subjecto":"Wangkamana","partof":"Wangkamana","prec":3}},{"type":"MultiPolygon","arcs":[[[-518,969,-770,970,-694,971]]],"id":"ponca","properties":{"name":"Ponca","subjecto":"Ponca","partof":"Ponca","prec":3}},{"type":"MultiPolygon","arcs":[[[-814,972]]],"id":"oman","properties":{"name":"Oman","subjecto":"Oman","partof":"Oman","prec":3}},{"type":"MultiPolygon","arcs":[[[973]]],"id":"malyangaba","properties":{"name":"Malyangaba","subjecto":"Malyangaba","partof":"Malyangaba","prec":3}},{"type":"MultiPolygon","arcs":[[[-646,974]]],"id":"bigambul","properties":{"name":"Bigambul","subjecto":"Bigambul","partof":"Bigambul","prec":3}},{"type":"MultiPolygon","arcs":[[[975]]],"id":"alawa","properties":{"name":"Alawa","subjecto":"Alawa","partof":"Alawa","prec":3}},{"type":"MultiPolygon","arcs":[[[976]]],"id":"ngarigo","properties":{"name":"Ngarigo","subjecto":"Ngarigo","partof":"Ngarigo","prec":3}}]}},"arcs":[[[5870,9191],[20,16],[4,-18],[11,-16],[19,-6],[1,-20],[9,11],[50,-5],[50,-26],[12,-12],[28,-36],[34,-15],[25,-21],[5,-9],[1,-25],[6,-19],[-11,-28],[-24,-26],[-22,-12],[-32,-3],[-63,19],[-45,27],[-20,5],[-12,22],[-10,4],[-12,-4],[15,-25],[20,-25],[30,-23],[5,-15],[-3,-23],[-9,-7],[4,-21],[9,-31],[3,-24],[6,-5],[26,-7],[6,-21],[33,-12],[14,7],[3,21],[-4,13],[-18,1],[-7,6],[-12,27],[9,22],[6,0],[14,-16],[44,-25],[12,-3],[10,5],[9,-5],[4,21],[-13,29],[-4,21],[3,11],[39,27],[24,34],[29,-12],[21,-17],[10,44],[-4,35],[-15,13],[15,33],[-2,28],[-9,17],[5,12],[18,-7],[25,4],[8,-5],[22,-50],[-33,-4],[-10,-8],[-6,-17],[14,-15],[9,-19],[19,-9],[33,7],[4,5],[10,50],[15,7],[16,13],[36,23],[37,19],[12,10],[2,-15],[11,1],[8,24],[14,10],[10,-2],[-3,-33],[-10,-3],[-3,-12],[9,-6],[26,8],[5,-8],[11,26],[5,6],[24,6],[23,-9],[14,4],[12,15],[23,11],[16,-11],[-8,-15],[2,-8],[17,-7],[5,21],[16,1],[12,16],[1,14],[-17,34],[19,20],[34,-2],[46,-18],[26,-17],[14,-4],[34,-22],[45,-50],[8,2],[17,44],[-17,1],[-11,22],[0,21],[-9,10],[-25,5],[2,24],[13,20],[-4,36],[-14,2],[-3,9],[4,18],[28,23],[14,16],[14,34],[7,40],[8,14],[24,-7],[40,7],[22,0],[7,-4],[4,-21],[-10,-39],[-17,-28],[-2,-11],[9,-11],[15,-34],[3,-27],[-10,-20],[4,-39],[-1,-43],[9,-32],[13,-9],[2,-10],[-6,-16],[-9,-38],[-26,-36],[-14,-15],[4,-18],[-20,-12],[-29,15],[-20,-5],[3,-10],[16,-16],[20,-7],[48,-4],[10,23],[17,11],[14,17],[8,29],[11,10],[10,21],[-2,31],[-7,18],[3,18],[11,8],[18,5],[22,0],[19,-23],[2,-25],[-4,-34],[15,-17],[16,-1],[11,5],[2,10],[-17,11],[-12,3],[0,12],[13,13],[-9,49],[-7,9],[-50,20],[-19,-9],[-28,5],[-7,45],[4,21],[13,39],[-16,42],[-13,23],[11,18],[15,4],[21,20],[5,29],[-2,22],[17,-7],[-1,-34],[-8,-20],[0,-33],[10,-18],[37,-10],[21,-3],[10,-14],[14,1],[-7,30],[-6,9],[-36,5],[-14,20],[3,11],[17,2],[20,-9],[9,6],[-1,24],[16,6],[16,1],[31,-20],[14,-17],[23,-15],[23,0],[9,6],[1,-12],[-18,-21],[-5,-58],[4,-4],[9,26],[8,8],[8,-18],[-1,-24],[18,15],[-1,11],[-14,43],[11,32],[-10,15],[-21,17],[-3,12],[-37,17],[-4,10],[0,32],[-11,22],[11,17],[29,4],[31,1],[45,9],[10,-12],[24,18],[18,4],[7,-6],[-12,-12],[-5,-13],[28,11],[15,22],[-4,15],[-16,14],[-4,10],[4,26],[64,50],[20,10],[46,4],[54,17],[31,22],[35,-1],[5,-6],[-5,-14],[32,-2],[32,14],[12,1],[21,-8],[9,7],[0,17],[6,11],[23,1],[16,13],[-8,16],[1,12],[15,14],[19,13],[28,13],[16,3],[31,-2],[10,-9],[1,-8],[-19,-14],[-8,-11],[6,-5],[23,4],[19,-5],[26,3],[-3,-14],[-14,-15],[-4,-10],[25,1]],[[7980,9690],[13,-3],[13,18],[39,4],[49,-10],[18,-8],[15,-14],[6,-15],[20,2],[5,-16],[-17,-28],[14,-16],[-29,-28],[-27,-12],[-80,-67],[-10,-10],[-30,-12],[-30,-19],[-25,-38],[22,8],[12,15],[36,6],[60,22],[13,9],[-7,17],[10,18],[11,-7],[8,-13],[15,-8],[20,0],[14,9],[6,-2],[3,-27],[6,-14],[18,26],[21,1],[19,5],[29,-1],[50,-7],[-4,-25],[5,-11],[25,-5],[33,-10],[46,6],[18,-12],[17,31],[-3,23],[23,16],[16,-3],[25,-19],[56,0],[22,-20],[0,-13],[-33,-18],[-31,-24],[0,-10],[25,-3],[9,-5],[28,-28],[25,-43],[23,-26],[17,-11],[8,1],[9,13],[25,59],[11,10],[3,-15],[9,-10],[31,-15],[11,3],[24,16],[20,0],[15,-8],[24,-24],[15,21],[-1,8],[15,11],[14,-15],[16,-1],[0,32],[3,29],[-14,-5],[-11,3],[10,13],[35,8],[20,22],[25,-8],[66,-17],[29,-2],[-22,-21],[23,2],[1,-18],[-22,-15],[-3,-9],[9,-1],[18,8],[12,11],[20,27],[50,-3],[23,-10],[5,-10],[-28,-19],[28,-15],[27,-6],[22,-19],[4,-15],[14,-17],[35,5],[46,16],[28,3],[37,-4],[28,-9],[23,-19],[11,-24],[-5,-34],[6,-8],[28,-6],[0,-22],[5,-14],[9,6],[7,14],[15,13],[30,1],[19,10],[9,-2],[7,-14],[9,-4],[47,-2],[11,4],[17,16],[21,-31],[25,-20],[3,-11]],[[9696,9128],[-592,-581],[-10,-125]],[[9094,8422],[-12,-3],[-19,7],[-7,-3],[-3,-19],[-12,4],[-3,21],[-71,-4],[-14,-10],[-12,-14],[-16,-33],[-21,-19],[-15,-44],[-20,-22]],[[8869,8283],[-323,254],[-99,-60],[-547,-868],[-342,263],[-4,-15],[-55,0],[-122,-245]],[[7377,7612],[0,0]],[[7377,7612],[-6,-7],[-63,10],[32,68],[-77,80],[-79,38],[-104,247],[-53,85],[-231,-76],[-6,-51],[-40,-178],[-61,-23],[-69,6],[-33,21]],[[6587,7832],[-53,36],[-107,-48],[-7,-47],[21,-76],[-14,-95],[10,-47],[-11,-28]],[[6426,7527],[-20,-13],[-19,-26],[-12,-1],[-13,-30],[-6,-4],[-15,-23],[-12,-7],[-5,6],[-4,-22],[-10,-44],[-9,-13],[-58,-18],[-25,28],[-14,101],[-31,46],[-45,-9]],[[6128,7498],[-3,55],[-35,74],[-38,55],[-52,-14],[-14,-23],[-10,-65]],[[5976,7580],[-4,-16],[-21,0],[-9,-8]],[[5942,7556],[-52,7],[-1,47]],[[5889,7610],[-1,5],[30,55]],[[5918,7670],[3,7],[-14,31],[-1,-12],[-20,13]],[[5886,7709],[-16,26],[-32,29],[9,50],[3,51],[21,28],[-2,67],[2,22],[30,-13],[-7,99],[-18,-9],[-4,44],[9,4],[-6,44],[-8,9],[-13,-1],[-60,32],[-15,48],[-5,-1]],[[5774,8238],[-4,23],[-1,47],[-2,24]],[[5767,8332],[13,-11],[0,14],[-14,9],[6,23],[-2,33]],[[5770,8400],[12,4],[24,22],[13,-3],[14,16],[36,10],[0,25]],[[5869,8474],[7,2],[4,20],[22,-4],[13,34],[-12,35],[-18,16]],[[5885,8577],[-4,112],[-8,29],[-24,21],[0,119],[11,45],[-11,67],[4,119]],[[5853,9089],[0,21],[17,81]],[[5865,8344],[15,2],[-2,14],[-9,6],[-12,-19],[8,-3]],[[6076,8372],[-25,39],[11,-1],[4,8],[-21,-1],[-4,-23],[14,1],[2,-24],[-12,7],[-14,16],[21,-41],[9,-4],[1,-12],[16,4],[4,27],[-6,4]],[[5991,8629],[3,23],[-2,12],[-33,30],[2,-15],[20,-14],[6,-22],[-14,-1],[-1,-10],[-10,30],[0,-28],[-9,7],[-8,23],[-2,-8],[16,-30],[2,-25],[23,-22],[4,-24],[-12,3],[-5,10],[-5,-9],[18,-5],[11,-11],[15,25],[-4,21],[-15,40]],[[6366,7990],[19,9],[-22,3],[0,19],[8,-7],[-4,18],[14,21],[-20,-15],[-13,16],[2,15],[7,2],[4,37],[10,3],[14,21],[28,12],[8,-7],[2,12],[-24,-7],[-8,2],[-21,-9],[-8,8],[3,-21],[-8,-11],[-4,-25],[-9,-5],[-1,-32],[12,-17],[2,-21],[9,-21]],[[5979,8632],[0,0]],[[6575,9289],[15,-13],[-1,-10],[-32,3],[-11,-1],[-19,-14],[-8,16],[-27,2],[-1,12],[17,12],[0,8],[-30,23],[-19,6],[-12,-10],[-8,2],[-8,13],[-2,13],[8,18],[17,-3],[20,32],[3,11],[-16,8],[25,30],[17,0],[17,9],[30,3],[19,-10],[-7,-23],[-12,-8],[-8,-20],[0,-27],[5,-34],[12,-28],[16,-20]],[[8811,7997],[-30,-33],[-24,0],[-17,-5],[-12,38],[-23,-60],[-8,0],[-20,-22],[-11,6],[-24,109],[-17,0],[10,98],[-14,60],[-33,60],[-10,-16],[-19,5],[-16,-8],[-200,-751],[-352,-233],[-115,-247],[-40,-11],[-44,42],[-32,-42],[-4,-74]],[[7756,6913],[-267,-138],[-264,0],[-22,-92]],[[7203,6683],[-114,177],[-39,0],[-120,-159],[-88,32]],[[6842,6733],[80,78],[24,40],[-7,243]],[[6939,7094],[309,211],[127,229]],[[7375,7534],[2,78]],[[8869,8283],[-27,-40],[-31,-60],[-20,-29],[-34,-42],[-8,-13],[-3,-21],[6,-10],[17,-1],[22,3],[-4,-55],[11,-1],[8,12],[9,-3],[-8,-24],[4,-2]],[[8811,7997],[21,0],[7,8],[5,17],[0,21],[27,0],[20,-21],[6,-20],[22,-35],[-8,-17],[7,-18],[-4,-24],[9,-11],[-15,-49],[-9,-45],[-2,-23],[4,-30],[-4,-55],[-7,-63],[-24,-51],[-7,-36],[-17,-34],[-10,-44],[-7,-20],[-34,-76],[-13,-42],[-17,-27],[-13,-38],[-11,-22],[-12,-16],[-33,-24],[-3,14],[-10,1],[-8,23],[-14,-12],[5,19],[-8,-5],[-14,-34],[-18,-35]],[[8622,7173],[-13,50],[-11,-16],[-3,-24],[-19,-26],[-22,3],[-3,-19],[6,-29],[-18,-7],[-13,13],[-3,14],[-11,-5],[-8,-34],[-8,-18],[-39,-49],[-10,-33]],[[8447,6993],[-30,-12],[-28,-31],[-15,-28],[-12,-9],[17,43],[-11,1],[-1,15],[24,59],[-10,28],[-9,10],[-11,-1],[-21,-52],[-12,-8],[-13,-15],[-11,-45],[-12,-4],[-7,-13],[-6,19],[-9,-4],[-9,-44],[5,-23],[17,-18],[15,1],[3,-8],[-2,-37],[4,-27],[18,3],[16,33],[14,12],[21,-29],[13,3],[14,-6],[-4,-42],[-11,10],[-28,-21],[-9,-14],[0,-25],[-7,-5],[-4,16],[-6,-4],[2,-16],[-8,-28],[-18,-37],[-1,-26],[8,-8],[19,-33],[5,-18],[5,-41],[8,-21],[1,-37],[11,-16],[5,-20],[10,-17],[1,-16],[-10,-12],[6,-12],[4,-27],[-2,-15],[-15,-9],[-12,-18],[-18,-17],[14,-9],[11,14],[9,0],[6,-20],[11,-6],[-3,-15],[-9,-16],[8,-7],[-6,-36],[-2,-33],[-5,-19],[-4,11],[-14,-50],[-5,-31],[-13,-35],[-12,-8],[3,-24],[-2,-36],[-4,-18],[-7,-7],[-7,-43],[-13,-28],[-12,6],[-4,-10],[2,-27],[-13,-27],[-12,-10],[-15,-26],[-2,-21],[-7,-2]],[[8224,5744],[-127,123],[-97,257],[-53,59],[-66,-35],[-66,-105],[-78,-73]],[[7737,5970],[5,29],[-3,83]],[[7739,6082],[57,90],[48,370],[-20,191],[-36,106],[-32,74]],[[5714,6736],[0,0]],[[5705,6734],[0,0]],[[5724,6777],[0,0]],[[5679,6758],[-5,8],[8,8],[-3,-16]],[[5692,6752],[0,0]],[[5696,6756],[0,0]],[[5705,6757],[0,0]],[[5681,6793],[0,0]],[[5674,6833],[0,0]],[[5677,6818],[0,0]],[[5690,6823],[0,0]],[[5703,6814],[-19,36],[3,8],[20,-42],[-4,-2]],[[5684,6785],[0,0]],[[5692,6781],[10,17],[0,-14],[-10,-3]],[[5709,6781],[-6,9],[6,10],[0,-19]],[[5770,6704],[-1,19],[15,19],[-3,-16],[-11,-22]],[[5746,6789],[0,0]],[[5747,6762],[0,0]],[[5744,6792],[0,0]],[[4969,6449],[-14,44],[-2,15],[0,70],[-2,30],[-9,16],[-3,17]],[[4939,6641],[19,13],[10,29],[20,17],[9,-9],[8,22],[16,26],[8,5],[41,9],[8,10],[14,-5],[11,14],[19,0],[20,-13],[25,13],[8,19],[17,-20],[10,17],[7,-1],[10,-20],[20,9],[22,28],[9,1],[11,-13],[4,-26],[8,3],[13,20],[-3,-31],[-12,-32],[3,-24],[11,-20],[3,-28],[-7,-32],[-8,-11],[-15,-42],[11,-33],[10,-12],[9,5],[3,-21],[25,-28],[12,-10],[18,4],[27,-8],[7,-16],[16,-8],[7,-14],[3,-27],[14,-38],[13,-9],[30,-12],[15,-17],[27,-42],[11,4],[18,34],[4,18],[-5,48],[4,31],[8,20],[19,24],[17,14],[25,-7],[13,-18],[4,-25],[15,-5],[9,-10],[22,-2],[12,-35],[25,4],[45,-23],[4,-13],[17,-3],[20,-15],[12,22],[12,13],[24,17],[20,-6],[3,-15],[7,-12],[7,5],[13,-10],[7,14],[15,-13],[17,20],[9,29],[9,77],[3,2],[16,105],[10,22],[-4,24],[2,39],[-6,10],[7,31],[-5,22],[12,26],[-6,21],[-18,-28],[-16,19],[-5,-2],[-20,-35],[-16,-13],[-15,3],[-8,9],[-12,27],[-15,16],[-13,6],[-9,-3],[-3,-42],[-23,-8],[-10,7],[-8,38],[-5,-11],[-10,15],[-12,-16],[-1,28],[-19,1],[6,16],[-10,17],[-1,38],[-12,16],[-8,0],[2,25],[7,-12],[7,9],[-8,18],[9,13],[-12,32],[10,22],[-22,-8],[1,41],[16,28],[14,5],[14,-12],[19,8],[16,-4],[-4,21],[27,9],[-15,0],[-9,17],[4,18],[28,-7],[3,4],[13,-10],[14,1],[4,17],[29,34],[20,15],[12,2],[30,-8],[10,13],[2,-18],[9,-13],[15,4],[6,-24],[6,-9],[12,4],[12,-19],[39,-8],[20,10],[18,-8],[10,1],[25,24],[6,11],[21,-5],[12,14],[5,-1],[30,77],[10,2],[10,10],[9,1],[14,-16],[9,-1],[-2,-21],[8,-15],[23,-16],[14,-29],[0,-10],[17,-6],[7,18],[-27,97],[-2,44],[15,36],[-4,-27],[0,-36],[6,-12],[17,-56],[3,-12],[10,-18],[10,-29],[3,-25],[13,-27],[11,-1],[7,-23],[-12,7],[-13,-13],[-8,-85],[-4,12],[-8,-65],[-3,-42],[3,-16],[18,-17],[15,-4],[6,-25]],[[6395,6776],[6,-11],[-25,-183],[-2,-310],[-1,2]],[[6373,6274],[-6,11],[0,18],[-8,-6],[-6,-29],[-23,-8],[3,-29],[-11,-16],[5,-7],[9,6],[13,-86],[7,-42],[8,1],[1,-12],[10,-27],[11,-6],[6,-14],[-6,-19],[4,-13],[-4,-26],[6,-31],[7,-5],[6,-44],[0,-14],[10,-18],[-11,-43],[-24,41],[-9,123],[-25,46],[-22,128],[-7,29],[-26,10],[11,35],[-28,31],[-29,10],[-21,25],[-113,299],[-19,15],[-36,0],[-23,-76],[-19,-177],[2,-101],[21,-135],[41,-230],[50,-51],[12,-139],[21,-40],[3,-70],[32,-156],[11,-150],[29,-186],[21,-19],[29,19]],[[6286,5096],[11,-11],[5,-34]],[[6302,5051],[-8,-6],[-22,0],[-24,-42],[-7,0],[-7,-14],[-17,2],[-10,19],[-5,23],[2,24],[-16,141],[3,38],[-4,48],[-6,32],[-15,49],[-10,22],[-7,29],[-10,63],[-9,43],[-26,39],[-17,60],[-1,87],[-6,35],[-16,71],[-9,20],[-12,12],[-10,29],[0,37],[-15,63],[-10,30],[-24,96],[-9,25],[-10,2],[3,19],[6,73],[-3,9],[-6,-16],[-6,-38],[-6,-67],[-8,-3],[-20,56],[-4,33],[-6,15],[-9,48],[-6,-5],[-3,-18],[9,-57],[20,-63],[16,-99],[5,-15],[11,-58],[19,-86],[15,-36],[-7,-14],[3,-37],[4,-23],[15,-25],[15,-49],[-43,-40],[-72,-27],[-29,20],[15,-46],[47,-72],[21,-118],[-27,-171],[10,-154],[-24,-153],[-41,0],[-7,126],[7,190],[-27,72],[-34,171],[0,118],[24,99],[-25,41],[-91,563],[-104,70],[-8,-13],[-26,0],[-23,-55],[-2,0],[-9,-45],[-31,-12],[-35,57],[-54,13],[-14,-399],[-152,-65],[-6,71],[117,71],[6,362],[-22,57],[-120,100],[-21,-12],[-48,-85],[-150,9],[-55,34]],[[6041,5444],[29,-48],[-31,-34],[-27,27],[-14,99],[21,73],[13,27],[2,-82],[4,-55],[3,-7]],[[5910,6609],[-14,7],[-4,24],[10,8],[7,-3],[1,18],[16,-4],[31,25],[-19,-32],[4,-19],[-11,-1],[-1,-10],[-20,-13]],[[5658,6688],[1,-10],[18,-14],[10,4],[21,-10],[6,3],[2,-14],[13,13],[-3,-22],[-7,2],[-34,-8],[0,11],[-10,9],[-21,3],[-1,24],[5,9]],[[5650,6927],[10,-16],[10,-5],[4,-34],[8,-3],[-1,-14],[-6,2],[-8,29],[-10,1],[-1,9],[-14,26],[-7,-3],[10,16],[5,-8]],[[7214,4906],[-18,-12],[-15,64],[-15,26],[-4,-2],[-18,42],[-32,20],[-36,10]],[[7076,5054],[-10,66],[-16,72],[-12,86],[-9,108],[-6,90],[-3,60],[10,46],[0,10],[-9,24],[-3,52],[1,20],[-11,-1],[-5,-21],[4,-20],[-4,-30],[-7,-12],[-24,-24],[-15,9],[-7,12],[-31,75],[-6,24],[17,-3],[13,8],[12,29],[-36,11],[-20,31],[-9,33],[-10,3],[-11,21],[-3,36],[-14,13],[-2,41],[-9,13]],[[6841,5936],[17,193],[-4,170],[24,53],[-4,95],[8,74],[-20,159],[-44,-42],[24,95]],[[7203,6683],[8,-110],[15,-189],[36,-86],[5,4],[14,-7],[2,-20],[10,-9],[10,-20],[13,-12],[8,-26],[11,9],[5,-27],[18,-30],[8,8],[-2,-22],[17,0],[6,-16],[14,-13],[4,14],[13,-10],[4,-12],[15,-1],[4,9],[9,-6],[-2,-9]],[[7448,6102],[-3,-45],[5,-28],[10,-8],[8,19],[27,-16],[4,7],[17,-1]],[[7516,6030],[13,-1]],[[7529,6029],[3,0],[-33,-29]],[[7499,6000],[0,-29],[40,10],[4,-4],[-4,-19],[4,-6],[-4,-33],[9,-19],[-6,0],[1,-48],[-8,0],[-1,-17],[6,-3],[10,-26],[2,-16],[4,13]],[[7556,5803],[4,-19],[2,-36],[7,-25],[0,-36]],[[7569,5687],[2,-53],[-13,-29]],[[7558,5605],[-5,27],[-2,40],[-8,47],[-5,13],[-9,-12],[-30,0],[0,-46],[-3,15],[-2,-23],[-6,-9],[-4,17],[-6,-21],[-5,9],[-1,-17],[-8,0],[-5,26],[-5,-23],[-3,1],[-6,25],[-11,-27],[-20,-21],[-4,-11],[4,-33],[-8,-36],[-15,-29],[-20,-15],[-7,-12],[-24,-72],[-8,-19],[-8,-9],[-9,-27],[-28,-46],[-3,-33],[-13,-23],[-11,1],[-12,-46],[-6,9],[-12,-14],[-6,-35],[2,-95],[-2,-16],[6,-25],[-2,-37],[-13,-81],[-1,-16]],[[2368,8468],[-355,-71]],[[2013,8397],[-271,506],[25,75]],[[1767,8978],[-110,83],[-76,142],[21,4],[19,-9],[39,-25],[67,-31],[28,-7],[31,2],[11,-3],[25,-21],[8,-19],[-36,-10],[-4,-24],[41,-11],[44,-3],[20,3],[34,13],[12,-1],[17,-16],[19,-6],[20,-18],[0,-10],[-11,-11],[27,-38],[-2,24],[13,6],[-13,27],[-3,22],[1,24],[40,11],[9,17],[7,1],[33,-18],[24,1],[8,-14],[15,-10],[24,-7],[14,0],[11,7],[46,0],[13,2],[15,8],[24,-25],[6,0],[3,28],[-18,12],[-17,2],[1,15],[22,0],[38,-21],[-3,-39],[2,-17],[28,-21],[-7,51],[5,25],[19,0],[15,28],[19,7],[-6,28],[-14,-6],[-13,3],[7,17],[23,8],[15,-19],[0,41],[-10,-3],[-19,5],[-11,11],[-9,-3],[-16,6],[-22,15],[-9,11],[-1,16],[15,19],[-21,20],[8,27],[12,11],[13,-8],[4,12],[-11,21],[9,12],[28,2],[16,-9],[16,-15],[8,-23],[-3,-20],[15,-18],[25,-32],[-5,-12],[-12,-1],[-11,-27],[19,-10],[22,2],[33,-11],[0,-83],[7,13],[8,37],[9,14],[6,0],[23,-28],[8,-28],[-2,-14],[-14,2],[-3,-24],[4,-13],[28,-47],[23,15],[3,22],[17,27],[8,47],[3,6],[21,0],[2,17],[-24,23],[1,29],[7,9],[23,1],[43,-21],[16,-22],[14,2],[5,-6],[3,-35],[-14,-10],[-9,17],[-13,-8],[5,-28],[9,-24],[25,-37],[-6,-31],[-23,-32],[-9,-3],[-14,-17],[-9,9],[-21,32],[-13,11],[-9,-10],[17,-17],[19,-30],[-34,-2],[-12,25],[-38,-4],[-3,-7],[24,-22],[-2,-7],[-33,-47],[-15,-6],[-11,8],[-13,19],[-24,16],[-13,3],[0,-15],[30,-33],[21,-14],[28,-6],[-8,-36],[-26,-37],[-20,-7],[-11,4],[-13,12],[-1,-21],[4,-19],[-4,-2],[-92,26],[26,-28],[20,-5],[17,-9],[29,-7],[0,-26],[-40,-7],[-24,4],[-4,-8],[15,-14],[-6,-15],[-13,-10],[-23,-30],[2,-24],[-15,-14],[-14,-41],[-10,-62],[0,-7]],[[2989,8763],[-10,12],[-11,24],[-1,17],[-14,2],[-16,12],[-8,1],[3,-26],[-7,-2],[-21,11],[-14,-21],[-16,-3],[-34,12],[-10,9],[2,24],[5,11],[13,6],[1,23],[19,-3],[24,-10],[12,-21],[0,25],[20,5],[16,9],[16,-3],[2,9],[-14,27],[-10,12],[1,13],[7,2],[27,28],[4,18],[16,28],[-1,20],[-16,44],[-7,12],[-21,11],[-13,16],[-10,28],[-12,-13],[-10,0],[-28,-10],[-2,22],[28,5],[2,9],[-39,43],[-18,7],[-3,18],[-8,11],[-17,12],[-14,15],[-7,-5],[-31,17],[-5,-5],[12,-12],[36,-24],[6,-19],[-14,-9],[-17,2],[-24,18],[-9,2],[-3,-12],[8,-23],[-27,20],[-13,-9],[-18,11],[-11,-4],[-43,12],[-31,0],[-10,6],[-1,20],[-15,6],[-5,-11],[-23,-1],[-14,5],[-16,16],[-4,22],[11,2],[30,-5],[14,7],[-21,24],[-25,7],[-17,0],[-15,7],[5,32],[12,7],[1,7],[-13,14],[5,32],[15,30],[28,32],[33,15],[35,2],[11,-6],[-40,-50],[-5,-18],[2,-12],[16,-18],[-7,-23],[14,-29],[20,-21],[-17,-15],[-1,-10],[31,-4],[8,21],[-6,23],[-14,8],[-11,18],[13,19],[23,-1],[-15,15],[-18,11],[0,24],[11,11],[34,-1],[-28,21],[10,10],[30,10],[21,11],[32,-7],[29,-48],[1,-4],[-16,-44],[0,-24],[13,-4],[13,10],[4,15],[17,2],[6,-6],[2,-24],[13,-2],[-2,28],[8,20],[13,9],[22,0],[26,-10],[15,3],[8,-5],[12,-19],[16,-18],[-22,-27],[-2,-8],[11,-11],[19,20],[12,-10],[11,-29],[21,34],[24,-8],[11,-12],[-17,-31],[15,2],[19,9],[0,-23],[10,-11],[17,9],[16,3],[18,-16],[-8,-13],[-23,-14],[-3,-9],[6,-8],[31,12],[9,13],[13,-9],[14,-28],[-27,-2],[-6,-5],[6,-13],[16,-2],[19,-13],[3,-10],[-27,1],[-21,9],[-4,-6],[15,-19],[-2,-7],[-20,-4],[3,-9],[46,-30],[8,-28],[9,7],[24,-11],[20,6],[20,-29],[5,-11],[-19,-7],[0,-15],[45,5],[-5,-19],[18,-6],[12,13],[24,-28],[-8,-22],[-10,-2],[-12,9],[-10,-7],[16,-21],[1,-9],[-14,-6],[-8,-18],[-15,23],[-4,-36],[5,-30],[-5,-2],[-18,14],[-7,23],[-12,-9],[-9,20],[4,22],[-19,8],[-33,40],[-10,1],[-13,-10],[-1,-8],[17,-28],[-12,-6],[-22,28],[15,-49],[14,-3],[14,-46],[7,-14],[11,9],[15,-22],[17,-13],[-8,-4],[1,-13],[23,-32],[1,-37],[-16,38],[-7,8],[1,-17],[13,-42],[0,-10],[-11,4],[11,-38],[-15,16],[-11,23],[-22,5],[-18,22],[-18,32],[3,-26],[-23,21],[-11,1],[12,-30],[10,-15],[23,-21],[16,-21],[10,-18],[11,-39],[-23,11],[-35,23],[-18,4],[-13,8],[-12,21],[-14,5],[-34,21],[-9,11],[10,27],[-17,17],[-14,4]],[[3123,2113],[49,-46],[132,74],[0,433],[7,73],[-24,129],[24,83],[66,-83],[62,-156],[31,0],[39,73],[45,-55],[0,-193],[-35,-120],[-10,-212],[14,-82],[-18,-37],[-137,6],[-8,-136]],[[3360,1864],[-4,-64],[16,-42],[-7,-84],[-72,0],[-139,59]],[[3154,1733],[-30,-5]],[[3124,1728],[-7,-1],[-35,-55],[-9,-53]],[[3073,1619],[-13,-72],[-1,-13],[-17,-82],[3,-48],[-1,-11],[-19,-47],[-2,-30]],[[3023,1316],[0,-44],[3,-37],[6,-31],[-16,-28],[-4,-48]],[[3012,1128],[-3,-42],[-4,-16]],[[3005,1070],[-1,-15],[1,-61],[-22,-3]],[[2983,991],[-8,7],[-8,-17],[-12,4]],[[2955,985],[-2,16]],[[2953,1001],[0,0]],[[2953,1001],[-5,24]],[[2948,1025],[0,0]],[[2948,1025],[-1,24]],[[2947,1049],[4,43],[16,50],[-1,11]],[[2966,1153],[0,0]],[[2966,1153],[-6,58]],[[2960,1211],[1,39]],[[2961,1250],[0,0]],[[2961,1250],[-1,15]],[[2960,1265],[0,0]],[[2960,1265],[-7,30]],[[2953,1295],[0,0]],[[2953,1295],[0,9]],[[2953,1304],[9,4],[6,12],[14,111],[13,51],[6,52],[10,50]],[[3011,1584],[0,0]],[[3011,1584],[-2,13]],[[3009,1597],[-2,15]],[[3007,1612],[9,40]],[[3016,1652],[0,0]],[[3016,1652],[-1,8]],[[3015,1660],[0,0]],[[3015,1660],[-2,27]],[[3013,1687],[0,0]],[[3013,1687],[0,0]],[[3013,1687],[-5,97],[1,19],[9,37],[3,43],[-5,31],[8,81],[5,20],[8,108],[-1,36],[8,38],[-3,31],[1,66],[3,20],[-6,13],[0,24],[8,13],[5,91],[0,78],[-3,120],[-2,32],[-8,40],[-22,29],[-7,35],[-7,7],[-39,56],[-21,23],[-33,61],[-15,37],[-13,45],[0,45],[-13,55],[-17,92],[-11,18],[1,31],[-38,193],[-21,76],[-7,32],[-15,28],[-20,25],[12,10],[0,23],[-12,43],[-3,24],[3,26],[20,49],[12,18],[11,46],[-1,46],[-15,-41],[-12,14],[-5,13],[6,18],[-2,19],[2,30],[-6,31],[17,27],[-4,13],[2,19],[8,20],[1,57],[20,15],[12,29],[-3,19],[15,18],[-4,19],[5,22],[13,0],[6,8],[19,89],[-10,29],[5,41],[-6,57],[7,13],[1,14],[-7,16],[3,24],[-1,18],[-14,37],[-12,68],[5,11],[10,-5],[-7,28],[-10,-12],[-5,31],[-14,16],[-7,1],[-11,-12],[0,-19],[-15,-18],[-4,-23],[10,-25],[2,-17],[-6,-2],[-13,-16],[-5,12],[-8,39],[-2,-22],[-10,13],[-3,25],[-14,3],[-6,9],[-11,-4],[-5,-16]],[[2695,4651],[5,38],[-2,18],[5,12],[-6,10],[0,30],[9,5]],[[2706,4764],[7,-10],[3,-30],[20,-13],[15,0],[17,25],[6,1],[17,31],[35,-19],[16,-31],[5,-22],[7,-14],[11,-40],[4,14],[-4,25],[2,17],[11,21],[6,25],[13,8],[4,73],[3,16],[11,24],[8,8],[9,-22],[3,12],[3,32],[24,-3],[17,27],[10,9],[9,31],[10,14],[7,0]],[[3015,4973],[-35,-106],[-12,-159],[12,-158]],[[2980,4550],[-62,-59],[-38,-276],[-3,-278],[10,-85],[140,9],[48,-136]],[[3075,3725],[-10,-118],[-9,-5]],[[3056,3602],[-25,-13],[-65,-27],[-31,-91],[-65,73],[-34,0],[100,-418],[105,-81],[25,-36],[9,-73],[63,-41],[9,-105],[4,-78],[0,-111],[-38,-165],[7,-129],[-7,-184],[10,-10]],[[2836,3828],[18,26],[0,49],[-17,32],[-20,-34],[5,-58],[14,-15]],[[1386,8764],[-5,-16],[12,-10]],[[1393,8738],[-6,-21]],[[1387,8717],[12,-13],[-3,-16],[17,-27],[0,-28],[10,-3],[77,65],[41,78],[40,19]],[[1581,8792],[136,-113],[189,-303],[-30,-6]],[[1876,8370],[13,-18]],[[1889,8352],[-292,-297]],[[1597,8055],[-149,-135],[-5,6],[-1,32],[-10,0],[-12,36],[2,25],[-7,-2],[-11,-16],[-14,29]],[[1390,8030],[42,129]],[[1432,8159],[-45,140],[38,234],[-132,59],[-24,-8],[-14,-65]],[[1255,8519],[-105,73],[-192,77],[-43,-123]],[[915,8546],[-16,10],[-9,12],[-15,-11],[1,-14],[-8,-14]],[[868,8529],[-84,-53]],[[784,8476],[10,21],[7,30],[20,18],[28,-3],[3,5],[-27,28],[-13,-1],[-16,-25],[-24,-22],[-10,-20],[-9,-8],[0,-28],[-8,-11]],[[745,8460],[-217,286]],[[528,8746],[2,24]],[[530,8770],[104,4],[524,378]],[[1158,9152],[16,-9],[42,-10],[20,-12],[-6,20],[-8,12],[-1,14],[17,14],[18,3],[31,-5],[32,26],[30,8],[10,14],[23,4],[11,-4],[-6,-14],[-18,-8],[-13,-13],[-31,-14],[-9,-18],[-22,-8],[-9,-16],[22,-24]],[[1307,9112],[-96,-30],[9,-88],[61,0],[7,-73],[35,-5],[-5,-7],[11,-19],[-15,-28],[10,-12],[-4,-19]],[[1320,8831],[41,-36],[25,-31]],[[1315,9115],[-2,17],[15,8],[14,22],[22,2],[26,25],[5,1],[-19,-93],[-5,1]],[[1371,9098],[-50,-22],[-6,18],[8,15],[-8,6]],[[3075,3725],[-7,19],[87,538],[104,82],[114,-13],[75,-168],[2,-61],[-61,-108],[-13,-125],[1,-1]],[[3377,3888],[-25,-26],[-10,-46],[21,-27]],[[3363,3789],[44,22],[28,-73],[60,-21],[142,-9],[77,88],[-190,-789],[0,-1]],[[3524,3006],[-198,34],[-109,-65]],[[3217,2975],[-135,476],[-26,151]],[[3947,3734],[0,0]],[[3947,3734],[0,0]],[[3338,4680],[-153,-31],[-26,-50],[-43,-158],[-22,0],[-81,99],[-33,10]],[[3015,4973],[9,-15],[-2,-23],[-11,-5],[-11,-17],[8,-62],[-11,-64],[14,-59],[6,3],[9,19],[-1,39],[-11,53],[-2,22],[13,13],[37,31],[-5,18],[-7,-2],[-4,18],[10,17],[10,-51],[26,-12],[8,-27],[2,-21],[9,-14],[42,11],[9,-5],[5,-16],[17,-18],[13,-1],[10,9],[13,27],[38,9],[15,-5],[-5,-11],[-16,1],[0,-13],[15,-26],[2,-22],[6,22],[15,-12],[4,-12],[17,-23],[-9,-16],[-5,-29],[-13,-14],[14,-5],[8,5],[21,-1],[11,-9]],[[2695,4651],[-3,44],[-8,8],[2,-25],[-10,19],[3,24],[-2,11],[-16,25],[-8,3],[-4,25],[-17,32],[3,-24],[8,-10],[-7,-19],[-6,18],[-13,23],[0,30],[4,20],[-11,40],[-34,93],[-12,29],[8,1],[-4,25],[-6,9],[-5,-24],[-19,6],[-38,32],[0,19],[-35,1],[-7,8],[-27,54],[-12,29],[-32,68],[-22,15],[-8,-1],[-24,-32],[-9,-9],[-12,3],[-15,13],[-16,6],[-27,41],[-31,21],[-35,39],[-21,45],[-19,5],[-23,19],[-20,52],[-20,28],[-7,16],[-14,55],[11,20],[-4,12],[6,22],[-2,29],[-9,31],[2,25],[-8,20],[-19,59],[-25,69],[-14,26],[-3,24],[-13,20],[-10,27],[-11,2],[-2,23],[5,25],[-11,32],[-5,-9],[-6,32],[-12,13],[-6,18],[-1,29],[-18,19],[-12,28],[-9,42],[-17,63],[-12,63],[0,27],[-16,15],[-1,15],[-8,11],[-6,-12],[-18,21],[-4,-51],[7,-21],[1,-51],[8,-28],[8,-9],[14,-40],[8,-40],[13,-17],[4,-46],[12,-14],[10,-63],[9,7],[3,-14],[4,-49],[15,-75],[1,-37],[8,-17],[8,12],[10,-46],[9,-8],[0,-28],[-11,-24],[-3,1],[-6,38],[-32,62],[-15,33],[-7,24],[2,41],[-9,46],[-16,23],[-8,22],[-8,-3],[-25,35],[-16,45],[16,-5],[10,20],[1,27],[-5,21],[-20,44],[-17,28],[-7,44],[-6,4],[-2,32],[-16,60],[3,22],[-10,20],[-10,44],[-5,42],[65,11],[25,-4],[-2,-17]],[[1824,6503],[14,-18]],[[1838,6485],[22,11],[66,-144],[29,-186],[35,31],[-6,311],[19,237],[2,18],[12,15]],[[2017,6778],[28,19]],[[2045,6797],[12,-4],[0,-33],[-12,-58],[-17,-132],[-6,-66]],[[2022,6504],[-3,-3],[1,-37],[10,-17]],[[2030,6447],[6,-24],[9,-49],[35,-81],[11,-65],[155,-241],[52,-27],[-11,-55],[-5,-64],[1,-61],[-2,-77],[10,-84],[26,-94],[16,-73],[4,-9],[22,-7],[13,-32],[10,-2],[32,23],[27,15],[0,-18],[11,-7],[7,16],[-7,14],[14,20],[34,21],[0,131],[4,6],[22,11],[20,15],[20,-8],[12,3],[7,-17],[0,-24],[-20,-58],[0,-23],[-6,-21],[6,-1],[-6,-88],[-8,38],[-4,-11],[-1,-19],[-5,0],[-10,-43],[-5,9],[-3,-14],[-2,-143],[8,1],[8,-14],[1,19],[10,-17],[19,12],[15,-7],[19,-1],[13,14],[7,-9],[27,5],[14,-13],[1,-28],[17,-11],[5,-34],[-2,-52],[-7,-26],[-1,-55],[-5,-62],[-1,-64],[4,-28],[16,-50],[6,-12],[11,-33]],[[3300,4848],[-1,-45],[-9,-6],[-14,2],[11,16],[-4,33],[19,7],[-2,-7]],[[6939,7094],[-29,-19],[-218,317]],[[6692,7392],[-9,13],[-96,427]],[[7377,7612],[-2,-78]],[[7529,6029],[31,17],[-25,75],[-42,1],[-3,13],[-42,-33]],[[7739,6082],[-12,5],[-5,41],[-5,14],[-10,8],[-4,-16],[-52,-20],[-17,-25],[-15,-50],[-53,-22],[-24,-23],[-43,6]],[[6841,5936],[-15,-13],[-37,-10],[-10,16],[-12,-4],[-6,-13],[-27,0],[-31,-10],[-13,5],[-11,15],[-32,3],[-8,-3],[-8,17],[-23,1],[-3,8],[-15,10],[-9,50],[-4,37],[-10,10],[-15,0],[-13,-11],[-22,-42],[-16,23],[-12,4],[-7,11],[-13,11],[-14,39],[-12,14],[-10,4],[-7,15],[-16,72],[-2,29],[-16,49],[-12,-5],[-7,6]],[[6395,6776],[9,-15],[24,-17],[10,-2],[37,16],[19,2],[7,20]],[[6501,6780],[90,-9],[109,222],[25,-45],[15,0],[47,-100],[1,-17],[54,-98]],[[202,8903],[-9,3],[14,-21],[3,-36],[-20,-4],[-3,-6],[7,-28],[-2,-9],[-18,0],[-15,5],[-3,12],[-22,17],[-3,-9],[-19,21],[-5,33],[-11,11],[-16,1],[-11,-8],[-17,-2],[-15,4],[-1,21],[-8,17],[-11,-5],[-17,-54],[0,270],[31,-21],[21,-19],[12,-6],[47,-33],[14,-13],[9,-27],[5,-26],[-3,-14],[13,-26],[12,-9],[3,17],[-8,13],[1,28],[13,6],[12,-9],[17,-5],[13,3],[11,-4],[21,-26],[38,-42],[-21,1],[-10,-27],[-20,16],[13,-25],[-27,2],[-15,13]],[[9696,9128],[8,-7],[20,5],[20,10],[2,8],[-13,39],[-10,4],[11,30],[53,-8],[15,-6],[3,-10],[17,5],[55,1],[16,-5],[25,-13],[17,-3],[26,-17],[9,-2],[29,-23],[0,-292],[-27,-14],[-8,-12],[-20,-4],[-16,4],[-9,24],[-11,-11],[-11,-1],[-10,10],[5,-17],[-7,-9],[16,-10],[8,11],[9,-3],[0,-16],[13,-16],[17,5],[7,-36],[-9,-18],[7,2],[18,-35],[-2,-16],[10,4],[-1,-21],[-14,-17],[-40,14],[-3,13],[-10,1],[-8,-22],[-38,-30],[-18,-6],[-17,-20],[-12,-1],[-10,-17]],[[9808,8580],[5,11],[-224,58]],[[9589,8649],[-5,9],[-26,7],[-31,-15],[0,-11],[-8,-30],[1,-12],[-14,-7],[-20,-24],[-25,-34],[-17,-10],[6,26],[-12,3],[-2,9],[12,41],[-5,8],[-21,-16],[-11,17],[-48,-11],[-19,-17],[0,-21],[-21,-25],[2,-16],[-16,-12],[-23,-31],[-11,-30],[0,-13],[7,-7],[16,-1],[4,-13],[-27,-14],[-22,7],[-18,-18],[-8,12],[-24,-18],[-9,8],[1,9],[22,10],[-9,21],[-11,7],[-28,-3],[-11,15],[-19,-1],[-9,-8],[1,-13],[-9,-15],[-14,12],[-14,-2]],[[9495,8174],[13,28]],[[9508,8202],[-9,-21]],[[9499,8181],[-4,-7]],[[9348,8254],[7,23]],[[9355,8277],[-3,-11]],[[9352,8266],[-4,-12]],[[3012,1128],[59,192],[50,264],[4,141]],[[3125,1725],[3,4]],[[3128,1729],[26,4]],[[3360,1864],[47,7],[83,-67],[22,-63],[39,-22]],[[3551,1719],[-6,-69],[-15,-56],[-15,-34],[-10,-37],[-7,-18],[-16,-20],[-10,-4],[-11,11],[-26,-13],[-11,23],[-17,13],[-13,-7],[-15,29],[-5,-28],[12,-27],[17,-19],[7,-16],[-5,-42],[3,-20],[14,-20],[3,-29],[-14,-47],[-9,-26],[-8,-34],[-24,-22],[-24,-14],[-51,-11],[-26,11],[-1,-33],[8,-17],[-11,-47],[0,-13],[5,-32],[-19,-24],[-25,-2],[-30,24],[-6,-10],[0,-20],[6,-23],[-2,-47],[10,-18],[15,4],[-5,13],[15,8],[4,-45],[-11,-11],[-6,18],[-13,-3],[-11,-10],[2,-7],[19,-11],[-20,-22],[-7,-20],[1,-48],[-11,-27],[6,-20],[-27,-10],[-16,-21],[-14,-45],[1,-25],[3,-20],[19,-36],[25,-15],[1,-9],[-3,-38],[-7,-21],[-33,-44],[-8,-23],[-4,-24],[2,-17],[-6,-26],[-24,-23],[-9,-21],[-4,-43],[2,-15]],[[3080,274],[-57,-15],[-9,33],[-16,172],[-4,205],[16,206],[29,193],[-34,2]],[[5652,9959],[13,17],[13,9],[10,-5],[7,-15],[34,2],[19,-6],[7,-13],[-31,-27],[-21,-13],[-25,-6],[-17,-12],[-78,3],[-1,12],[19,9],[9,22],[-45,1],[-32,-4],[-24,11],[10,15],[10,5],[24,35],[17,-23],[12,-3],[25,0],[9,-12],[11,11],[6,15],[11,10],[-2,-38],[10,0]],[[5235,8000],[2,22],[16,-1],[-8,13]],[[5245,8034],[33,-16],[4,-21],[-22,-14],[-21,4],[-4,13]],[[5392,8024],[-8,0],[-2,16],[10,-16]],[[5401,8027],[0,0]],[[5401,8027],[13,8]],[[5414,8035],[5,-41],[-23,-9],[-34,29],[-13,45]],[[5349,8059],[10,3],[14,-23],[6,4],[3,-23],[18,-13],[1,20]],[[5529,8321],[0,0]],[[5377,8070],[-6,-17],[-7,8],[3,22],[11,-3],[-1,-10]],[[5645,8370],[0,0]],[[5506,8303],[14,23],[7,-1],[-5,-16],[-3,-34],[-9,-8],[-2,-14],[-5,43],[3,7]],[[5461,8248],[12,36],[2,-3],[-10,-38],[-7,-41],[-3,21],[6,25]],[[5618,8343],[-11,7],[-1,19],[30,8],[12,-13],[-16,-15],[-14,-6]],[[5633,8391],[-9,-8],[-3,18],[6,9],[10,-7],[-4,-12]],[[5555,8484],[0,0]],[[5563,8489],[0,0]],[[5546,8491],[0,0]],[[5553,8493],[0,0]],[[5565,8496],[0,0]],[[5885,8577],[-14,22],[-8,-1],[-7,11],[-10,-21],[-7,2],[-4,-20],[-7,-2],[16,-21],[4,-22],[5,-5],[12,-41],[4,-5]],[[5770,8400],[-6,6],[-12,-4],[-4,-11],[19,-59]],[[5774,8238],[-56,-13],[-5,5],[-41,-1],[-15,19]],[[5657,8248],[16,12],[3,9],[-3,42],[7,36],[-5,7],[-7,-14],[-11,9],[1,31],[-5,-6],[-5,14],[2,26],[17,4],[9,14],[11,6],[14,-6],[5,9],[25,-3],[38,-11],[9,11],[2,16],[5,-8],[5,13],[9,-4],[8,17],[19,-13],[10,5],[-12,24],[-20,-1],[-11,6],[-4,11],[3,21],[-29,-15],[-9,1],[-7,-9],[-11,6],[-5,-9],[-21,-1],[-4,-9],[-26,-11],[-2,-9],[-13,5],[-21,-9],[-9,18],[-11,-4],[-2,21],[-5,-2],[-19,18],[-3,37],[3,35],[-9,29],[3,34],[-8,10],[4,21],[8,10],[5,22],[12,-7],[6,8],[7,38],[7,-10],[46,77],[13,14],[11,-1],[-5,20],[3,25],[-4,9],[-14,3],[-11,15],[-10,1],[-18,-9],[-16,19],[-12,-16],[-7,-20],[-12,-5],[-7,-12],[6,-15],[-15,-22],[12,-24],[-9,-12],[-10,-30],[-28,-32],[-10,4],[-7,-17],[-16,-17],[-5,-14],[-12,0],[2,-18],[-6,-14],[-12,7],[5,-26],[-3,-32],[-9,-9],[4,-64],[21,-6],[13,-30],[11,-5],[6,-30],[-28,-26],[-26,14],[-16,3],[-3,-10],[10,2],[17,-17],[25,3],[3,-9],[-17,-21],[-1,17],[-10,-27],[-8,-7],[-18,-1],[9,-24],[-1,-31],[-7,1],[5,-34],[-7,-27],[-1,-18],[-16,-59],[-8,10],[-8,-6],[-16,3],[-10,-16],[-4,-18],[4,-11],[-4,-12],[-9,5],[-14,-9],[-14,4],[5,23],[-16,43],[13,20],[-16,27],[-12,46],[-7,22],[5,27],[-16,10],[-1,56]],[[5310,8410],[6,-16],[5,1],[4,24],[-3,28],[8,21],[15,14],[3,29],[-10,38],[11,5],[6,23],[-20,27],[4,39],[-8,24],[5,58],[13,32],[15,13],[21,0],[8,12],[-3,19],[-9,13],[13,35],[9,35],[2,40],[12,1],[33,57],[2,11],[-2,24],[18,39],[6,6],[23,-4],[5,17],[2,28],[22,-13],[25,-10],[3,9],[6,50],[17,-2],[13,22],[10,0],[14,-18]],[[5614,9141],[9,-40],[149,35],[81,-47]],[[3524,3006],[122,-658],[-7,-5]],[[3639,2343],[-33,-101],[3,-230]],[[3609,2012],[34,-59],[-10,-26],[-10,-18],[-10,-34],[-15,-82],[-10,-34],[-18,-46],[4,27],[13,38],[8,39],[-1,8],[-10,-4],[-7,7],[-6,-56],[-5,-16],[-12,-23],[-3,-14]],[[3123,2113],[11,86],[46,449],[-6,77],[30,94],[13,156]],[[3124,1728],[4,1]],[[3125,1725],[-1,3]],[[3947,3734],[0,0]],[[8912,3852],[2,-264],[-5,-28],[5,-45],[0,-141]],[[8914,3374],[-18,47],[-9,30],[-5,2],[-24,-8],[7,44],[-15,43],[11,8],[-13,28],[-20,90],[-13,22],[-48,39],[-7,3],[-17,18],[0,20],[-11,-2],[-10,9],[-5,13],[-3,43],[-5,-17],[-4,-42],[-13,-21],[-6,28],[5,14],[-4,22],[-16,26],[-5,17],[20,-8],[11,24],[6,-10],[12,1],[2,35],[-15,-10],[-30,3],[-7,17],[-4,33],[-21,9],[3,10],[1,28],[17,15],[12,22],[9,-3],[19,-22],[18,-10],[6,-37],[-4,-37],[8,-63],[5,-10],[3,21],[6,-44],[13,-17],[14,21],[14,62],[23,12],[1,20],[16,25],[4,2],[49,-57],[35,-30]],[[8632,3772],[-13,15],[-11,21],[-9,4],[-3,-19],[-13,13],[-3,12],[-15,-22],[-9,36],[3,7],[21,-2],[7,-11],[16,12],[17,-11],[10,-26],[2,-29]],[[8517,3772],[-14,18],[-1,25],[17,4],[11,-21],[0,-15],[-13,-11]],[[8837,3427],[-14,7],[15,58],[10,11],[9,-19],[-5,-27],[-11,-29],[-4,-1]],[[8414,3440],[-6,-16],[-28,-29],[-12,6],[-9,-10],[-11,8],[-17,0],[-3,27],[20,14],[24,-25],[4,10],[11,3],[6,-6],[19,36],[2,-18]],[[8275,3428],[-7,21],[8,7],[5,-13],[20,-10],[3,-30],[-19,-3],[-2,14],[-10,-16],[-24,-17],[-9,9],[0,26],[8,13],[15,-6],[9,-15],[7,15],[-4,5]],[[8196,3411],[-16,24],[-1,9],[17,7],[12,-17],[-12,-23]],[[7880,4056],[-13,-47],[4,-17],[10,-17],[10,-1],[5,-17],[2,-39],[6,-18],[7,-1],[-6,-31],[2,-7],[9,15],[12,-10],[5,-23],[9,-22],[-6,-66],[2,-46],[0,-46],[-4,-42],[-13,28],[-4,-25],[-13,21],[-3,-3],[5,-25],[-2,-7],[-29,79],[-30,61],[-9,42],[-13,21],[-9,23],[-14,50],[-5,52],[-19,83],[-7,25],[-17,28],[-11,85],[-3,24],[-17,30],[-11,11],[-2,36],[-7,29],[-15,42],[-9,-5],[-23,66],[-7,31],[-4,33],[8,12],[8,-7],[12,-24],[16,-6],[17,8],[16,-48],[6,-10],[-1,-23],[14,-31],[34,-55],[0,-25],[7,-2],[10,-31],[11,-18],[-1,22],[6,-7],[12,-39],[11,-9],[7,-36],[10,-23],[16,-7],[11,-18],[7,-23]],[[8544,4056],[-5,41],[2,19],[-2,14],[4,40],[6,28],[5,-24],[-8,-48],[3,-16],[7,19],[2,17],[12,18],[2,-31],[-12,-29],[13,-15],[1,-16],[-18,12],[-5,-20],[2,-31],[12,-45],[-2,-7],[-12,29],[-6,24],[-1,21]],[[7959,3824],[-15,21],[-6,37],[-6,13],[-11,7],[7,30],[6,-18],[6,24],[5,-43],[8,-27],[9,-10],[-5,-16],[2,-18]],[[7921,3552],[-1,6],[13,2],[2,22],[7,32],[16,-6],[3,-15],[7,3],[2,18],[11,-10],[12,-22],[11,7],[8,-24],[3,-17],[41,-9],[10,6],[2,22],[9,9],[7,-23],[34,-13],[7,-18],[-1,-14],[5,-19],[11,-12],[14,-2],[10,6],[9,-14],[-5,-31],[7,-25],[-35,32],[-18,-11],[-46,13],[-20,24],[-28,20],[-12,1],[-12,-11],[-12,5],[-10,16],[-25,5],[-4,5],[6,20],[-18,17],[-20,5]],[[8429,3295],[5,44],[9,16],[18,21],[8,15],[5,20],[5,6],[20,3],[29,13],[3,-9],[-8,-15],[-46,-44],[-7,-11],[-22,-48],[-19,-11]],[[8340,3293],[-24,37],[-14,14],[6,12],[19,5],[18,-35],[4,-12],[-9,-21]],[[8265,4351],[3,-26],[-17,-9],[8,-35],[13,-53],[-3,-30],[6,-23],[16,-31],[7,-26],[-15,-4],[-10,7],[-9,-18],[-6,-56],[3,-35],[-2,-28],[-9,5],[-13,-32],[-5,-22],[-9,-20],[5,-12],[3,-23],[-8,-2],[5,-19],[-12,-62],[-7,-20],[-27,-36],[-6,51],[-7,19],[-14,-19],[-4,16],[-9,11],[-10,20],[-6,-33],[-9,1],[-14,-18],[0,29],[-4,34],[-4,-13],[-18,-15],[-4,14],[-15,-7],[-1,43],[-4,63],[-4,24],[-17,33],[7,11],[-10,23],[2,24],[-8,30],[-1,35],[4,33],[9,46],[6,-4]],[[8041,4192],[4,-26],[16,-43],[9,-12],[12,14],[16,-11],[12,17],[11,32],[6,2],[19,-19],[11,-4],[6,12],[16,11],[5,10],[12,59],[-1,25],[11,20],[2,12],[-1,33],[6,40],[9,6],[31,-6],[12,-13]],[[8324,4056],[6,41],[9,19],[5,-11],[10,37],[14,-3],[9,-18],[16,1],[15,-15],[8,8],[23,-3],[17,16],[0,18],[11,31],[4,2],[0,-25],[-4,-19],[-17,-55],[-21,-11],[-14,16],[-14,3],[-59,-4],[-6,-12],[-7,-49],[4,-32],[11,-20],[3,-20],[15,-7],[11,41],[15,-9],[21,17],[6,12],[8,-14],[-1,-24],[-13,10],[-15,-41],[-13,-15],[-4,-11],[-9,5],[0,-12],[17,-41],[10,-41],[-3,-33],[1,-14],[13,-32],[0,-17],[-14,0],[-5,-10],[-2,-23],[-14,13],[3,41],[-17,38],[-2,17],[5,32],[-2,16],[-9,2],[-12,-20],[3,-43],[-4,-54],[5,-30],[-5,-32],[3,-26],[-21,-16],[-5,28],[4,26],[2,65],[-1,28],[-7,17],[-12,-6],[-3,56],[14,53],[2,16],[-2,39],[6,39],[5,2],[0,29],[3,34]],[[2264,7915],[-44,-3],[-70,93]],[[2150,8005],[-261,347]],[[1876,8370],[137,27]],[[2368,8468],[-2,-25],[4,-47],[7,-12],[15,-4],[14,3],[8,-11],[16,-64],[2,-22],[-1,-30],[8,-1],[24,15],[37,1],[7,-18],[27,-15],[24,-30],[12,-31],[44,-22],[20,-21],[19,-11],[25,4],[33,-13],[5,-6],[-5,-51],[6,-21],[-1,-48],[-4,-27],[10,-13]],[[2722,7948],[-458,-33]],[[4969,6449],[-4,-34],[-13,-142],[10,-75],[28,-195],[-2,-71],[-20,-72],[2,-197],[31,-126],[32,-328]],[[5033,5209],[-36,-24]],[[4997,5185],[-18,6],[-70,-30],[-14,48],[7,155],[-135,735],[-55,106],[13,37],[6,23],[1,33],[-5,26],[0,39],[14,50],[2,45],[17,40],[9,16],[27,27],[9,13],[14,42],[16,94],[10,10],[11,-32],[16,-20],[32,1],[12,16],[5,-18],[18,-6]],[[530,8770],[-2,15],[-11,23],[12,4],[1,21],[-10,11],[-24,-12],[-18,-24],[-7,-2],[-23,11],[-20,2],[-16,-5],[-33,6],[-6,7],[-1,31],[21,1],[5,6],[-13,8],[-57,25],[13,13],[19,7],[29,18],[13,12],[30,17],[18,-5],[-1,-26],[30,-9],[13,1],[18,11],[10,13],[19,-6],[13,2],[3,17],[-33,11],[-16,2],[-4,25],[-19,5],[-31,5],[-3,16],[-19,26],[-65,45],[15,19],[1,16],[39,4],[23,10],[9,11],[6,21],[18,36],[19,21],[28,12],[35,-1],[0,13],[-9,19],[38,2],[29,6],[25,28],[12,0],[12,-9],[-2,-22],[18,-6],[11,17],[17,-6],[42,-5],[23,-29],[42,-4],[37,4],[15,-3],[28,-12],[43,-5],[26,-11],[54,6],[14,-8],[31,-26],[15,-10],[23,2],[12,-4],[25,-15],[19,-17]],[[221,8744],[8,11],[15,-7],[20,2],[32,-21],[6,-12],[-15,0],[-7,-12],[-29,29],[-21,-1],[-9,11]],[[6501,6780],[-5,80],[2,40],[3,24],[-11,31],[-13,6],[3,12],[14,-6],[-8,22],[5,14],[-20,-3],[-4,39],[6,44],[6,-22],[10,-1],[4,9],[2,-17],[11,7],[5,-5],[-1,17],[12,-1],[-2,19],[-16,25],[-5,46],[-7,2],[-19,-7],[-3,-20],[0,-28],[-7,11],[-5,40],[9,42],[-7,13],[-14,0],[-9,26],[-9,0],[1,15],[-8,25],[-6,36],[-16,6],[-1,20],[15,5],[12,-11],[7,6],[-13,23],[7,14],[4,23],[31,2],[18,-5],[-12,13],[4,20]],[[6471,7431],[132,-84],[89,45]],[[7980,9690],[0,0]],[[5886,7709],[0,-3],[32,-36]],[[5889,7610],[-41,3]],[[5848,7613],[-34,3],[-47,34],[-4,-6],[-11,12],[0,-14],[-26,22],[-14,-19],[-41,22],[-8,20],[-59,25],[0,11],[-12,9],[-18,-16],[-4,11],[-15,0],[-3,-24],[-9,4],[-5,20],[-13,-13]],[[5525,7714],[-3,7],[-1,34],[-4,34],[-14,26],[-14,33],[-2,16],[-7,9],[-3,-12],[-9,3],[0,19],[-10,19],[0,-13],[-21,20],[3,33],[5,0],[5,46],[5,14],[-5,13],[12,11],[4,-29],[0,29],[-3,13],[12,7],[17,22],[-2,19]],[[5490,8087],[17,3],[7,-30],[12,-7]],[[5526,8053],[1,-27],[-5,-9],[3,-18],[25,3],[5,-36],[3,10],[10,-3],[6,14],[12,-4],[47,39],[-4,57],[4,16],[-6,16],[-25,25],[-12,38],[-9,15]],[[5581,8189],[1,40],[10,18],[0,24],[10,21],[24,11],[1,-8],[13,-18],[4,-21],[13,-8]],[[5942,7556],[0,-14],[-8,-19],[1,-12],[14,41],[11,7],[11,-8],[9,6],[-4,23]],[[6128,7498],[-7,-92],[-21,18],[-60,-73],[-14,39],[20,9],[1,17],[8,32],[13,5],[-6,18],[-14,21],[18,8],[25,26],[-4,15],[-48,-15],[-6,-13],[-38,-17],[-12,-12],[-5,10],[-9,-27],[-33,-3],[5,-12],[8,-3],[23,-30],[1,-21],[22,8],[19,-4],[-7,-21],[-11,-5],[-14,3],[-9,-16],[-19,-7],[-10,-20],[-17,8],[5,25],[-5,23],[-11,10],[-14,4],[11,17],[21,19],[-3,15],[-28,-1],[-9,4],[-8,17],[8,14],[-7,20],[-5,-12],[-26,-9],[-21,-53],[-13,-8],[-3,-17],[6,-20],[-7,-25],[-11,-3],[-11,-28],[-3,-22],[-3,-53],[-12,-6],[-5,-48],[-10,-17],[12,-32],[5,-36],[8,-11],[19,-18],[-7,-21],[-18,11],[-7,-7],[-12,0],[-6,-22],[-18,-20],[-10,-23],[-2,16],[10,15],[-12,7],[-4,19],[-19,3],[-8,9],[-8,-10],[-10,7],[-13,-18],[-7,3],[4,-22],[14,-22],[-14,16],[-4,-12],[6,-5],[-2,-13],[-5,15],[-9,3],[9,-22],[-9,3],[-4,22],[-11,16],[3,12],[-10,-11],[3,-8],[-3,-20],[9,-38],[12,-30],[-11,12],[-3,-5],[4,-20],[-11,-11],[19,-15],[11,-23],[7,-1],[5,-43],[-4,-6],[-10,29],[-14,-8],[2,-24],[7,0],[3,-12],[-12,-7],[-10,8],[7,-33],[3,-31],[-9,10],[-8,-17],[-11,36],[-6,-14],[-6,21],[2,23],[-11,36],[6,20],[8,-3],[5,10],[23,-24],[11,15],[-22,20],[-14,3],[-18,-9],[-12,37],[11,12],[-4,8],[-9,-3],[-13,24],[-5,30],[-19,33],[4,11],[-4,13],[5,21],[0,26],[-3,9],[5,16],[0,15],[-13,12],[-6,21],[-11,10],[-34,54],[1,19],[-5,4]],[[5476,7255],[-15,117],[170,-31],[217,272]],[[8224,5744],[-11,-18],[-11,10],[-13,-20],[-8,-3],[0,15],[-23,-14],[-7,22],[-2,-45],[-8,-14],[-6,6],[-4,-22],[-20,-7],[-5,7],[-9,-20],[-12,-1],[-15,-18],[-9,4],[-4,-31],[10,-31],[-14,-15],[-6,24],[-3,36],[5,32],[-8,8],[-11,-15],[-8,7],[-7,25],[-5,-22],[-14,-5]],[[7996,5639],[-22,14],[-12,20],[-4,30],[6,25],[-4,19],[-18,0],[-10,8],[-7,19],[-24,-38],[-30,-5],[-11,-18],[-12,17],[-16,-12]],[[7832,5718],[-9,-10],[-3,-19],[6,-49],[-5,-18],[-10,2],[-6,14]],[[7805,5638],[-3,20],[-16,-19],[-8,12]],[[7778,5651],[-8,37],[-12,-1],[-4,14],[9,53],[-1,9],[-13,1],[-3,10],[-3,59],[-18,0],[-10,-14],[-7,-1],[3,28],[-3,39],[10,35],[14,26],[5,24]],[[8039,5391],[-22,29],[-2,51],[17,37],[7,-2],[3,19],[10,-8],[4,10],[16,6],[7,-23],[-12,-35],[-5,-45],[-16,-15],[-7,-24]],[[5245,8034],[1,19]],[[5246,8053],[5,9],[17,-12],[13,11]],[[5281,8061],[14,-5],[11,4],[-1,-16],[-8,-10],[19,-8],[5,13],[13,5],[15,15]],[[5414,8035],[27,11],[16,21],[33,20]],[[5525,7714],[-11,-4],[-11,-53],[-7,-4],[-15,12],[-4,-38],[1,-28],[7,0],[-2,-18],[-17,2],[-5,-8],[1,-32],[-6,-27],[2,-23],[-6,-16],[7,-3],[-3,-19],[-6,3],[-4,-19],[1,-23],[-18,12],[-1,-23],[-15,4],[-2,28],[-8,-6],[-5,-34]],[[5398,7397],[-8,-3],[4,15],[-4,14],[-19,2]],[[5371,7425],[6,32],[3,52],[-11,17],[-17,-9],[-17,-2],[-9,-13],[4,-24],[-9,-13],[0,-20],[-9,3],[-2,-20],[-7,7],[-4,-15],[-7,8],[-2,35],[3,7],[0,30],[-5,13]],[[5288,7513],[-2,9],[-7,-11],[-7,13],[-8,2],[0,31]],[[5264,7557],[6,1],[-15,12]],[[5255,7570],[-2,1]],[[5253,7571],[-4,0]],[[5249,7571],[-10,7],[-21,-15],[-10,2],[-5,-10],[-11,4],[-3,-10]],[[5189,7549],[-5,10],[4,25],[-4,9],[-11,-2]],[[5173,7591],[0,25],[-8,4],[2,23],[-5,9],[4,9],[-8,4],[-3,19],[9,-1]],[[5164,7683],[6,15],[9,-1],[0,-20],[9,-1],[8,62],[-12,-1],[-7,24],[10,99],[-10,16]],[[5177,7876],[12,10],[7,30],[-10,8],[2,12],[7,-1],[5,25],[-2,15]],[[5198,7975],[-5,11],[6,20],[22,4],[6,-23],[0,15],[8,-2]],[[2150,8005],[-102,-151]],[[2048,7854],[-244,38],[-207,163]],[[2468,7295],[-18,47],[-28,63],[-20,50],[5,83],[-15,30],[-33,1],[-48,-36]],[[2311,7533],[-10,0],[-27,32]],[[2274,7565],[-16,50]],[[2258,7615],[10,24],[-4,276]],[[2722,7948],[7,-18],[0,-28],[7,-2],[-173,-238],[-10,7],[-7,-28],[-3,14],[-10,-36],[-2,15],[-10,-13],[-8,-26],[-26,-22],[-19,-25],[-27,-47],[20,2],[38,-105],[-8,-32],[-3,-37],[-8,-23],[-12,-11]],[[5342,8148],[-5,-10],[8,-10],[-13,-21],[-6,16],[-13,1],[-5,33],[13,18],[11,-22],[3,29],[10,0],[-3,-34]],[[5418,8122],[-1,-12],[-10,8],[3,15],[8,-11]],[[5246,8053],[-9,4],[11,10],[-10,26],[2,22],[-3,21],[-14,9],[8,22],[-6,24],[2,25],[13,-6],[10,22],[8,-13],[2,30],[23,-2],[3,-28],[14,-2],[-2,-26],[-16,-1],[2,-10],[-10,-32],[12,8],[14,-24],[-3,-17],[-16,1],[-12,30],[-4,-10],[-4,-27],[16,-29],[-4,-13],[8,-6]],[[5273,8106],[0,0]],[[5296,8110],[0,0]],[[5309,8067],[0,0]],[[5332,8086],[-7,20],[12,-8],[-5,-12]],[[5325,8085],[-7,-3],[-12,10],[1,14],[14,-9],[4,-12]],[[5282,8108],[0,0]],[[5302,8118],[-5,-28],[-2,8],[7,20]],[[5237,8268],[21,2],[15,30],[20,13],[-5,-18],[2,-20],[-6,-17],[-39,-1],[-2,-14],[-8,-15],[-8,15],[10,25]],[[5310,8410],[-10,3],[-11,29],[0,-18],[-7,-20],[-13,1],[-9,-16],[-33,-45],[-1,-6],[-33,-9],[-9,15],[-21,19],[-8,2],[-6,19],[7,18],[13,-12],[-9,21],[13,15],[-30,2],[-2,15],[8,14],[16,0],[-12,9],[8,9],[2,16],[-17,-3],[-5,10],[13,18],[-14,6],[1,23],[8,9],[-7,8],[1,45],[19,6],[-12,14],[18,24],[13,0],[2,18],[19,-7],[7,8],[-12,8],[-1,15],[25,2],[7,-7],[1,16],[10,20],[9,5],[7,-8],[7,15],[11,14],[6,27],[26,33],[10,-6],[1,15],[14,22],[6,16],[11,-2],[0,20],[-6,4],[11,35],[11,-2],[2,19],[12,4],[-12,20],[6,16],[17,0],[-7,18],[29,21],[-6,9],[11,14],[12,-4],[10,15],[-5,11],[14,16],[9,-12],[7,13],[-4,21],[15,0],[-5,16],[15,16],[4,15],[15,6],[6,22],[7,-8],[12,5],[16,-10],[16,42],[6,-3],[-5,-29],[10,15],[5,19],[11,3],[8,15],[14,-16],[11,30],[12,-3],[13,-17],[8,25],[9,15],[11,-1],[10,20],[23,12],[12,0],[-17,-25],[-4,-31],[5,-3],[9,20],[19,31],[9,9],[1,-39],[14,14],[11,29],[19,4],[3,-6],[-9,-17],[-3,-21],[11,-4],[3,15],[11,21],[6,0],[21,-19],[20,-5],[9,-17],[-15,-13],[-43,1],[16,-17]],[[5813,9209],[-53,-2],[-110,-24],[0,-6],[-36,-36]],[[5368,9938],[0,-23],[25,-10],[4,27],[14,6],[27,-42],[10,-7],[7,7],[-9,22],[-4,23],[11,13],[19,-9],[16,-1],[7,-6],[-3,-23],[8,-10],[15,15],[16,-24],[22,-9],[27,-22],[-16,-10],[-25,-7],[-9,-10],[-9,-37],[-11,-30],[-15,-4],[-10,-17],[-6,-33],[-17,-6],[-43,29],[-17,19],[8,12],[42,6],[12,12],[-8,9],[-43,-9],[-21,-1],[-6,17],[12,2],[44,17],[19,15],[-32,14],[-11,9],[-7,-4],[-13,-22],[-20,-11],[-16,6],[-27,25],[-9,14],[21,13],[-10,19],[-17,-11],[-6,3],[-11,25],[10,12],[20,4],[35,3]],[[1307,9112],[8,3]],[[1371,9098],[282,-34],[114,-86]],[[1767,8978],[-28,-82],[-52,-28],[-8,-11],[6,-22],[-26,-43],[-21,-13],[-32,25],[-25,-12]],[[1387,8717],[6,21]],[[1393,8738],[-12,10],[5,16]],[[1386,8764],[-25,31],[-41,36]],[[3639,2343],[177,134],[41,142],[16,301],[-4,209],[79,200],[47,167],[-6,51],[-47,50],[-54,125],[-47,17],[-69,-42],[-25,25],[-35,100]],[[3712,3822],[27,106]],[[3739,3928],[9,12],[7,-10],[10,-40],[-7,-36],[3,-28],[10,27],[25,25],[7,-1],[21,-27],[34,-11],[24,9],[14,-12],[26,-44],[29,-68],[16,-31],[15,-12],[27,-5],[5,-6],[12,-102],[4,-71],[-6,-77],[-7,-44],[-6,-28],[-34,-81],[-10,-8],[-5,-21],[-2,-25],[-6,-36],[-17,-69],[-6,-7],[-1,14],[-8,12],[-1,-26],[-7,-54],[-1,-45],[5,-123],[-7,-85],[1,-46],[-14,-33],[-4,-39],[3,-48],[-4,-22],[-8,-20],[-10,-50],[-12,-46],[-4,-28],[2,-32],[-15,-12],[-11,-22],[-1,-27],[-28,-8],[-23,5],[-21,-2],[-3,-20],[-13,-17],[-9,-27],[-9,9],[-12,-11],[-30,-54],[-17,-27],[-6,-23],[-17,-10],[6,-33],[-3,-27],[-4,-10],[5,-22],[1,-74],[-5,-50],[-3,-15],[-34,59]],[[5049,7810],[1,-50],[9,-14],[7,10],[8,-3],[6,-15],[16,-2],[10,9],[12,-11],[30,-14],[16,-37]],[[5173,7591],[-8,2],[-4,-18],[-4,-46],[-1,-48]],[[5156,7481],[-6,5],[-4,-15],[7,-17],[-5,-16],[7,-2],[6,-33],[31,-39],[-4,-24],[1,-32],[5,-5],[-2,-17],[12,6],[1,-10]],[[5205,7282],[-24,-45],[-20,-9],[-11,6],[-10,16],[-18,2],[-9,10],[-17,-13],[-11,-27],[-2,-13],[2,-29]],[[5085,7180],[-4,3],[-16,-9],[-18,10],[-10,-1],[-1,16],[-20,10],[0,-10],[-21,1],[-7,10],[-5,-4],[-9,11],[-18,12],[2,13],[-12,7]],[[4946,7249],[10,16],[7,76],[1,42],[3,27],[9,-13],[-11,27],[5,24],[-5,22],[-13,10],[-12,30],[4,14],[-16,21],[3,12],[-10,0],[-31,30],[-12,-5],[-9,17],[11,3],[-8,11],[7,10],[-12,-2],[0,14],[21,13],[11,-2],[2,8],[13,5],[8,-21],[12,6],[4,-5],[21,6],[-3,6],[0,34],[-9,22],[-1,13],[19,0],[2,-27],[4,5],[22,-9],[16,13],[-7,4],[3,12],[9,11],[21,13],[8,17],[1,43],[5,8]],[[3294,8261],[-419,-37],[1,20],[-3,34],[-6,28],[-17,34],[-26,32],[-4,12],[12,20],[10,43],[13,13],[-8,49],[3,21],[-22,3],[14,31],[6,27],[-11,16],[-4,26],[4,14],[14,17],[10,-2],[36,-20],[27,-3],[30,16],[19,-16],[34,-46],[-3,-13],[26,-25],[24,-11],[14,8],[4,-24],[-7,-11],[-2,-15],[11,-82],[-4,-17],[-10,1],[-2,-22],[5,-9],[14,13],[18,3],[13,-22],[3,-23],[6,6],[27,10],[9,31],[7,-5],[8,-23],[6,46],[13,22],[-8,16],[3,15],[12,3],[9,27],[9,-12],[17,-37],[7,-26],[17,-37],[-3,-21],[7,1],[4,-26],[16,-14],[5,-22],[-10,-8],[10,-18],[12,-11]],[[2004,7072],[-47,-1],[-65,-24],[-10,-19],[-10,-47],[-23,-37],[-2,-21]],[[1847,6923],[-32,-15],[-21,-30],[-8,-54],[1,-60],[-3,-19],[-5,0]],[[1779,6745],[-7,0],[-15,26],[-9,-8],[-2,-14],[-9,-11],[-1,-31],[-11,-13],[-4,59],[4,18]],[[1725,6771],[-3,42],[8,31],[-1,65],[5,57],[13,107],[-1,23],[7,55],[20,76],[1,125]],[[1774,7352],[53,61],[22,-13]],[[1849,7400],[29,-10],[23,21],[17,-33],[18,-23],[35,-19],[36,-33],[12,-5]],[[2019,7298],[4,-1]],[[2023,7297],[9,-18],[9,-118]],[[2041,7161],[7,-23],[28,-57],[4,-13]],[[2080,7068],[-76,4]],[[4755,7144],[-2,9],[6,30],[-8,30],[-8,6],[-1,11],[7,17],[20,5],[2,20],[7,9],[9,-2],[14,-12],[19,1],[13,10],[13,-9],[20,-8],[27,-3],[12,-4],[11,13],[7,-1],[11,-16],[12,-1]],[[5085,7180],[1,-38],[-25,-30],[-4,-11],[-21,-11],[-12,-10],[-5,-17],[2,-10],[-7,-4],[-8,-26],[-11,-26],[-6,-34],[6,-35],[9,-16],[-17,-23],[-6,-18],[-6,-31],[2,-11],[-15,-5],[-13,-18],[-3,-26],[-9,-16],[-10,6],[-10,-5],[-41,-2],[-9,-17],[-12,-6],[-6,-24],[-7,-5],[-15,20],[-2,21],[-10,34],[-16,15],[-8,-2]],[[4791,6799],[7,45],[11,21],[-5,10],[-10,4],[2,15],[11,34],[-14,42],[15,13],[0,38],[3,65],[15,16],[3,15],[-16,32],[-11,-6],[-22,1],[-7,15],[-18,-15]],[[5476,7255],[-14,0],[1,33],[-14,5],[-12,14],[-7,-15],[-10,25],[11,0],[-15,23],[-1,28],[-17,29]],[[6240,2861],[15,15],[6,-4],[9,15],[20,2],[-2,13],[15,24],[9,0],[-4,16],[9,23],[6,-11],[6,19],[-5,20],[10,23],[-4,30],[6,10],[6,-18],[3,14],[12,29],[3,38],[-1,19],[6,16],[11,-32],[7,-10],[5,-34],[4,-83],[10,-66],[0,-12],[-9,-35],[-12,41],[-4,-19],[3,-29],[5,-30],[-13,-54],[0,-45],[-2,-31],[-35,-282],[-16,-148],[-7,-52],[-11,-33],[-17,-4],[-13,-11],[-6,-15],[-10,-3],[-7,20],[-15,6],[-10,23],[-3,35],[-8,22],[0,23],[5,37],[-15,73],[6,68],[9,13],[18,85],[3,47],[-9,31],[4,23],[-7,29],[-5,62],[13,61],[0,36],[6,0]],[[6333,2803],[-15,9],[-23,-61],[-38,-362],[7,-70],[13,0],[33,35],[36,227],[0,44],[-13,178]],[[6012,4688],[24,-48],[24,31],[29,8],[9,51],[-4,108]],[[6094,4838],[27,-9],[3,-45]],[[6124,4784],[38,-81],[30,-135],[-10,-82],[-24,-81],[31,-9],[17,-54],[10,-72],[-41,-82],[-109,-54],[-54,118],[-10,225],[54,0],[0,82],[-85,36],[3,81],[38,12]],[[3294,8261],[2,-17],[-6,-6],[-22,3],[11,-37],[14,-8],[27,-37],[3,-18],[-6,-26],[6,-1],[19,8],[9,-6],[22,-23],[31,-14],[-2,-8],[-18,-14],[-19,-9],[-15,-21],[-13,-2],[-8,-12],[-3,-30],[30,18],[15,26],[15,16],[15,3],[12,-19],[-5,-15],[5,-14],[13,13],[21,-22],[3,-14],[-9,-41],[13,-31],[-37,-51],[-43,-9],[-17,-40],[-16,-23],[-12,-8],[-42,-10],[-43,5],[-18,-3],[-48,4],[-14,-2],[49,488],[81,7]],[[6471,7431],[5,13],[3,26],[-4,14],[4,13],[-2,14],[-18,8],[-11,-10],[-10,12],[-12,6]],[[1244,8244],[-7,31],[1,14],[12,-7],[6,-40],[-5,-25],[-7,27]],[[1323,7990],[-6,-7],[-11,28],[-2,30],[19,-5],[8,2],[2,-17],[-2,-29],[-8,-2]],[[1328,8131],[0,-32],[-23,39],[-7,18],[0,15],[-7,28],[25,-22],[-2,-19],[4,-14],[10,-13]],[[1221,8347],[10,-12],[10,3],[5,-36],[-19,11],[0,-22],[-21,33],[8,21],[7,2]],[[1390,8030],[-6,19],[-4,28],[13,32],[-4,23],[-2,-14],[-13,-14],[-7,11],[2,30],[-13,42],[-16,-2],[-14,-12],[-1,21],[5,16],[-21,49],[-15,15],[2,11],[-8,27],[4,8],[-10,11],[-8,18],[-19,24],[-9,44],[-9,13],[-1,-27],[6,-44],[-13,7],[-11,32],[-7,-5],[-15,8],[16,-24],[0,-7],[-20,-6],[-14,12],[-24,41],[-21,8],[-16,18],[12,8],[-6,20],[-16,-9],[-21,1],[-13,8],[-2,14],[-27,-5],[-19,4],[-27,-2],[-9,3],[-12,17],[-5,17],[-14,-12],[-11,10],[-3,10],[-16,13],[-13,6]],[[1255,8519],[77,-52],[100,-308]],[[2258,7615],[-10,-25],[-39,-19]],[[2209,7571],[-25,-9],[-15,-30]],[[2169,7532],[-40,34],[-18,2]],[[2111,7568],[-61,20]],[[2050,7588],[-68,169]],[[1982,7757],[66,97]],[[7743,5266],[31,20],[29,62]],[[7803,5348],[6,-9],[20,53],[4,1],[18,-20],[9,11],[7,32],[19,-11],[4,-28],[14,-42],[1,-51],[5,-27],[12,-43],[7,-40],[19,-83],[-3,-50]],[[7945,5041],[-29,5],[-37,-42],[-28,-59]],[[7851,4945],[-9,11],[-12,29],[-9,6],[-7,-8],[-13,9],[3,50],[-2,7],[-18,3],[-9,-17],[3,-20],[-6,-34],[2,-33],[-20,-117],[-3,-44],[2,-39],[5,-15],[11,7],[5,-14],[-1,-26],[8,-14],[4,-47],[2,-33],[7,-34],[26,-18],[4,-20],[11,-23]],[[7835,4511],[-8,-23],[-1,-19],[-8,-3],[-5,22],[-6,-23],[-4,11],[1,28],[-9,11],[-1,16],[-13,-6]],[[7781,4525],[0,19],[-5,-7],[-8,15],[-1,26],[-5,20],[-5,-1],[-7,41],[-13,29],[-7,-8],[-4,32],[2,25],[11,86],[-1,1]],[[7738,4803],[1,13],[25,108],[1,10],[-13,80],[1,29],[-4,38],[-14,36],[-10,60],[13,21],[-3,39],[8,29]],[[8797,6804],[16,12],[1,-12],[-9,-17],[1,-27],[35,39],[11,18],[4,21],[10,14],[8,36],[7,20],[8,59],[-6,30],[5,16],[-2,34],[15,31],[5,-20],[14,11],[-2,17],[-8,12],[8,13],[10,-12],[1,-56],[6,-15],[8,-47],[-3,-40],[-8,-25],[-2,-27],[-12,-12],[-6,-25],[3,-48],[0,-23],[-9,-25],[-3,-48],[8,-22],[-12,-19],[-2,-28],[-14,-14],[-1,9],[6,39],[-9,-4],[-7,-20],[-10,-11],[-1,-24],[-8,-3],[-2,25],[-6,-7],[-8,-27],[-11,2],[-14,-6],[-6,19],[-9,10],[-6,-26],[11,-19],[-20,-19],[-12,-49],[-19,26],[-3,33],[10,25],[-3,10],[-8,-5],[-14,6],[-17,-18],[-6,5],[-31,-24],[-8,12],[-5,-14],[0,-21],[-17,9],[-17,2],[3,21],[12,3],[10,16],[27,65],[9,4],[1,-14],[22,13],[26,8],[11,8],[6,-24],[16,21],[1,27],[19,51],[0,38],[2,7]],[[8685,6456],[-6,15],[-4,26],[-6,18],[9,13],[10,28],[5,-8],[13,6],[10,22],[6,1],[14,-13],[0,-27],[-15,-37],[-7,17],[-6,1],[-10,-13],[-7,-40],[-6,-9]],[[8631,6334],[-5,6],[5,37],[-5,4],[-9,-37],[-5,14],[4,25],[-4,30],[11,23],[1,21],[-7,26],[-4,1],[-7,-25],[-14,41],[5,11],[18,3],[7,25],[12,0],[3,-13],[9,-8],[8,7],[3,-13],[-7,-15],[11,-30],[-7,-20],[-5,-25],[-2,-42],[-10,-24],[-6,-22]],[[8891,7099],[-4,17],[4,32],[-9,13],[-2,27],[22,30],[-4,22],[7,10],[13,-17],[6,7],[0,39],[11,14],[1,53],[-6,41],[10,19],[32,-72],[13,-23],[15,-15],[16,-8],[21,30],[-8,-34],[10,-45],[-12,-18],[-12,-5],[-11,6],[-9,-13],[-14,-42],[-4,-20],[-35,42],[-15,2],[-13,-20],[-7,22],[-13,-14],[1,-10],[14,-16],[11,-19],[-5,-7],[-11,2],[-13,-30]],[[719,8435],[-84,-53]],[[635,8382],[0,12],[-24,-10],[-8,1],[-6,20],[-11,-9],[1,-31],[-7,2],[-19,34],[-17,4],[-12,-3],[-8,-16],[-14,-4],[-8,3],[-4,41],[4,17],[-2,14],[-11,34],[-32,-24],[-13,-3],[-16,30],[-13,15],[-2,10],[8,20],[25,-15],[12,7],[-11,24],[-18,-6],[-24,23],[-13,0],[-8,36],[9,6],[1,15],[7,7],[4,22],[11,16],[15,38],[5,6],[28,-15],[9,4],[14,23],[15,8],[22,3],[4,5]],[[745,8460],[-15,-8],[-11,-17]],[[9153,3586],[-9,18],[-5,-6],[-9,18],[-8,8],[-1,17],[12,1],[16,-7],[10,8],[3,17],[12,-23],[16,14],[8,31],[8,1],[4,14],[-1,36],[11,-8],[4,11],[5,-30],[-4,-23],[-8,-15],[6,-15],[-7,-16],[-15,3],[-6,-26],[-22,-24],[-20,-4]],[[8912,3852],[43,-38],[29,-22],[18,-28],[12,-1],[7,-25],[16,-25],[10,-23],[-4,-32],[5,-15],[8,-4],[23,-26],[14,-7],[10,-45],[-23,-11],[-1,-17],[14,-50],[18,-33],[3,-28],[9,-35],[4,-4],[16,3],[-3,-25],[3,-7],[18,-12],[-7,-16],[3,-8],[20,-19],[2,-33],[-13,1],[-6,24],[-13,3],[-21,13],[-19,1],[-14,18],[-5,27],[-15,21],[-23,87],[-25,13],[-15,12],[-10,-8],[-10,14],[3,-25],[-3,-9],[-9,1],[2,-17],[-13,-2],[-20,5],[14,-14],[14,-23],[3,-13],[-21,-28],[-8,3],[-38,4]],[[5301,4837],[-17,78],[0,79],[23,121]],[[5307,5115],[33,61],[36,70],[75,0],[16,-133],[4,-137],[-10,-104],[-46,-78],[-82,-9],[-32,52]],[[7805,5638],[-6,-12],[-12,-40],[-10,-21]],[[7777,5565],[-11,-7],[-12,-17],[-5,-20],[-13,-10],[-14,2],[-6,-26],[-3,-66],[-9,-4],[9,-29],[3,-35],[16,-37],[11,-50]],[[7738,4803],[-5,6],[0,27],[5,22],[4,42],[4,16],[-7,1],[1,29],[-2,50],[-3,28],[-8,39],[-10,72],[-3,29],[-4,105],[-7,6],[-3,31],[-10,30],[-3,-1],[-1,-33],[-7,-28],[-21,-26],[-11,-35],[-3,24],[-7,-12],[-6,7],[2,20],[-19,-15],[0,16],[7,51],[2,54]],[[7623,5358],[20,0],[5,29],[-18,146],[-39,126],[-5,35],[-6,-17],[-11,10]],[[7556,5803],[65,38],[27,-6],[11,-6],[24,-200],[18,-30],[51,24],[26,28]],[[3071,14],[-12,8],[-24,-12],[3,32],[11,5],[18,-2],[6,-11],[8,0],[-7,23],[-16,12],[-7,24],[20,19],[-2,15],[-23,-9],[-4,7],[5,21],[14,17],[11,21],[5,-9],[14,-2],[11,-16],[-11,-22],[4,-8],[12,-2],[8,-24],[24,-47],[16,-20],[14,-8],[18,0],[-3,-14],[-35,-12],[-15,12],[-34,4],[-23,-6],[-6,4]],[[2940,857],[-4,13],[4,37],[-1,31],[5,24],[10,3],[5,-21],[-10,-23],[6,-25],[-4,-44],[-11,5]],[[2965,184],[-10,-3],[1,24],[20,0],[0,-26],[-6,-29],[-6,6],[1,28]],[[3080,274],[8,-41],[11,-37],[-16,-1],[-7,10],[-18,-25],[-14,-3],[-9,-10],[-5,-32],[-2,-43],[-13,-4],[-12,13],[20,54],[-8,10],[-17,-18],[-19,-5],[-1,18],[31,19],[-8,5],[-17,0],[3,30],[-10,17],[-8,-12],[-8,5],[4,24],[-9,-7],[-8,18],[6,15],[-17,26],[10,7],[10,35],[-15,-3],[-3,22],[7,13],[-9,27],[10,15],[-2,14],[-8,-15],[-2,51],[5,20],[-2,34],[22,-11],[2,14],[-11,15],[-11,-5],[-11,4],[6,36],[7,0],[3,19],[-14,17],[-15,2],[0,17],[-12,-6],[0,8],[16,21],[8,27],[11,2],[4,-18],[-12,-16],[1,-17],[13,14],[0,-27],[11,33],[3,44],[4,14],[8,7],[-8,7],[0,15],[18,24],[3,23],[-14,19],[3,35],[-1,28],[13,20],[-5,19],[-1,26],[9,11],[-1,19],[-8,10],[4,21]],[[9808,8580],[-18,-8],[-13,-30],[-21,-15],[-5,-15],[-20,-13],[-2,-19],[-11,-11],[-7,11],[-5,21],[-8,10],[-26,0],[-31,-12],[-30,-42],[-2,5],[7,43],[-12,0],[-10,-18],[-13,-11],[-2,-17],[-8,-5],[-13,30],[-10,-14],[-10,-5],[-10,-26],[6,-13],[-14,-23],[4,-6],[-19,-30],[-11,-28],[-1,-18],[12,-13],[17,1],[8,-11],[-14,-28],[-3,-10],[7,-32],[10,-3],[1,-33],[-4,-12],[-13,5],[5,24],[-11,-7]],[[9499,8181],[-147,85]],[[9355,8277],[-1,23],[20,13],[23,20],[30,43],[7,26],[33,44],[19,28],[8,24],[16,15],[26,17],[14,40],[-7,7],[10,30],[2,29],[7,6],[27,7]],[[4823,8032],[9,-77],[-10,-50],[-14,-1],[-2,-7],[-22,-5],[-22,-31],[-19,-11],[-16,-2],[-1,27],[-10,-4],[-2,17],[9,8],[-15,1],[1,7],[16,0],[4,21],[15,5],[2,9],[-14,-3],[9,35],[11,4],[-20,13],[-15,2],[1,15],[9,4],[3,18],[-13,3],[0,16],[8,15],[36,-9],[-3,11],[11,10],[2,10],[-17,0],[9,9],[5,25],[25,15],[3,7],[10,-11],[26,-11],[7,-26],[3,-31],[-7,-21],[-12,-7]],[[4841,8157],[6,-14],[-6,-8],[0,22]],[[4936,8171],[16,-27],[4,-40],[5,-17],[14,-10],[16,-38],[0,-33],[11,-15],[5,-19],[-7,-25],[9,-6],[11,15],[18,-7],[6,-12],[2,-25],[-5,-21],[-13,-16],[-9,-18],[-12,-8],[30,-7],[0,-18],[-19,-14],[-13,-14],[-15,6],[-14,-7],[-7,7],[-27,-8],[1,-10],[-14,0],[-12,11],[-15,-8],[-1,-19],[-9,-11],[-10,14],[-20,-14],[-9,-18],[-14,13],[15,15],[6,16],[12,16],[1,16],[8,14],[12,4],[21,-4],[9,34],[-12,-13],[-9,-1],[-18,16],[-23,2],[-7,12],[5,11],[21,14],[5,13],[-1,34],[-13,-1],[9,20],[10,8],[29,5],[-4,18],[4,48],[-10,-2],[-9,20],[11,32]],[[4911,8099],[12,5],[8,34],[5,33]],[[5630,5187],[11,94],[121,115],[47,-17],[24,-272],[-26,-80],[-132,-27],[-32,58],[-13,129]],[[2004,7072],[76,-4]],[[2080,7068],[24,-76],[2,-151]],[[2106,6841],[-13,-59]],[[2093,6782],[-48,15]],[[2017,6778],[-18,-23],[-21,13],[-15,30],[-15,-7],[-13,18],[0,-12]],[[1935,6797],[-14,0],[-8,50],[-17,1],[-13,26],[-7,33],[-24,8],[-5,8]],[[5301,4837],[-14,-78],[-26,-35],[-19,0],[-43,148],[-39,9],[-26,104],[9,226],[55,29],[109,-125]],[[5656,3559],[47,18],[18,102],[93,-13],[49,-250],[-20,-40],[-30,5],[-16,-40],[-20,-5],[-18,14],[-27,-49],[-20,22],[-5,-31],[-55,4]],[[5652,3296],[-6,49],[10,214]],[[3712,3822],[-22,17],[-44,-33],[-38,16],[-82,49],[-163,-82]],[[3377,3888],[0,0]],[[3377,3888],[159,168],[59,147],[4,-11],[13,-7],[2,-38],[-7,-12],[-14,-57],[-15,-26],[-10,-26],[-12,-65],[-1,-19],[12,9],[17,25],[9,-57],[7,-6],[21,3],[9,10],[-3,-42],[5,18],[23,52],[10,44],[22,10],[9,-19],[12,-8],[24,-24],[7,-29]],[[9869,1308],[9,-7],[-2,35],[7,-6],[8,-57],[28,-29],[11,-1],[20,27],[9,-6],[1,-22],[-5,-41],[-13,-4],[-2,-28],[-15,-2],[-9,-16],[4,-30],[-32,-103],[-18,-30],[-13,27],[13,73],[-13,24],[-25,27],[-5,14],[24,32],[2,17],[0,34],[6,27],[-6,28],[1,19],[-16,54],[-4,27],[-8,12],[7,-30],[-27,87],[-3,29],[-9,22],[11,3],[-1,-15],[10,-26],[4,3],[20,-22],[11,-33],[-7,-10],[12,-27],[-2,-13],[7,-23],[-9,-4],[16,-18],[3,-18]],[[9779,821],[-19,-30],[-11,5],[7,-21],[-2,-29],[-15,6],[11,-16],[-12,-64],[-16,-30],[-17,-26],[-20,8],[-8,-4],[-7,15],[-15,7],[-8,14],[-3,-10],[-10,-3],[-9,8],[0,20],[9,4],[-6,16],[10,-9],[-4,24],[12,-5],[-4,26],[22,43],[1,10],[12,19],[14,10],[20,26],[10,28],[29,35],[1,13],[9,14],[2,39],[17,21],[4,48],[6,22],[9,-7],[7,-17],[7,-34],[12,21],[10,-3],[0,-30],[5,-23],[-11,-35],[-17,-37],[-22,-38],[5,-14],[11,-11],[-10,-6],[-6,10],[-10,-10]],[[3305,7423],[-11,27],[1,22],[21,59],[10,-15],[-9,-41],[-11,-14],[-3,-15],[9,-7],[16,31],[10,-17],[-5,-17],[-14,-14],[-14,1]],[[3524,7633],[-8,-17],[-13,-8],[8,-33],[7,16],[6,-6],[1,-24],[10,-7],[-10,-53],[-15,11],[0,22],[-8,-13],[-6,8],[7,33],[-9,18],[-10,-23],[-10,-11],[-13,-29],[-11,1],[-1,12],[15,14],[14,29],[-16,6],[-4,-15],[-7,5],[0,16],[-9,0],[-7,-17],[-13,-2],[-36,11],[-30,-7],[-4,22],[18,30],[15,17],[-15,7],[8,25],[11,3],[5,9],[-9,22],[7,36],[14,45],[19,43],[15,21],[16,7],[4,-10],[-14,-13],[4,-14],[-24,-74],[-2,-27],[6,6],[12,24],[14,-10],[-11,-22],[24,-28],[9,1],[4,13],[13,0],[18,-14],[-17,-33],[10,-23],[15,9],[3,-9]],[[3139,7665],[27,15],[18,5],[11,-2],[18,-19],[4,-21],[-6,-15],[-13,-10],[-10,-15],[-18,7],[-17,-8],[18,-10],[6,-22],[16,16],[11,-8],[-8,-16],[-1,-17],[-12,-15],[16,0],[-1,-30],[9,-33],[22,-7],[-9,-9],[9,-13],[7,3],[31,-14],[12,14],[6,-17],[7,4],[6,-14],[-4,-12],[12,-6],[-29,-17],[-29,-27],[-1,9],[-13,-23],[-9,4],[-10,-9],[-13,-24],[-3,-18],[-7,-11],[-7,1],[-4,-17],[-7,3],[-6,22],[-2,-8],[-5,29],[6,26],[-6,0],[48,66],[4,-17],[24,20],[-40,3],[14,18],[3,15],[-8,-2],[-8,-17],[-25,-27],[-8,0],[-11,-12],[-25,274],[10,8]],[[7835,4511],[7,-4],[13,-40],[15,-55],[1,-46],[-2,-29],[0,-56],[4,-29],[10,-34],[10,-58],[-16,4],[-5,-5],[-20,37],[-22,34],[-16,33],[-2,32],[-5,23],[-12,27],[-1,48],[-6,35],[-7,85],[0,12]],[[8041,4192],[6,-15],[16,-8],[14,-20],[9,2],[-6,18],[13,80],[7,9],[31,21],[6,11],[6,34],[7,11],[11,37],[7,14],[10,-34],[20,23],[-5,42],[11,0],[1,17],[-6,12],[3,14],[12,1],[1,20],[16,45],[7,40],[8,-19],[4,14],[4,-16],[9,-16],[1,-11],[-5,-34],[14,9],[-3,-24],[17,4],[19,-34],[-10,-19],[-16,2],[-3,-19],[11,-23],[-8,-17],[-15,-12]],[[1739,7358],[35,-6]],[[1725,6771],[-3,-15],[-9,45],[-29,54],[-3,26],[3,40],[-6,40],[-10,44],[-7,18],[-8,32],[0,19],[8,18],[-2,42],[-6,5],[3,20],[-12,46],[-13,34],[-17,10],[-3,76],[35,24],[37,7],[11,12],[28,0],[17,-10]],[[6012,4688],[-14,457],[4,100],[54,9]],[[6056,5254],[0,-91],[21,-45],[23,-18]],[[6100,5100],[-6,-262]],[[7996,5639],[-13,-20],[-1,-23],[-16,2],[-1,-20],[-11,-39],[-11,-16],[-4,-14],[-8,-63],[23,-61],[2,-34],[19,-44],[19,-50],[8,-2],[4,-12],[7,-53],[8,-20],[8,-68],[7,-93],[-7,-31],[0,-63],[-10,-36],[-15,-13],[-14,-33],[-11,-13],[-12,17]],[[7967,4837],[15,131],[3,17],[0,49]],[[7985,5034],[1,13],[-6,33],[0,22],[4,61],[-3,33],[-7,16],[0,37],[-13,23],[-13,48],[-21,70],[-16,47],[-26,44],[3,28],[10,1],[10,19],[0,17],[-16,55],[-8,-3],[-7,-16],[-9,4],[-8,15],[-8,53],[-15,39],[-5,25]],[[2455,6892],[-5,60],[-12,59],[-16,19]],[[2422,7030],[0,0]],[[2422,7030],[21,39]],[[2443,7069],[20,49]],[[2463,7118],[-3,47]],[[2460,7165],[-28,38]],[[2432,7203],[17,32],[19,60]],[[2468,7295],[36,-93],[28,20],[29,-9],[0,-46],[7,-32],[5,-10]],[[2573,7125],[-11,-95]],[[2562,7030],[-1,-145]],[[2561,6885],[-7,-62],[-11,-11],[2,-22]],[[2545,6790],[-13,4],[-7,-14],[-48,16]],[[2477,6796],[8,57]],[[2485,6853],[-30,39]],[[8622,7173],[-17,-31],[-5,-15],[0,-28],[-4,-44],[-9,-4],[-20,-41],[-21,-15],[-7,-18],[-4,-29],[3,-11],[24,-48],[3,15],[8,-38],[19,-63],[4,-42],[-3,-48],[6,-4],[-4,-37],[-9,-27],[-15,4],[-6,-10],[2,-14],[-12,11],[-10,-28],[-4,18],[-4,-8],[4,-12],[-10,-5],[5,17],[-9,-11],[-3,-14],[-3,13],[-5,-21],[-9,21],[2,42],[3,36],[9,19],[-7,17],[-1,44],[-6,4],[6,20],[7,0],[3,15],[-9,31],[-9,6],[-8,-18],[-5,20],[-5,4],[-8,-26],[-5,21],[-9,12],[-2,15],[6,24],[10,7],[-7,19],[8,40],[-11,19],[-10,-6],[-12,22]],[[8516,6506],[-12,3],[4,14],[13,7],[4,-7],[-9,-17]],[[8520,6583],[0,0]],[[8531,6593],[0,0]],[[8549,6598],[0,0]],[[8504,6589],[0,0]],[[8549,6605],[0,0]],[[8498,6611],[0,0]],[[8499,6621],[0,0]],[[8557,6624],[0,0]],[[8500,6626],[0,0]],[[8554,6622],[0,0]],[[8575,6621],[-6,7],[5,7],[1,-14]],[[8502,6640],[0,0]],[[8511,6740],[0,0]],[[8504,6771],[0,0]],[[8635,6817],[0,0]],[[8462,6851],[0,0]],[[5652,3296],[-13,-35],[-133,-23],[-21,218],[11,58],[96,49],[64,-4]],[[9495,8174],[-10,-43],[4,-22],[10,-18],[-12,-23],[-25,2],[-7,-6],[-13,-21],[-7,-17],[0,-20],[6,-25],[-16,-9],[-24,-22],[-2,-46],[-14,-39],[-33,-53],[-10,71],[0,26],[-9,38],[-9,75],[0,19],[-6,63],[-1,27],[5,73],[2,7],[24,43]],[[2477,6797],[-14,-42],[-14,-65],[-22,-50],[-6,-29]],[[2421,6611],[-38,-3],[-20,1],[-14,8],[2,-51]],[[2351,6566],[0,0]],[[2351,6566],[-3,80],[-15,5],[-21,-24],[-21,1]],[[2291,6628],[3,51],[18,82],[5,41],[-13,71]],[[2304,6873],[-3,6]],[[2301,6879],[12,15],[27,14],[23,8],[12,0]],[[2375,6916],[80,-24]],[[2485,6853],[-8,-56]],[[2219,6345],[-5,6]],[[2214,6351],[-86,93],[-7,29],[-5,106]],[[2116,6579],[-15,49],[5,37]],[[2106,6665],[24,39]],[[2130,6704],[45,126]],[[2175,6830],[12,-124],[20,-87],[24,-60]],[[2231,6559],[6,-126],[30,-63],[25,-20]],[[2292,6350],[1,-11],[-9,-55],[-18,-38]],[[2266,6246],[-47,99]],[[7803,5348],[0,37],[8,66],[-4,47],[-16,-8],[-3,17],[1,41],[-12,17]],[[7985,5034],[-40,7]],[[2187,7089],[15,-9]],[[2202,7080],[14,-40],[10,-49],[9,-77]],[[2235,6914],[-1,-17],[-17,-11],[-42,-56]],[[2175,6830],[-33,-92],[0,90]],[[2142,6828],[-36,13]],[[2041,7161],[-9,118]],[[2032,7279],[24,-30]],[[2056,7249],[15,-30],[17,-49],[18,-20]],[[2106,7150],[27,-27],[54,-34]],[[2096,7379],[-16,-47],[-9,-50],[-15,-33]],[[2032,7279],[-9,18]],[[2019,7298],[-12,5],[-36,33],[-35,19],[-18,23],[-17,33],[38,94]],[[1939,7505],[66,30],[42,53],[3,0]],[[2050,7588],[61,-20],[-15,-37]],[[2096,7531],[-4,-71],[9,-71],[-5,-10]],[[2022,6504],[6,4],[11,53],[22,59],[10,36],[2,42]],[[2073,6698],[32,-35],[1,2]],[[2106,6665],[-5,-37],[15,-49]],[[2116,6579],[5,-106],[7,-29],[86,-93]],[[2214,6351],[-27,-107]],[[2187,6244],[-13,10],[-28,-4],[-6,-30],[-22,-8],[-13,28],[-16,71],[-39,85],[-7,2],[-13,49]],[[8343,5128],[-11,28],[-6,42],[1,37],[-1,28],[12,-23],[3,27],[-2,34],[2,15],[2,71],[5,29],[13,7],[15,-17],[8,-2],[5,13],[3,-18],[-3,-14],[1,-42],[9,-24],[-9,-58],[-18,-30],[-5,-45],[6,-32],[8,-57],[10,-14],[8,29],[8,-3],[5,-28],[7,-14],[7,19],[10,-14],[-9,-18],[12,-40],[-4,-6],[-13,9],[-4,27],[-16,37],[-5,-8],[5,-26],[-3,-9],[-9,26],[-12,18],[-17,-18],[-12,19],[-2,15],[8,20],[8,-10],[5,6],[-22,35],[-3,-21]],[[8363,4957],[-10,25],[-5,45],[-6,17],[19,2],[8,-21],[-1,-44],[-5,-24]],[[8480,4877],[-13,27],[1,26],[-15,27],[-2,16],[19,8],[8,-18],[3,-53],[3,-27],[-4,-6]],[[8385,4829],[3,95],[13,-22],[13,5],[-1,-28],[-17,-37],[-11,-13]],[[8301,4796],[-5,1],[12,44],[2,37],[4,-10],[6,-37],[-19,-35]],[[8414,4724],[-15,32],[-1,25],[10,16],[6,60],[8,6],[2,-14],[-5,-38],[-4,-46],[5,-26],[-6,-15]],[[8257,4680],[-4,2],[11,42],[15,29],[12,36],[0,-33],[-15,-27],[-3,-20],[-11,-15],[-5,-14]],[[8500,4545],[-8,42],[-4,4],[-9,-47],[7,-49],[-7,-33],[-6,17],[2,25],[-5,2],[-4,-22],[-16,22],[-7,19],[-3,38],[6,30],[-8,29],[-9,10],[-13,-23],[-8,-2],[-2,24],[-5,-6],[-13,-61],[-4,24],[7,43],[8,15],[10,6],[1,15],[10,13],[9,4],[5,-36],[10,7],[10,34],[8,-10],[2,36],[7,-15],[7,21],[6,4],[-3,42],[2,12],[14,-45],[4,-27],[-4,-24],[10,-4],[0,-51],[3,-15],[-2,-29],[-8,-39]],[[9026,1655],[29,43],[19,18],[17,8],[40,0],[25,-26],[13,-52],[-7,-79],[-5,-21],[-16,-12],[-18,-7],[-9,-25],[0,-48],[-4,-55],[-29,-3],[-21,3],[-18,12],[-10,14],[-2,34],[-10,47],[-3,32],[1,23],[11,24],[-16,27],[-8,24],[18,-1],[3,20]],[[2725,6811],[-38,-51]],[[2687,6760],[-55,-73],[-40,-43],[-28,51],[-8,80],[-11,15]],[[2561,6885],[7,24],[41,37],[38,3],[45,-21],[28,-46],[6,-58],[-1,-13]],[[2736,6322],[2,-48],[11,-60],[12,-52],[4,-58],[10,-63],[1,-27],[-4,-60],[-4,-14],[1,-22],[-22,-9],[-1,19],[-7,35],[-10,5],[-4,38],[-5,8],[-2,23],[-5,-3],[-12,52],[8,15],[-1,14],[-6,-13],[-3,7],[5,79],[-4,15],[-9,9],[-21,60],[-12,3],[-13,-22],[-15,-10],[-5,28],[-6,12],[-10,2],[-9,18],[-19,-8],[-9,6],[-4,65],[49,9],[70,-6],[57,16],[-8,-63]],[[2338,7337],[-2,9]],[[2336,7346],[-37,53],[1,41],[19,55],[1,15],[-9,23]],[[2468,7295],[0,0]],[[2432,7203],[0,0]],[[2432,7203],[-19,6],[-25,-10]],[[2388,7199],[1,46],[-19,39],[2,31],[-34,22]],[[2235,6914],[25,5],[23,-4]],[[2283,6915],[21,-42]],[[2291,6628],[-40,8],[-14,-16],[-6,-61]],[[8629,2034],[17,-43],[23,-26],[14,0],[18,6],[10,-17],[13,-10],[17,-24],[11,-32],[8,-11],[15,0],[13,6],[16,-39],[14,-24],[7,-36],[0,-19],[-18,-38],[-8,-9],[-17,-9],[-9,21],[-25,38],[-48,43],[-38,9],[-23,19],[-20,27],[-9,20],[-5,62],[1,28],[23,58]],[[2169,7532],[9,-24],[9,-35],[7,-59],[-4,-62],[33,6]],[[2223,7358],[4,-20],[-1,-14]],[[2226,7324],[-17,-13]],[[2209,7311],[-13,-20],[2,-82],[-5,-26],[-12,-16],[-3,-15],[5,-21]],[[2183,7131],[4,-42],[-54,34],[-27,27],[19,47]],[[2125,7197],[15,28],[2,21],[18,66],[-2,23],[-13,31],[-12,22],[-14,8],[-18,-7],[-9,71],[4,71]],[[2096,7531],[15,37]],[[8370,2437],[1,-11],[23,-19],[9,-1],[6,32],[11,44],[13,-3],[8,-16],[5,-22],[0,-30],[8,4],[23,24],[5,12],[17,0],[16,-40],[13,-70],[27,-60],[-52,-8],[-15,-31],[-10,13],[-27,15],[-25,-56],[-11,-30],[-28,66],[-21,57],[-7,24],[5,28],[-1,70],[7,8]],[[7214,4906],[3,-85],[-1,-8],[-16,-4],[-8,-52],[6,-16],[-23,-20],[-5,-37],[-7,-18],[-11,-17],[-4,2],[-18,48],[-5,31],[-4,46],[-9,59],[-11,64],[-13,50],[-12,105]],[[8544,2536],[42,-30],[9,9],[9,-2],[18,-13],[9,-13],[3,-24],[-5,-32],[0,-19],[5,-21],[13,-10],[-4,-52],[-7,-68],[-12,-36],[-32,28],[-11,5],[-30,29],[-22,39],[-15,70],[-10,30],[1,19],[12,20],[11,42],[8,6],[8,23]],[[1849,7400],[23,97],[-23,77],[-18,151],[96,42],[27,-51]],[[1954,7716],[-25,-36],[10,-86],[0,-89]],[[7967,4837],[-4,-9],[1,-29],[-7,-37],[-7,-1],[-8,-26],[-12,-12],[-8,-28],[-13,-11],[2,72],[4,37],[-6,15],[-9,8],[-7,17],[-18,0],[4,18],[-4,21],[-14,-11],[-2,34],[-8,50]],[[5748,2682],[20,49],[69,-40],[15,-111],[-22,-147],[-84,9],[-17,93],[19,147]],[[8974,3155],[0,0]],[[9061,2663],[0,0]],[[9072,2639],[0,0]],[[9095,2610],[0,0]],[[9250,2054],[0,0]],[[9226,1635],[-11,-9],[4,12],[7,-3]],[[9200,1537],[-8,-26],[1,16],[7,10]],[[9189,1485],[0,0]],[[9188,1471],[0,0]],[[9187,1460],[0,0]],[[9165,1326],[0,0]],[[9158,1273],[-6,-10],[-34,-7],[-7,-5],[-25,-42],[0,7],[17,38],[16,11],[39,8]],[[9077,1196],[0,0]],[[9018,1251],[0,0]],[[9008,1216],[-27,-30],[-18,22],[-22,18],[-10,-7],[-9,5],[-16,22],[8,7],[12,-26],[10,3],[22,-7],[17,-18],[2,-10],[15,2],[13,28],[10,5],[-7,-14]],[[8888,1284],[0,0]],[[8854,1421],[-12,-6],[-4,8],[16,7],[0,-9]],[[8838,1515],[-3,11],[-5,-20],[4,33],[4,-24]],[[8824,1454],[0,0]],[[8803,1558],[7,12],[10,44],[6,12]],[[8826,1626],[-9,-23],[-10,-47],[-4,2]],[[8769,1464],[0,0]],[[8730,1604],[0,0]],[[8456,1630],[8,4],[21,25],[15,21],[19,-2],[17,2],[30,24],[14,17],[33,10],[19,-3],[7,5]],[[8639,1733],[9,-9]],[[8648,1724],[-14,-4],[-46,-5],[-16,-12],[-13,-14],[-25,-17],[-33,-4],[-12,-10],[-22,-28],[-17,-14],[6,14]],[[8421,1550],[8,3]],[[8429,1553],[-8,-3]],[[8319,1528],[-1,-5],[-11,31],[12,-26]],[[8314,1510],[0,0]],[[8264,1460],[-27,5],[-17,19],[22,-19],[22,-5]],[[8195,1788],[-4,49],[6,-47],[10,-57],[-12,55]],[[8178,1947],[0,0]],[[8175,1959],[-10,33],[1,30],[-11,55],[-13,34],[-2,22],[12,-42],[6,-9],[6,-34],[4,-52],[7,-37]],[[8155,2202],[-5,23],[-2,31],[7,-47],[10,-40],[-10,33]],[[8158,2362],[0,0]],[[8185,2440],[12,-33],[-6,-1],[-7,15],[1,19]],[[8375,2674],[0,0]],[[8394,2718],[0,0]],[[8394,2728],[0,0]],[[8391,2759],[0,0]],[[8403,2811],[0,0]],[[8409,2836],[0,0]],[[8430,2797],[0,0]],[[8742,3169],[0,0]],[[8769,2992],[0,0]],[[8912,2774],[0,0]],[[8929,2970],[0,0]],[[8932,3089],[0,0]],[[9246,2033],[0,0]],[[9233,2011],[9,2],[-6,-17],[-18,-5],[-5,-20],[-10,35],[5,0]],[[9208,2006],[25,5]],[[8248,1838],[27,-40]],[[8275,1798],[-9,5],[-13,17],[-8,22],[-12,-103],[9,-10],[0,-38],[22,-19],[-26,17],[3,36],[-9,20],[12,98],[4,-5]],[[8236,1877],[0,0]],[[8202,2407],[0,0]],[[8290,1965],[20,-18]],[[8310,1947],[-14,7]],[[8296,1954],[-6,11]],[[8279,1792],[0,0]],[[8360,1793],[1,-14],[-8,21]],[[8353,1800],[-6,43],[-14,54]],[[8333,1897],[-14,38]],[[8319,1935],[5,-15]],[[8324,1920],[15,-29]],[[8339,1891],[12,-33],[9,-65]],[[8679,3116],[-8,-33],[-12,16],[-6,-20],[-16,22],[7,5],[19,-8],[9,19],[7,-1]],[[8960,3094],[0,0]],[[8983,2965],[0,0]],[[8941,2958],[0,0]],[[8936,2937],[0,0]],[[8268,1549],[0,0]],[[8262,1578],[0,0]],[[8748,3003],[2,-10],[-5,-15],[-29,53],[-5,18],[0,57],[9,-8],[0,-20],[11,-9],[3,-35],[9,-1],[5,-30]],[[8278,1628],[0,0]],[[8293,1605],[0,0]],[[8342,1630],[1,13]],[[8343,1643],[1,0]],[[8344,1643],[1,-8]],[[8345,1635],[-2,-9]],[[8343,1626],[-5,-6]],[[8338,1620],[4,10]],[[8647,2816],[10,26],[-20,-77],[0,11],[10,40]],[[8667,2862],[7,18],[3,-15],[-13,-18],[3,15]],[[8426,1779],[5,-2]],[[8431,1777],[0,2]],[[8431,1779],[24,-2]],[[8455,1777],[-5,-6]],[[8450,1771],[-24,3]],[[8426,1774],[-3,3]],[[8423,1777],[3,2]],[[8289,2262],[-18,17],[-3,8]],[[8268,2287],[6,0],[17,30],[8,3],[-10,-58]],[[8945,3107],[0,0]],[[8943,3093],[0,0]],[[8943,3085],[0,0]],[[8947,3114],[0,0]],[[8679,2954],[-5,-3],[-7,30],[11,5],[9,-9],[11,-17],[-7,-10],[-12,4]],[[8915,1349],[1,-10]],[[8916,1339],[2,-17],[10,-38],[-11,-7],[-19,26],[-5,23],[12,0],[10,23]],[[8970,1379],[0,0]],[[8978,1341],[-11,4],[0,17],[8,-5],[3,-16]],[[8843,2247],[-8,-10]],[[8835,2237],[-34,-10],[-16,-15]],[[8785,2212],[-4,55]],[[8781,2267],[0,74]],[[8781,2341],[-1,13],[11,5]],[[8791,2359],[11,35],[2,-23],[6,-33],[22,-23],[10,-1],[0,-18]],[[8842,2296],[1,-49]],[[9150,2121],[-11,9],[13,-1],[-2,-8]],[[9121,2098],[6,-62],[-1,1]],[[9126,2037],[-5,61]],[[9067,2068],[-2,-11],[-13,-22],[-3,-9],[-15,13],[-4,67],[6,5]],[[9036,2111],[6,2]],[[9042,2113],[1,-53],[25,10]],[[9068,2070],[-1,-2]],[[9152,1997],[-19,-12],[-11,0],[0,-9]],[[9122,1976],[-12,36],[-7,-6],[-2,11]],[[9101,2017],[24,-8]],[[9125,2009],[10,9],[3,-23],[7,2],[4,13],[3,-13]],[[8645,1832],[1,-5]],[[8646,1827],[-7,-27]],[[8639,1800],[0,-9],[-65,31]],[[8574,1822],[-43,-2]],[[8531,1820],[28,18],[8,0]],[[8567,1838],[1,0]],[[8568,1838],[24,3],[23,-2],[30,-7]],[[8443,2819],[0,0]],[[8915,1257],[0,0]],[[8915,1258],[0,0]],[[8921,1254],[0,0]],[[8922,1253],[0,0]],[[8623,3072],[26,-9],[-3,-5],[-15,6],[-8,8]],[[8618,3068],[0,0]],[[8267,1590],[0,0]],[[8880,2734],[0,0]],[[8920,2769],[0,0]],[[8689,3112],[0,0]],[[8689,3157],[5,14],[9,-33],[-1,-24],[-12,6],[3,21],[-4,16]],[[8705,3111],[0,0]],[[8708,3106],[0,0]],[[8289,2262],[18,-12],[19,-32],[-3,-15],[-13,-15],[-7,-20],[-2,-25],[-18,-78],[-13,-15],[-5,-16],[-23,-36],[-25,-47],[-18,9],[-8,38],[-1,58],[-6,52],[2,5],[0,50],[20,5],[10,7],[0,19],[9,39],[10,19],[10,2],[4,31],[10,6],[9,-4]],[[8781,2267],[4,-58],[0,-77],[-3,-44],[0,-36],[-8,-11],[-15,1],[-8,25],[-25,56],[-11,18],[-15,42],[-3,31],[-7,35],[-10,18],[-13,47],[0,36],[16,29],[17,-10],[30,-7],[50,-2],[1,-19]],[[2805,7197],[24,-15]],[[2829,7182],[-18,-128],[28,-54],[-2,-23],[-12,-39],[-24,-36],[-21,134],[-23,19],[-62,-7],[-36,9],[-25,-5]],[[2634,7052],[2,21],[-10,55]],[[2626,7128],[47,71],[39,31]],[[2712,7230],[-21,-74],[-8,-14],[-1,-14],[24,-19],[25,0],[14,24],[30,31],[30,33]],[[2421,6611],[20,-55],[14,-70]],[[2455,6486],[0,-75],[-19,-11],[-11,-13],[-1,-27],[7,-29],[0,-20]],[[2431,6311],[-18,-6],[-10,7],[-34,12]],[[2369,6324],[-21,34],[-3,33]],[[2345,6391],[1,25],[9,20]],[[2355,6436],[19,17],[-13,68],[-11,13]],[[2350,6534],[1,32]],[[8583,2731],[7,-23],[17,0],[24,10],[6,6],[30,-62],[11,-46],[2,-19],[9,-28],[7,-74],[0,-35],[-5,-21],[-23,-3],[-6,-21],[0,-19],[10,-35],[-21,1],[-21,16],[-11,33],[-9,49],[4,35],[7,15],[3,33],[-17,45],[-17,20],[-15,28],[11,28],[0,54],[-3,13]],[[6100,5100],[21,56]],[[6121,5156],[10,1],[28,-76],[9,-2],[8,-29],[1,-21],[7,-7],[19,-48],[4,-25],[-18,-23],[-4,-20],[-61,-122]],[[1935,6797],[-4,-69],[-14,-17],[-6,-40],[-16,41],[-22,26],[-19,-17],[-4,-25],[-17,30],[-6,-12],[-15,10],[3,-28],[-8,-18],[-28,67]],[[2250,7188],[21,-13],[9,-20],[10,-2],[10,-48],[13,-12],[-10,-80]],[[2303,7013],[-15,-59],[-5,-39]],[[2202,7080],[-15,9]],[[2187,7089],[-4,42]],[[2183,7131],[-5,21],[3,15],[12,16],[5,26],[29,-6]],[[2227,7203],[23,-15]],[[2187,7089],[0,0]],[[2187,7089],[0,0]],[[2350,6534],[-21,-21]],[[2329,6513],[-19,-71]],[[2310,6442],[-3,-31],[-15,-61]],[[2351,6566],[-1,-32]],[[478,8121],[-5,-15],[-8,17],[5,7],[8,-9]],[[545,8152],[-20,0],[-13,-6],[-18,-26],[-9,1],[-1,18],[10,8],[11,21],[14,7],[27,-16],[-1,-7]],[[361,8016],[-4,16],[10,5],[11,-11],[-7,-21],[-8,-8],[-2,19]],[[441,8103],[11,12],[10,-11],[4,-13],[-10,-8],[-14,2],[-13,-24],[-13,14],[13,23],[12,5]],[[868,8529],[-3,-10],[14,-10],[1,-23],[-5,-14],[-23,9],[-7,-3],[-12,-20],[-14,-8],[-24,-29],[-14,-4],[3,14],[9,14],[-1,12],[-8,19]],[[717,8304],[13,-15],[8,16],[1,12],[20,-3],[8,-18],[-22,-8],[-9,-27],[-10,-8],[-20,15],[0,16],[11,20]],[[337,7987],[-14,-7],[-5,11],[9,15],[10,-19]],[[719,8435],[-5,-21],[23,-18],[-6,-17],[-15,-16],[-12,-26],[-26,-13],[-9,-14],[-21,-23],[5,-22],[-14,-14],[-21,-10],[-22,-24],[-5,-19],[-10,-15],[-30,-13],[-12,11],[4,18],[9,9],[10,19],[14,14],[18,-2],[-1,24],[27,39],[3,49],[9,16],[3,15]],[[8431,1779],[-4,60],[-19,86],[-2,21],[18,28],[30,57],[6,-7],[13,-32],[24,-38],[20,-24],[8,4],[12,23],[14,-40],[13,-33],[4,-21],[-1,-25]],[[8531,1820],[-22,-1]],[[8509,1819],[-32,-19]],[[8477,1800],[-22,-23]],[[2209,7571],[39,19],[10,25]],[[2274,7565],[27,-32],[10,0],[9,-23],[-1,-15],[-19,-55],[-1,-41],[37,-53]],[[2336,7346],[2,-9]],[[2338,7337],[-41,-8],[-65,9]],[[2232,7338],[-5,0],[-4,20]],[[2223,7358],[-7,115],[-7,98]],[[4686,4838],[37,74],[52,12],[33,-49],[0,-87],[-28,-99],[-57,0],[-28,62],[-9,87]],[[8450,1771],[27,29]],[[8509,1819],[65,3]],[[8574,1822],[71,-34]],[[8645,1788],[2,-13],[-6,-35]],[[8641,1740],[-2,-7]],[[8456,1630],[-6,141]],[[9042,2113],[-6,18],[-12,-4],[-8,21],[7,64],[5,14],[2,38],[10,51],[12,-16],[54,-12],[10,-6],[15,-30],[3,-26],[-1,-45],[3,-31],[-8,4],[-9,-13],[1,-14],[-6,-39],[-3,-3],[-30,1],[-13,-15]],[[6402,5321],[31,-130]],[[6433,5191],[-8,-10],[-29,-21],[-26,-24],[-11,-31],[-11,-12],[-14,0],[-19,-28],[-13,-14]],[[6286,5096],[9,98],[33,74],[74,53]],[[8968,7988],[7,-36],[0,-25],[-5,-41],[0,-25],[3,-26],[8,-28],[8,-48],[11,-53],[14,-56],[-26,35],[-12,2],[-9,-9],[-6,-35],[-4,-56],[4,-32],[10,-38],[7,-6],[6,-22],[-4,-41],[-9,42],[-10,10],[-8,-11],[-12,-48],[-6,16],[-2,31],[8,38],[-5,30],[9,35],[-2,24],[-7,39],[5,10],[4,30],[1,70],[2,43],[-4,40],[-10,28],[-2,30],[6,30],[-1,48],[12,2],[13,18],[6,-15]],[[9060,7262],[0,0]],[[9079,7290],[0,0]],[[9064,7331],[5,-5],[-12,-9],[-8,-23],[-11,-7],[10,17],[9,30],[7,-3]],[[9126,7396],[-17,-22],[-9,-3],[-11,-30],[-11,-11],[9,21],[-1,7],[21,32],[12,3],[11,19],[2,-15],[-6,-1]],[[9157,7420],[-6,-2],[6,18],[18,27],[5,-2],[-9,-19],[-14,-22]],[[9190,7480],[0,0]],[[9187,7499],[0,0]],[[9233,7549],[0,0]],[[9251,7581],[0,0]],[[9254,7604],[0,0]],[[9280,7661],[0,0]],[[9277,7665],[0,0]],[[9293,7676],[0,0]],[[9298,7710],[4,4],[-5,-26],[1,22]],[[9289,7730],[0,0]],[[9228,7528],[0,0]],[[9318,7751],[-7,-5],[1,18],[10,6],[8,23],[6,4],[1,-16],[-10,-25],[-9,-5]],[[9337,7796],[9,8],[-2,-16],[-7,8]],[[9317,7807],[0,0]],[[4791,6799],[-9,-13],[-23,7],[-9,-10],[4,40],[0,71],[-11,-6],[-1,15],[9,9],[-3,13],[-3,-13],[-10,-4],[3,40],[8,31],[12,99],[-6,57],[3,9]],[[6402,5321],[96,190]],[[6498,5511],[40,-141]],[[6538,5370],[-5,-49],[-8,-13],[-23,4],[-33,-30],[-7,-9],[-12,-29],[-2,-30],[-15,-23]],[[2626,7128],[-20,55]],[[2606,7183],[1,42],[-8,45],[2,37],[6,42],[15,31],[-1,-19],[8,0],[4,36],[7,7],[-1,17],[8,12],[16,-21],[19,-18],[5,-18],[-4,-53],[-11,-23],[-2,-23],[8,-10],[13,32],[10,-2],[11,-67]],[[8296,1954],[20,-15],[17,-42]],[[8353,1800],[13,-35]],[[8366,1765],[-7,-10]],[[8359,1755],[-7,-11]],[[8352,1744],[-8,-18]],[[8344,1726],[-7,-18]],[[8337,1708],[-7,-21]],[[8330,1687],[-29,47],[-14,35],[-8,23]],[[8279,1792],[-4,6]],[[8248,1838],[-5,7],[-7,32]],[[8236,1877],[-6,28],[22,23],[22,41],[9,3],[13,-18]],[[2717,5706],[14,10],[-10,14],[-23,-4],[-15,-31],[-12,-1],[-10,-28],[-14,-4],[9,21],[-2,20],[5,15],[16,21],[20,15],[25,8],[18,0],[19,-8],[27,-19],[12,-27],[32,-20],[19,-27],[4,-18],[49,-37],[-2,-24],[17,1],[6,-6],[18,-32],[-15,-5],[-22,-15],[-24,8],[-30,-11],[-6,2],[14,34],[2,13],[-5,12],[-24,9],[-8,11],[-2,25],[-6,22],[-18,0],[-10,5],[-29,31],[-22,5],[-17,15]],[[2853,5370],[-13,9],[-16,31],[15,12],[17,-9],[21,-20],[-1,-18],[-10,9],[-13,-14]],[[9174,1961],[11,3],[8,-27],[0,-69],[0,-68],[9,-35],[3,-38],[-31,-19],[-18,-17],[-18,16],[5,48],[-7,14],[-1,15],[-7,18],[-5,-2],[-12,45],[-10,-6],[-17,3],[-7,12],[5,27],[8,15],[5,22],[26,12],[35,6],[18,25]],[[2237,7299],[-12,16]],[[2225,7315],[2,23],[5,0]],[[2338,7337],[0,0]],[[2388,7199],[-2,-15],[-16,-25]],[[2370,7159],[-30,-9]],[[2340,7150],[-10,-2]],[[2330,7148],[-6,39],[-26,32],[-20,-14],[-41,94]],[[5569,5272],[29,9],[22,-94],[13,-115],[-5,-41],[-75,-44],[-16,58],[12,115],[20,112]],[[3023,1316],[4,0],[20,54],[26,150],[0,99]],[[2955,985],[-2,16]],[[2953,1001],[2,-16]],[[2948,1025],[-1,24],[4,43],[16,50],[-1,11]],[[2966,1153],[-6,58],[1,39]],[[2961,1250],[-1,15]],[[2960,1265],[1,-15]],[[2960,1211],[6,-58]],[[2947,1049],[1,-24]],[[2953,1295],[0,9]],[[3011,1584],[-4,28]],[[3016,1652],[-1,8]],[[3015,1660],[-2,27]],[[3013,1687],[0,0]],[[3013,1687],[2,-27]],[[3015,1660],[1,-8]],[[3016,1652],[-9,-40],[2,-15]],[[3011,1584],[-10,-50],[-6,-52],[-13,-51],[-14,-111],[-6,-12],[-6,3],[-3,-16]],[[5813,9209],[12,-16],[28,4],[17,-6]],[[2962,7280],[-10,-36]],[[2952,7244],[-25,-44],[-13,-15],[-8,-28],[-18,9],[-35,4],[-24,12]],[[2805,7197],[7,11],[-6,35],[26,10],[14,-11],[17,2],[21,28],[-3,17],[6,12],[-8,4],[44,70],[49,0],[-10,-95]],[[4911,8099],[-11,6],[-15,-12],[-9,7],[-4,-13],[-14,8],[1,11],[12,36],[-8,17],[8,18],[-2,17],[-12,-18],[-12,-10],[-2,14],[10,44],[-8,8],[-7,-19],[-6,6],[11,39],[-3,19],[8,9],[-9,17],[6,12],[14,-2],[-8,25],[12,6],[-6,16],[6,13],[11,-12],[19,8],[19,1],[0,-18],[-28,-33],[0,-21],[36,0],[20,2],[5,-13],[-5,-28],[-15,-40],[-13,-10],[12,-12],[-16,-15],[-17,1],[5,-8],[16,-2],[11,8],[13,-10]],[[8375,2674],[27,-13],[18,-13],[12,-40],[6,-27],[1,-52],[-26,-81],[-9,-49],[-11,3],[-21,16],[-8,22],[-2,49],[-4,23],[-19,34],[-9,32],[27,30],[9,22],[9,44]],[[1954,7716],[28,41]],[[2340,7150],[30,9]],[[2432,7203],[28,-38]],[[2463,7118],[-20,-49]],[[2422,7030],[-25,-12],[-37,37]],[[2360,7055],[-17,20],[-13,0],[-10,11],[-3,25],[10,36],[3,1]],[[5033,5209],[52,-42],[2,-132],[-18,-42],[-43,-12],[-8,46],[-30,74],[9,84]],[[2477,6797],[0,-1]],[[2477,6796],[48,-16],[-16,-56],[-6,-44],[2,-42],[-18,-81],[-7,-36],[-1,-34],[-24,-1]],[[5109,4542],[-13,-14],[-24,-3],[-5,199],[11,84],[34,6],[16,-33],[20,-80]],[[5148,4701],[-39,-159]],[[6498,5511],[83,67],[34,90]],[[6615,5668],[17,-67]],[[6632,5601],[-7,-39],[-16,-1],[-4,-17],[-1,-63],[2,-21],[-18,-7],[-13,-18],[-5,-35],[-8,-18],[-19,-3],[-5,-9]],[[2350,6534],[11,-13],[13,-68],[-19,-17]],[[2355,6436],[-9,-20],[-1,-25]],[[2345,6391],[3,-33]],[[2348,6358],[-21,-4],[7,-24],[5,-62],[-1,-26]],[[2338,6242],[-44,-59],[-4,-11]],[[2290,6172],[-24,74]],[[2310,6442],[19,71]],[[2329,6513],[21,21]],[[2350,6534],[0,0]],[[4922,4981],[21,66],[33,-1],[21,-77],[-11,-155],[-30,-30],[-31,18],[-3,179]],[[5032,4506],[-6,-24],[-24,-8],[-11,-13],[-5,36],[-34,0],[-16,18],[-5,60],[16,66],[32,42],[20,12],[16,-30],[17,-159]],[[8327,2336],[13,-3],[20,9],[22,-73],[14,-24],[18,-53],[0,-52],[-12,1],[-16,-6],[-4,-13],[-21,-16],[-38,36],[-12,14],[-9,0],[5,27],[14,23],[7,31],[1,21],[-2,36],[-5,39],[5,3]],[[8670,2630],[23,8],[14,11],[7,19],[-10,30],[3,31],[14,-8],[-5,12],[12,3],[28,-7],[25,-43],[7,-15],[-18,-88],[-19,-8],[-29,-53],[-6,-7],[-20,-1],[-10,39],[-16,77]],[[8648,1724],[-7,16]],[[8645,1788],[-6,12]],[[8646,1827],[5,7],[28,-6],[7,-8],[23,-10],[36,-34],[20,-26],[16,-34],[-14,-13],[-22,-35],[-16,-33],[-1,10],[-11,30],[-20,0],[-12,18],[-9,-5],[-10,7],[-18,29]],[[2125,7197],[-19,-47]],[[2096,7379],[9,12],[14,5],[14,-8],[12,-22],[13,-31],[2,-23],[-18,-66],[-2,-21],[-15,-28]],[[5148,4701],[43,-6],[13,-54],[0,-72],[-13,-60],[-42,-38],[-6,2],[-15,42],[-15,17],[-4,10]],[[5390,7199],[13,-30],[11,-19],[15,-8],[15,3],[5,-11],[-9,-18],[4,-7],[26,-23],[30,-37],[14,-37],[-4,-26],[-10,15],[-5,22],[-12,4],[-5,15],[-8,-2],[-9,-28],[-2,-29],[17,-21],[-2,-37],[-8,1],[-8,-15],[2,-20],[-7,-10],[-8,-28],[-11,5],[0,17],[8,22],[-3,7],[11,11],[-6,48],[-9,49],[-7,-8],[-15,19],[2,23],[-6,11],[-11,-8],[1,19],[-9,-6],[-8,32]],[[5382,7094],[6,9],[-2,31],[-7,4],[-7,41],[6,12],[2,-9],[10,17]],[[5049,7810],[18,9],[16,20],[19,0],[2,5]],[[5104,7844],[11,-5],[18,12],[9,-6],[3,-12],[7,4],[9,-13],[-3,-28],[8,0],[-1,21],[7,27],[-6,31],[11,1]],[[8511,2275],[28,15],[19,0],[15,-9],[10,-50],[2,-28],[-1,-50],[-4,-12],[-19,1],[-15,-35],[-9,-5],[-19,22],[-23,41],[-9,47],[-1,32],[14,29],[12,2]],[[8442,2264],[9,11],[27,-16],[7,-14],[3,-27],[8,-50],[13,-23],[30,-46],[-17,0],[-12,10],[-8,16],[-17,24],[-7,0],[-10,-17],[-10,-53],[-4,-45],[-18,23],[-16,27],[-7,22],[-3,25],[-1,39],[5,33],[28,61]],[[3141,5379],[-7,4],[-1,33],[4,8],[31,-5],[6,-10],[-7,-23],[-13,1],[-13,-8]],[[3012,5524],[9,-5],[10,7],[4,-10],[12,-10],[8,2],[7,-24],[31,-36],[7,-22],[-8,-27],[-9,23],[-27,-1],[-9,-18],[-11,19],[-10,-12],[-10,-48],[-16,41],[-26,-2],[-15,6],[-11,-15],[-14,20],[2,23],[43,-14],[12,12],[-11,20],[1,34],[-8,15],[-11,4],[-3,13],[15,8],[30,-15],[8,12]],[[8977,2407],[6,20],[12,9],[29,3],[32,-36],[10,-44],[-1,-32],[9,-41],[2,-58],[-8,-3],[-18,10],[-16,38],[-14,28],[-20,6],[-16,-6],[-8,30],[-3,24],[4,52]],[[2725,6811],[10,-8],[22,8],[16,22],[-4,-39],[-10,-26],[-37,-77],[-16,-62],[-31,-63],[-20,-12],[-17,3],[-2,20],[1,58],[21,18],[10,23],[22,31],[7,30],[-10,23]],[[9074,836],[-20,23],[-7,13],[-15,56],[11,-8],[-1,18],[-17,46],[-6,41],[-1,22],[34,-21],[13,-12],[10,1],[15,10],[9,0],[13,18],[6,-13],[1,-53],[-9,-49],[-5,-36],[-12,-9],[-7,-13],[-8,-31],[-4,-3]],[[8484,2152],[27,-38],[16,-17],[4,-19],[5,-68],[-1,-26],[3,-36],[-18,-23],[-18,12],[-47,82],[0,61],[4,33],[15,39],[10,0]],[[5361,3497],[-6,55],[-12,45],[12,22],[12,-13],[1,26],[23,61],[13,13],[14,-91],[-2,-88],[-3,-13],[-14,13],[-8,-13],[0,-24],[6,-39],[-1,-52],[1,-32],[-34,6],[2,17],[8,18],[1,30],[-3,19],[-10,40]],[[3044,7562],[-11,-29],[-7,-32],[10,25],[13,20],[13,31],[14,26],[-7,-134],[-59,-21],[-57,-26],[6,104],[102,83],[-17,-47]],[[8835,2237],[8,0],[3,-39],[10,-54],[-23,-6],[1,-14],[10,-87],[-9,-23],[-33,-8],[-9,33],[-14,13],[3,50],[0,66],[-2,42],[5,2]],[[8339,1891],[-14,32],[4,9],[34,5],[7,-6],[14,1],[19,15],[6,-17],[22,-102],[0,-51]],[[8426,1779],[-49,-13],[-15,0],[-2,27]],[[8330,1687],[7,21]],[[8344,1726],[8,18]],[[8352,1744],[7,11]],[[8366,1765],[29,31],[28,-19]],[[8426,1774],[-9,-65],[-3,-36],[-1,-40],[-4,-36],[-13,0],[-24,21],[-20,-4],[-7,21]],[[8344,1643],[-14,44]],[[8639,2311],[1,52],[6,4],[28,-2],[1,-9],[-6,-23],[8,-42],[20,-44],[11,-68],[14,-36],[-6,-10],[-25,-26],[-8,21],[-44,50],[1,22],[-6,24],[-9,8],[11,40],[3,39]],[[8639,2182],[20,-21],[25,-8],[7,-18],[9,-85],[3,-41],[5,-30],[-2,-14],[-34,-1],[-22,15],[-10,18],[-10,33],[4,58],[-2,48],[7,46]],[[8526,2095],[23,26],[13,27],[21,6],[2,-73],[5,-22],[26,-27],[10,-2],[1,-11],[-12,-27],[-7,-25],[-20,1],[-34,-6],[-19,-14],[-2,53],[-7,94]],[[8577,2257],[31,-8],[27,-21],[6,-36],[-8,-58],[5,-27],[0,-27],[-7,-45],[-7,-6],[-22,3],[-10,18],[-13,46],[-1,50],[1,70],[-2,41]],[[1739,7358],[-9,62],[4,29],[-8,24],[15,4],[5,27],[14,7],[16,-15],[28,1],[16,-23],[0,-27],[7,-34],[-53,-61]],[[2290,6172],[-17,-33],[-60,35],[-15,46],[-11,24]],[[2214,6351],[5,-6]],[[2219,6345],[47,-99],[24,-74]],[[8803,1558],[-12,-3],[-14,33],[-6,28],[-24,57],[5,19],[17,18],[26,13],[12,17],[10,22],[9,-9],[24,-33],[6,-22],[-33,-35],[3,-37]],[[9017,2765],[15,1],[6,-45],[16,-55],[10,-26],[14,-12],[-1,-32],[11,-1],[2,-17],[-2,-31],[-4,-9],[-20,21],[-14,-4],[-8,-10],[-18,9],[-23,-6],[3,63],[9,44],[0,63],[4,47]],[[8791,2359],[-16,-8],[-25,-6],[-27,0],[-3,30],[1,34],[12,18],[7,24],[11,18],[23,46],[14,16],[4,-1],[10,-24],[4,-58],[0,-40],[-15,-49]],[[8421,1550],[-12,0],[-16,-11],[-12,16],[-9,0],[-32,-11],[-14,0],[-7,-16]],[[8319,1528],[-20,43],[-6,34]],[[8293,1605],[-3,13],[43,-3],[5,5]],[[8343,1626],[20,17],[12,0],[26,-18],[33,-9],[8,-25],[-9,-32],[-4,-6]],[[7623,5358],[-1,36],[-13,78],[-3,-18],[-11,17],[10,6],[-2,24],[-11,32],[-12,7],[0,19],[-7,2],[-7,16],[-8,28]],[[8763,2060],[12,0],[22,-19],[5,-30],[0,-54],[10,-83],[-17,-14],[-6,14],[-18,-5],[-11,3],[-12,19],[-12,34],[3,9],[8,69],[2,33],[6,20],[8,4]],[[9025,1827],[17,4],[12,20],[7,0],[2,-13],[19,-33],[0,-17],[6,-28],[2,-39],[-31,-32],[-29,-33],[-2,-29],[-22,3],[1,43],[6,43],[10,27],[7,47],[-6,23],[1,14]],[[2375,6916],[-1,27],[-7,0],[-8,30],[5,21],[-10,8]],[[2354,7002],[-4,22],[4,28],[6,3]],[[2360,7055],[37,-37],[25,12]],[[8773,2588],[5,-16],[0,-30],[6,-15],[-34,-82],[-14,-51],[-23,27],[-19,6],[-3,17],[1,63],[-3,20],[20,0],[14,12],[22,41],[14,8],[14,0]],[[6035,2753],[-11,-22],[-27,-76],[-15,-29],[-13,81],[-3,54],[-23,70],[-17,69],[26,-15],[35,-77],[23,0],[25,-55]],[[3338,4680],[26,-48],[7,-22],[3,-69],[4,20],[10,-3],[17,-32],[5,-17],[-10,-51],[-35,-17],[-22,17],[-9,49],[4,173]],[[9036,2111],[-27,-17],[-26,2],[6,60],[2,36],[21,42],[3,14],[10,-9],[9,-17],[11,13],[5,23],[10,-3],[14,12],[3,-44],[-4,-10],[-3,-44],[-21,-49],[-13,-9]],[[8980,1936],[5,5],[27,-2],[28,-11],[-10,-42],[-3,-71],[7,-36],[-13,-45],[-11,-7],[-23,7],[-8,23],[1,94],[2,21],[-2,64]],[[8710,2137],[16,2],[10,-17],[19,-52],[3,-16],[-5,-17],[-7,-96],[-13,-24],[-14,9],[-9,14],[-9,26],[-3,59],[-5,61],[0,29],[17,22]],[[8810,2699],[14,5],[6,-9],[-10,-82],[17,-18],[10,-1],[8,-17],[3,-25],[-14,-4],[-11,-11],[-7,-15],[-15,-8],[-32,18],[-11,41],[0,20],[7,33],[5,39],[11,26],[19,8]],[[5526,8053],[17,2],[3,-29],[7,5],[4,-25],[9,-11],[5,29],[12,20],[-15,18],[-12,-11],[-3,15],[11,12],[-14,-2],[3,23],[29,-3],[6,11],[1,29],[-6,21],[-2,32]],[[2961,7089],[23,96]],[[2984,7185],[12,-5],[13,6],[19,136],[25,29],[36,-5],[-13,-47],[-4,8],[-3,-15],[-9,-11],[-3,12],[-8,-8],[1,-12],[-10,-17],[-9,-39],[8,-12],[-13,-26],[8,-4],[13,-40],[9,8],[1,-11],[-20,-10],[0,13],[-14,-18],[2,23],[-8,0],[-2,-30],[-39,-10],[-15,-11]],[[2933,6977],[0,-15],[-13,-31],[-2,19],[-5,-1],[-14,32],[11,-59],[4,-2],[1,-26],[-11,-37],[-12,-52],[-4,3],[4,29],[6,13],[-18,47],[8,10],[-7,10],[-1,13],[7,16],[-6,0],[9,33],[-12,-27],[-4,-36],[6,-50],[-13,13],[-13,22],[-2,-7],[10,-18],[21,-23],[-6,-17],[-13,27],[9,-27],[8,-6],[-3,-12],[3,-30],[-10,16],[-9,1],[-21,137],[73,92],[12,-13],[7,-44]],[[8451,2545],[13,23],[10,3],[27,-8],[11,-6],[0,-20],[-12,-69],[-14,-36],[-27,-26],[-17,0],[-3,44],[-5,15],[-10,7],[0,17],[6,33],[8,23],[13,0]],[[2634,7052],[-10,-18],[-22,-27],[-19,-41],[-18,-43],[-3,2],[0,105]],[[2573,7125],[12,-2],[17,38],[4,22]],[[5343,7354],[-3,-5],[2,-27],[10,-27],[25,-30],[13,-66]],[[5382,7094],[-22,12],[-9,12],[-19,35],[6,46],[-1,32],[4,20],[-5,10],[-3,52],[-4,13],[-4,-10],[-7,4],[-7,-10],[2,17],[-3,17],[4,19],[-4,15]],[[5310,7378],[12,-12],[4,13],[11,2],[6,-27]],[[5371,7425],[-26,-23],[-7,-13],[9,-24],[-4,-11]],[[5310,7378],[-9,-1],[-1,22],[-23,4],[-4,22],[-9,-14],[5,20],[-3,8],[-1,31]],[[5265,7470],[9,7],[7,19],[7,-7],[0,24]],[[8467,2840],[-1,43],[5,11],[16,-4],[5,6],[4,34],[4,49],[18,19],[17,-5],[4,-54],[8,-8],[3,-20],[8,3],[-3,-22],[-8,-12],[-18,-1],[-3,-7],[-3,-35],[-9,-24],[-7,-4],[-10,8],[-8,-21],[-22,44]],[[1659,6841],[13,-30],[6,21],[2,-18],[9,-33],[15,-10],[3,-29],[-6,-13],[5,-7],[0,-54],[-13,-15],[-10,5],[-33,70],[-9,49],[-4,2],[-3,31],[-7,4],[-11,35],[18,19],[11,6],[14,-33]],[[7529,6029],[-13,1]],[[2348,6358],[21,-34]],[[2431,6311],[14,-26],[-1,-30],[-6,-1],[7,-13],[-4,-7],[-15,3],[-22,14],[-19,-6],[-8,-11],[-10,2],[-2,16],[-6,-8],[6,-24],[-9,-18],[-2,19],[-16,21]],[[8290,1965],[10,26],[14,56],[25,-5],[18,-13],[12,0],[12,-28],[14,-49],[3,-17],[-18,-8],[-23,3],[-21,-3],[-12,-7]],[[8319,1935],[-9,12]],[[8913,2405],[3,12],[30,-40],[24,21],[8,0],[1,-45],[5,-49],[-8,-43],[-6,-13],[-21,36],[-23,-4],[-23,16],[-1,46],[5,38],[6,25]],[[5249,7571],[15,-14]],[[5265,7470],[-5,16],[-10,-26],[-4,-23],[-14,31],[0,14],[-10,-11],[-9,8],[-13,-8],[-5,-10],[-7,21]],[[5188,7482],[-1,1]],[[5187,7483],[-11,-2],[-8,-13],[0,25],[9,13],[12,43]],[[5255,7570],[-2,1]],[[5189,7476],[0,0]],[[5189,7476],[0,0]],[[5174,7466],[3,6]],[[5177,7472],[-3,-6]],[[5216,7442],[-6,4]],[[5210,7446],[6,-4]],[[5195,7442],[-3,6]],[[5192,7448],[3,-6]],[[5190,7467],[-1,3]],[[5189,7470],[1,-3]],[[1824,6503],[11,86],[-7,36],[17,-19],[12,10],[9,32],[26,-2],[-2,-29],[4,-23],[11,-3],[6,-61],[-42,-12],[0,-18],[-31,-15]],[[5104,7844],[-7,14],[21,36],[10,51],[11,7],[6,-17],[-6,-5],[-2,-20],[15,-8],[7,12],[-4,14],[2,16],[-10,3],[2,26],[16,15],[22,4],[11,-17]],[[8916,1339],[-1,10]],[[8915,1349],[1,59],[12,88],[9,13],[35,-20],[6,-11],[9,-54],[11,-9],[0,-15],[-7,-12],[-19,-10],[-16,4],[-15,-36],[-12,0],[-13,-7]],[[8342,1630],[-6,-14],[-41,-1],[-14,3],[-3,10]],[[8278,1628],[-10,32],[-4,43],[5,32],[14,51],[7,-20],[51,-82],[2,-10],[0,-31]],[[9044,2543],[-4,-28],[0,-25],[4,-36],[7,-29],[0,-25],[-15,12],[-14,22],[-18,-3],[-15,-8],[-12,-18],[3,25],[0,44],[-5,32],[-1,44],[16,-2],[30,12],[21,-4],[3,-13]],[[8295,1992],[-9,24],[-8,37],[25,109],[10,-3],[20,-18],[6,-11],[16,-14],[3,-41],[11,-49],[-17,3],[-22,14],[-16,2],[-11,-46],[-8,-7]],[[8568,1838],[-2,24],[-5,22],[-23,68],[16,19],[46,5],[9,-5],[-2,-31],[2,-30],[5,-26],[11,-27],[20,-25]],[[8538,2873],[11,16],[8,-1],[15,-15],[11,-5],[9,-23],[-2,-12],[-13,-6],[7,-85],[-8,14],[-13,9],[-7,-29],[-14,-24],[-14,-15],[-8,-1],[-7,25],[-16,6],[8,24],[7,4],[24,26],[5,9],[-5,40],[2,43]],[[2093,6782],[13,59],[36,-13]],[[2142,6828],[0,-90],[-12,-34]],[[2073,6698],[3,46],[17,38]],[[9208,2006],[-9,5],[-4,18],[-14,24],[-13,1],[-22,-13],[4,80]],[[9150,2121],[3,12],[12,10],[1,22],[23,3],[18,-44],[3,-28],[11,-15],[12,-60],[0,-10]],[[2301,6879],[-18,36]],[[2303,7013],[1,10],[39,-21],[11,0]],[[8939,2957],[19,9],[19,1],[14,-10],[-1,-81],[-13,3],[-13,-22],[22,-25],[-15,-42],[-4,-13],[-29,34],[-4,57],[1,60],[4,29]],[[8297,2561],[3,13],[22,-19],[8,21],[18,-41],[9,-11],[10,-58],[-1,-37],[-7,-4],[-15,5],[-13,-1],[-23,4],[-13,25],[4,53],[-2,50]],[[9058,1851],[15,2],[25,-7],[15,3],[8,-9],[4,-31],[13,-15],[3,-24],[6,-4],[0,-30],[-5,-31],[-11,7],[-34,3],[-11,5],[-1,36],[-5,15],[-2,33],[-18,35],[-2,12]],[[5156,7481],[1,-20],[12,-5],[5,10]],[[5177,7472],[12,4]],[[5189,7476],[0,-6]],[[5190,7467],[2,-19]],[[5195,7442],[4,-5],[11,9]],[[5216,7442],[9,-11],[4,-44],[-5,-21],[5,0],[-1,-17],[-13,-22],[9,-24],[-3,-6],[-8,20],[1,-13],[-9,-22]],[[5188,7482],[-1,1]],[[8547,2624],[7,11],[21,5],[10,-23],[19,-20],[14,-29],[8,-22],[-5,-41],[-8,-14],[-13,24],[-12,-15],[-30,17],[-11,23],[0,84]],[[8957,2278],[11,-8],[24,-74],[-6,-25],[-23,-67],[-12,7],[-9,-40],[-7,20],[-14,22],[-3,12],[8,49],[19,52],[5,32],[7,20]],[[8866,2426],[3,10],[26,-8],[8,-19],[14,0],[-9,-34],[-3,-25],[-1,-67],[1,-25],[-27,-21],[-11,33],[-7,40],[-7,24],[9,33],[4,59]],[[8993,2182],[-3,-52],[-4,-39],[1,-58],[5,-30],[-20,-12],[-14,-16],[-6,-20],[-6,10],[-13,47],[-5,30],[13,24],[7,49],[10,6],[5,-12],[24,78],[6,-5]],[[2962,7280],[11,-2],[19,-24],[-8,-69]],[[2961,7089],[-25,-37],[-5,20],[21,172]],[[2992,7087],[-9,-14],[21,10],[-19,-17],[-41,-18],[3,16],[9,9],[26,4],[10,10]],[[2938,7043],[0,0]],[[9126,2037],[-4,-9],[3,-19]],[[9101,2017],[-7,4],[-4,15],[-5,-12],[-4,36],[-14,-10],[0,18]],[[9067,2068],[8,13],[5,19],[8,59],[14,61],[9,19],[11,-37],[-4,-49],[3,-20],[0,-35]],[[8977,2537],[5,-53],[0,-23],[-24,-16],[-10,2],[-14,11],[-8,-3],[-14,-16],[-14,81],[4,24],[8,21],[15,16],[6,-25],[8,-16],[23,-5],[13,10],[2,-8]],[[6056,5254],[26,70],[7,-63],[8,-64],[8,-28],[3,31],[13,-44]],[[8865,1499],[-3,78],[13,15],[22,13],[13,-7],[36,-39],[-8,-40],[-10,-28],[-9,18],[-12,-7],[-24,1],[-8,-40],[-13,6],[3,30]],[[8411,2692],[14,7],[15,-27],[8,34],[5,10],[14,-28],[-1,-27],[8,-68],[-3,-20],[-17,-38],[-15,-1],[-13,74],[-17,50],[2,34]],[[2537,7457],[32,41],[7,-13],[14,-5],[13,12],[33,10],[6,-20],[18,2],[14,-18],[-5,-19],[-22,-1],[-10,8],[-9,0],[-44,-18],[-20,-65],[-5,-6],[-22,92]],[[8519,2682],[4,21],[16,6],[5,17],[14,19],[3,17],[10,3],[17,-28],[2,-22],[-2,-53],[-12,-23],[-29,-13],[-18,12],[-11,14],[-7,-2],[-4,16],[12,16]],[[8872,1879],[5,5],[17,-5],[-2,-33],[-7,-58],[4,-37],[4,-57],[-38,-5],[-7,30],[-4,46],[3,39],[25,75]],[[8402,2047],[15,64],[11,-26],[26,-41],[2,-13],[-5,-17],[-17,-41],[-23,-23],[-9,-14],[-10,3],[-8,40],[-8,20],[26,48]],[[8983,1745],[3,-9],[-16,-39],[-12,-21],[-21,-45],[-22,-38],[-22,7],[-12,-6],[-18,-18],[-5,15],[0,21],[10,22],[18,9],[36,29],[17,24],[12,31],[2,16],[8,3],[22,-1]],[[8842,2296],[-2,46],[-1,46],[6,41],[21,-3],[4,-11],[-3,-50],[-4,-23],[-5,-12],[6,-42],[11,-32],[2,-16],[-11,-65],[-10,-33],[-9,25],[-4,48],[0,32]],[[2226,7324],[-1,-9]],[[2237,7299],[40,-91],[-8,-32],[-19,12]],[[2227,7203],[-29,5],[-2,83],[13,20]],[[6615,5668],[-15,63],[-6,83],[19,-25],[15,-3],[23,-68],[10,-19],[-8,-35],[-19,-51],[-2,-12]],[[8883,1824],[2,8],[26,26],[23,15],[13,0],[-4,-46],[-7,-30],[-16,-44],[-20,-33],[-11,-25],[-7,72],[1,57]],[[9152,1997],[-3,18],[1,31],[10,9],[16,3],[12,-10],[5,-19],[-4,-8],[-1,-28],[3,-53],[-13,21],[-14,-20],[-17,-16],[-33,-3],[-12,-5],[20,59]],[[8719,2964],[6,9],[16,-29],[19,-21],[1,-27],[-1,-44],[-13,-40],[-13,-23],[-4,18],[-23,56],[4,47],[0,34],[8,20]],[[9154,1451],[-2,-34],[0,-88],[-13,-4],[-19,-22],[-7,8],[-7,23],[-1,74],[5,60],[11,0],[24,-15],[9,-2]]]}