{"type":"Topology","bbox":[-172.05232712307813,-55.070042051117994,180,83.57906683535938],"transform":{"scale":[0.035208753587666584,0.01386629751839958],"translate":[-172.05232712307813,-55.070042051117994]},"objects":{"countries":{"type":"GeometryCollection","geometries":[{"type":"MultiPolygon","arcs":[[[0]],[[1,2,3,4,5,6,7,8,9,10,11,12,13,14,15,16,17,18],[19],[20],[21],[22],[23]],[[24,25]],[[26]],[[27]],[[28]]],"id":"russian_empire","properties":{"name":"Russian Empire","subjecto":"Russian Empire","partof":"Russian Empire","prec":3}},{"type":"MultiPolygon","arcs":[[[29]],[[30,-8,31,32,33,34,35,36,37,38,39,40,41,42,43,44]]],"id":"qing_empire","properties":{"name":"Qing Empire","subjecto":"Qing Empire","partof":"Qing Empire","prec":3}},{"type":"MultiPolygon","arcs":[[[45,46,47,48,49,50,51,52,53,54]]],"id":"rupert_s_land","properties":{"name":"Rupert's Land","subjecto":"Rupert's Land","partof":"Rupert's Land","prec":3}},{"type":"MultiPolygon","arcs":[[[55]],[[56]],[[57,58,-6,59,60]],[[61]],[[62]],[[63]],[[64]],[[65]],[[66]],[[67]]],"id":"denmark_norway","properties":{"name":"Denmark-Norway","subjecto":"","partof":"","prec":3}},{"type":"MultiPolygon","arcs":[[[68,69,70,71,72,73]]],"id":"vice_royalty_of_brazil","properties":{"name":"Vice-Royalty of Brazil","subjecto":"Portugal","partof":"Portugal","prec":3}},{"type":"MultiPolygon","arcs":[[[-44,74,75,76,-9,-31,77]]],"id":"central_asian_khanates","properties":{"name":"central Asian khanates","subjecto":"central Asian khanates","partof":"central Asian khanates","prec":3}},{"type":"MultiPolygon","arcs":[[[78,79,80,81,82,83,84,85,-48,86]]],"id":"vice_royalty_of_new_spain","properties":{"name":"Vice-Royalty of New Spain","subjecto":"Spain","partof":"Vice-Royalty of New Spain","prec":3}},{"type":"MultiPolygon","arcs":[[[-79,87,-46,88,89]]],"id":"luisiana","properties":{"name":"Luisiana","subjecto":"France","partof":"Luisiana","prec":3}},{"type":"MultiPolygon","arcs":[[[90]],[[91]],[[92]],[[93]],[[94]],[[95]],[[96]],[[97]],[[98]],[[99]],[[100]],[[101]],[[102]],[[103]],[[104]],[[105]],[[106]],[[107,108,109]],[[110]],[[111,112,113,-14,114]],[[115]],[[116,117,-12,118,119,120,121,122,123,124]]],"id":"ottoman_empire","properties":{"name":"Ottoman Empire","subjecto":"Ottoman Empire","partof":"Ottoman Empire","prec":3}},{"type":"MultiPolygon","arcs":[[[125]],[[126,-73,127,128,-85,129],[130]],[[131]]],"id":"vice_royalty_of_new_granada","properties":{"name":"Vice-Royalty of New Granada","subjecto":"Spain","partof":"Vice-Royalty of New Granada","prec":3}},{"type":"MultiPolygon","arcs":[[[132,133,134,135,136,137,138,139,140,-89,-55],[141]],[[142,143]],[[144]]],"id":"united_states_of_america","properties":{"name":"United States of America","subjecto":"United States of America","partof":"United States of America","prec":3}},{"type":"MultiPolygon","arcs":[[[-128,-72,145,146,147,148]]],"id":"vice_royalty_of_peru","properties":{"name":"Vice-Royalty of Peru","subjecto":"Spain","partof":"Vice-Royalty of Peru","prec":3}},{"type":"MultiPolygon","arcs":[[[149,-70,150,151,152,153,154,155,156,157,158,159,160,161,162,163,164,-147]]],"id":"viceroyalty_of_the_r_o_de_la_plata","properties":{"name":"Viceroyalty of the Río de la Plata","subjecto":"Viceroyalty of the Río de la Plata","partof":"Viceroyalty of the Río de la Plata","prec":3}},{"type":"MultiPolygon","arcs":[[[165,166,167,-120,168,169,-76]]],"id":"persia","properties":{"name":"Persia","subjecto":"Persia","partof":"Persia","prec":3}},{"type":"MultiPolygon","arcs":[[[-58,170,-60,-5,171,-3,172],[173]],[[-26,174]],[[175]],[[176,177]],[[178]],[[179]],[[180]],[[181]],[[182]],[[183]],[[184]],[[185]],[[186]],[[187]],[[188]]],"id":"sweden","properties":{"name":"Sweden","subjecto":"Sweden","partof":"Sweden","prec":3}},{"type":"MultiPolygon","arcs":[[[189,190]],[[191]],[[192]],[[193]],[[194]],[[195]],[[196]],[[197]],[[198]],[[199]],[[200]],[[201]],[[202]],[[203,204]],[[205]]],"id":"dutch_east_indies","properties":{"name":"Dutch East Indies","subjecto":"Dutch East Indies","partof":"Dutch East Indies","prec":3}},{"type":"MultiPolygon","arcs":[[[-43,206,207,-166,-75]]],"id":"afghanistan","properties":{"name":"Afghanistan","subjecto":"Afghanistan","partof":"Afghanistan","prec":3}},{"type":"MultiPolygon","arcs":[[[208]],[[209]]],"id":"inupiaq","properties":{"name":"Inupiaq","subjecto":"Inupiaq","partof":"Inupiaq","prec":3}},{"type":"MultiPolygon","arcs":[[[-140,210,-138,211,-136,212,-134,213,-143,214,-53,215,216,217]],[[218]],[[219]]],"id":"quebec","properties":{"name":"Quebec","subjecto":"France","partof":"Quebec","prec":3}},{"type":"MultiPolygon","arcs":[[[220]]],"id":"t_atsaot_ine","properties":{"name":"T'atsaot'ine","subjecto":"T'atsaot'ine","partof":"T'atsaot'ine","prec":3}},{"type":"MultiPolygon","arcs":[[[221,222,223,224,225,226,227]]],"id":"maratha_confederacy","properties":{"name":"Maratha Confederacy","subjecto":"Maratha Confederacy","partof":"Maratha Confederacy","prec":3}},{"type":"MultiPolygon","arcs":[[[228,-112,229,230,231,232,233,234,235,236,237,238,239,240,241,242,243,244,245,246,247,-15,-114]]],"id":"austrian_empire","properties":{"name":"Austrian Empire","subjecto":"Austrian Empire","partof":"Austrian Empire","prec":3}},{"type":"MultiPolygon","arcs":[[[248,249,250,251,252,253,254,255,256,257,258,-36,259]]],"id":"rattanakosin_kingdom","properties":{"name":"Rattanakosin Kingdom","subjecto":"Rattanakosin Kingdom","partof":"Rattanakosin Kingdom","prec":3}},{"type":"MultiPolygon","arcs":[[[260]],[[261,262,263,264]],[[265]],[[266]]],"id":"spain","properties":{"name":"Spain","subjecto":"Spain","partof":"Spain","prec":3}},{"type":"MultiPolygon","arcs":[[[267,268]],[[269,270,271,-262,272,273,274,275,276,277,278,279,280]],[[281,282,283,284,285,286,287]],[[288]]],"id":"france","properties":{"name":"France","subjecto":"France","partof":"France","prec":3}},{"type":"MultiPolygon","arcs":[[[-164,289,290]],[[-152,291]],[[292,-157,293,-154,294]],[[-159,295]],[[161,296,297]]],"id":"pampas_cultures","properties":{"name":"Pampas cultures","subjecto":"Pampas cultures","partof":"Pampas cultures","prec":3}},{"type":"MultiPolygon","arcs":[[[-124,298,-122,299]]],"id":"nejd","properties":{"name":"Nejd","subjecto":"Nejd","partof":"Nejd","prec":3}},{"type":"MultiPolygon","arcs":[[[-259,300,301,302,-37]]],"id":"burma","properties":{"name":"Burma","subjecto":"Burma","partof":"Burma","prec":3}},{"type":"MultiPolygon","arcs":[[[303,-227,304,305,306,307]]],"id":"rajputs","properties":{"name":"Rajputs","subjecto":"Rajputs","partof":"Rajputs","prec":3}},{"type":"MultiPolygon","arcs":[[[308,309,-207,-42,310,311,-308]]],"id":"sikhs","properties":{"name":"Sikhs","subjecto":"Sikhs","partof":"Sikhs","prec":3}},{"type":"MultiPolygon","arcs":[[[312],[313]]],"id":"madagascar","properties":{"name":"Madagascar","subjecto":"Madagascar","partof":"Madagascar","prec":3}},{"type":"MultiPolygon","arcs":[[[314,315]]],"id":"morocco","properties":{"name":"Morocco","subjecto":"Morocco","partof":"Morocco","prec":3}},{"type":"MultiPolygon","arcs":[[[316,317,318]]],"id":"oromo","properties":{"name":"Oromo","subjecto":"Oromo","partof":"Oromo","prec":3}},{"type":"MultiPolygon","arcs":[[[-228,-304,-312,319,320,321,322,323,-38,-303,324,325]]],"id":"bundelkhand","properties":{"name":"Bundelkhand","subjecto":"Bundelkhand","partof":"Bundelkhand","prec":3}},{"type":"MultiPolygon","arcs":[[[-315,326,327,328]]],"id":"algiers","properties":{"name":"Algiers","subjecto":"Ottoman Empire","partof":"Algiers","prec":3}},{"type":"MultiPolygon","arcs":[[[329,330,-177,331,332,-19,333,-17,334,-247,335,336,337,338]],[[339]]],"id":"prussia","properties":{"name":"Prussia","subjecto":"Prussia","partof":"Prussia","prec":3}},{"type":"MultiPolygon","arcs":[[[340]],[[341]],[[342]],[[343]],[[344]],[[345]],[[346]],[[347]]],"id":"japan","properties":{"name":"Japan","subjecto":"Japan","partof":"Japan","prec":3}},{"type":"MultiPolygon","arcs":[[[348,349,350,351]]],"id":"segu","properties":{"name":"Segu","subjecto":"Segu","partof":"Segu","prec":3}},{"type":"MultiPolygon","arcs":[[[352]]],"id":"air","properties":{"name":"Air","subjecto":"Air","partof":"Air","prec":3}},{"type":"MultiPolygon","arcs":[[[353,354]]],"id":"yup_ik_cup_ik","properties":{"name":"Yup'ik & Cup'ik","subjecto":"Yup'ik & Cup'ik","partof":"Yup'ik & Cup'ik","prec":3}},{"type":"MultiPolygon","arcs":[[[355]],[[-190,356]]],"id":"papua_new_guinea","properties":{"name":"Papua New Guinea","subjecto":"Papua New Guinea","partof":"Papua New Guinea","prec":3}},{"type":"MultiPolygon","arcs":[[[357,358,359,360]]],"id":"bornu_kanem","properties":{"name":"Bornu-Kanem","subjecto":"Bornu-Kanem","partof":"Bornu-Kanem","prec":3}},{"type":"MultiPolygon","arcs":[[[-150,-146,-71]]],"id":"paraguay","properties":{"name":"Paraguay","subjecto":"Spain","partof":"Paraguay","prec":3}},{"type":"MultiPolygon","arcs":[[[361]],[[362]],[[363]],[[364,-148,-165,-291]]],"id":"patagonian_shellfish_and_marine_mammal_h","properties":{"name":"Patagonian shellfish and marine mammal hunters","subjecto":"Patagonian shellfish and marine mammal hunters","partof":"Patagonian shellfish and marine mammal hunters","prec":3}},{"type":"MultiPolygon","arcs":[[[365]]],"id":"darfur","properties":{"name":"Darfur","subjecto":"Darfur","partof":"Darfur","prec":3}},{"type":"MultiPolygon","arcs":[[[-117,366]]],"id":"funj","properties":{"name":"Funj","subjecto":"Funj","partof":"Funj","prec":3}},{"type":"MultiPolygon","arcs":[[[-358,367]]],"id":"hausa_states","properties":{"name":"Hausa States","subjecto":"Hausa States","partof":"Hausa States","prec":3}},{"type":"MultiPolygon","arcs":[[[368,369]]],"id":"luba","properties":{"name":"Luba","subjecto":"Luba","partof":"Luba","prec":3}},{"type":"MultiPolygon","arcs":[[[370]],[[371]],[[372]],[[373]],[[374]],[[375]],[[376]]],"id":"united_kingdom","properties":{"name":"United Kingdom","subjecto":"UK","partof":"United Kingdom","prec":3}},{"type":"MultiPolygon","arcs":[[[377]],[[378]]],"id":"m_ori","properties":{"name":"M?ori","subjecto":"M?ori","partof":"M?ori","prec":3}},{"type":"MultiPolygon","arcs":[[[-257,379]],[[-205,380]]],"id":"malaya","properties":{"name":"Malaya","subjecto":"Malaya","partof":"Malaya","prec":3}},{"type":"MultiPolygon","arcs":[[[381,382,383,-260,-35]]],"id":"i_vi_t","properties":{"name":"Đại Việt","subjecto":"Đại Việt","partof":"Đại Việt","prec":3}},{"type":"MultiPolygon","arcs":[[[384,-350]]],"id":"kaarta","properties":{"name":"Kaarta","subjecto":"Kaarta","partof":"Kaarta","prec":3}},{"type":"MultiPolygon","arcs":[[[-317,385,-109,386]]],"id":"ethiopia","properties":{"name":"Ethiopia","subjecto":"Ethiopia","partof":"Ethiopia","prec":3}},{"type":"MultiPolygon","arcs":[[[-33,387]],[[388]],[[389]],[[390]],[[391]],[[392]],[[393]],[[394]],[[395]],[[396]],[[397]],[[398]],[[399]],[[400]],[[401]],[[402]],[[403]],[[404]]],"id":"korea","properties":{"name":"Korea","subjecto":"Korea","partof":"Korea","prec":3}},{"type":"MultiPolygon","arcs":[[[405,-370]]],"id":"lunda","properties":{"name":"Lunda","subjecto":"Lunda","partof":"Lunda","prec":3}},{"type":"MultiPolygon","arcs":[[[-41,406,407,-322,408,-320,-311]]],"id":"nepal","properties":{"name":"Nepal","subjecto":"Nepal","partof":"Nepal","prec":3}},{"type":"MultiPolygon","arcs":[[[409]],[[410]],[[411]],[[412]],[[413]],[[414]],[[415]],[[416]]],"id":"philippines","properties":{"name":"Philippines","subjecto":"Philippines","partof":"Philippines","prec":3}},{"type":"MultiPolygon","arcs":[[[417]]],"id":"zanzibar","properties":{"name":"Zanzibar","subjecto":"Zanzibar","partof":"Zanzibar","prec":3}},{"type":"MultiPolygon","arcs":[[[418]]],"id":"wiradjuri","properties":{"name":"Wiradjuri","subjecto":"Wiradjuri","partof":"Wiradjuri","prec":3}},{"type":"MultiPolygon","arcs":[[[-11,419,-169,-119]]],"id":"central_asian_khanates_2","properties":{"name":"central Asian khanates","subjecto":"central Asian khanates","partof":"central Asian khanates","prec":3}},{"type":"MultiPolygon","arcs":[[[-74,-127,420]]],"id":"british_guiana","properties":{"name":"British Guiana","subjecto":"UK","partof":"British Guiana","prec":3}},{"type":"MultiPolygon","arcs":[[[-224,421,422,423,424,425,426]]],"id":"nizam_s_dominions","properties":{"name":"Nizam's Dominions","subjecto":"Nizam's Dominions","partof":"Nizam's Dominions","prec":3}},{"type":"MultiPolygon","arcs":[[[427]]],"id":"kokatha","properties":{"name":"Kokatha","subjecto":"Kokatha","partof":"Kokatha","prec":3}},{"type":"MultiPolygon","arcs":[[[428]]],"id":"mardu","properties":{"name":"Mardu","subjecto":"Mardu","partof":"Mardu","prec":3}},{"type":"MultiPolygon","arcs":[[[429,-251,430,-249,-384,431,432,433,434,435]]],"id":"cambodia","properties":{"name":"Cambodia","subjecto":"Cambodia","partof":"Cambodia","prec":3}},{"type":"MultiPolygon","arcs":[[[436]]],"id":"pintupi","properties":{"name":"Pintupi","subjecto":"Pintupi","partof":"Pintupi","prec":3}},{"type":"MultiPolygon","arcs":[[[437]]],"id":"rozwi","properties":{"name":"Rozwi","subjecto":"Rozwi","partof":"Rozwi","prec":3}},{"type":"MultiPolygon","arcs":[[[-360,438]]],"id":"bagirmi","properties":{"name":"Bagirmi","subjecto":"Bagirmi","partof":"Bagirmi","prec":3}},{"type":"MultiPolygon","arcs":[[[439]]],"id":"rift_valley_states","properties":{"name":"Rift Valley States","subjecto":"Rift Valley States","partof":"Rift Valley States","prec":3}},{"type":"MultiPolygon","arcs":[[[440]],[[441]],[[442]],[[443]],[[444]],[[445]],[[446]],[[447]],[[448]],[[449]],[[450]],[[451,452]],[[453,454]],[[455]],[[456]],[[457]],[[458]],[[459]],[[460]],[[461,462,463,464]],[[465,466]],[[467,468]],[[469,470,471,472]],[[473,474]],[[475]],[[476]],[[477]],[[478,479]],[[480,481]],[[482]],[[483]],[[484]],[[485]],[[486]],[[487]],[[488]],[[489]],[[490]],[[491]],[[492,493]],[[494]],[[495]],[[496]],[[497]],[[498]],[[499]],[[500,501]],[[502,503]],[[504,505,506]],[[507]],[[508,509,510,511]],[[512]],[[513,514,515,516,517,518]],[[519]],[[520]],[[521]],[[522]],[[523]],[[524]],[[525]],[[526]],[[527]],[[528]],[[529,530,531,532,533,534]],[[535,536,537,538]],[[539,540]],[[541,542,543,544,545,546,547]],[[548,549]],[[550]],[[551]],[[552]],[[553]],[[554]],[[555,556]],[[557]],[[558]],[[559,560,561,562,563,564,565,566,567]],[[568]],[[569,570]],[[571,572,573,574,575,576,577,578]],[[579,580,581,582,583,584]],[[585,586,587,588,589,590,591]],[[592]],[[593]],[[594]],[[595]],[[596]],[[597]],[[598]],[[599]],[[600]],[[601]],[[602]],[[603]],[[604]],[[605]]],"id":"australian_aboriginal_hunter_gatherers","properties":{"name":"Australian aboriginal hunter-gatherers","subjecto":"Australian aboriginal hunter-gatherers","partof":"Australian aboriginal hunter-gatherers","prec":1}},{"type":"MultiPolygon","arcs":[[[606,607,608,609]]],"id":"dutch_settlements","properties":{"name":"Dutch settlements","subjecto":"Dutch settlements","partof":"Dutch settlements","prec":3}},{"type":"MultiPolygon","arcs":[[[-549,610]]],"id":"watjarri","properties":{"name":"Watjarri","subjecto":"Watjarri","partof":"Watjarri","prec":3}},{"type":"MultiPolygon","arcs":[[[-314]]],"id":"expansionist_kingdom_of_merina","properties":{"name":"Expansionist Kingdom of Merina","subjecto":"Expansionist Kingdom of Merina","partof":"Expansionist Kingdom of Merina","prec":3}},{"type":"MultiPolygon","arcs":[[[-563,611]]],"id":"arrernte","properties":{"name":"Arrernte","subjecto":"Arrernte","partof":"Arrernte","prec":3}},{"type":"MultiPolygon","arcs":[[[612,613]]],"id":"asante","properties":{"name":"Asante","subjecto":"Asante","partof":"Asante","prec":3}},{"type":"MultiPolygon","arcs":[[[-310,614,-306,615,-167,-208]]],"id":"sindh","properties":{"name":"Sindh","subjecto":"Sindh","partof":"Sindh","prec":3}},{"type":"MultiPolygon","arcs":[[[616]]],"id":"warlpiri","properties":{"name":"Warlpiri","subjecto":"Warlpiri","partof":"Warlpiri","prec":3}},{"type":"MultiPolygon","arcs":[[[-108,617,-318,-387]]],"id":"awsa","properties":{"name":"Awsa","subjecto":"Awsa","partof":"Awsa","prec":3}},{"type":"MultiPolygon","arcs":[[[618]],[[619]],[[620]],[[621]],[[622]],[[623]],[[624]],[[625,-354]]],"id":"suspiaq","properties":{"name":"Suspiaq","subjecto":"Suspiaq","partof":"Suspiaq","prec":3}},{"type":"MultiPolygon","arcs":[[[626,-590,627,628,629,-544]]],"id":"nyanganyatjara","properties":{"name":"Nyanganyatjara","subjecto":"Nyanganyatjara","partof":"Nyanganyatjara","prec":3}},{"type":"MultiPolygon","arcs":[[[630,-422,-223,631]]],"id":"circars","properties":{"name":"Circars","subjecto":"Circars","partof":"Circars","prec":3}},{"type":"MultiPolygon","arcs":[[[632]]],"id":"kingdom_of_ireland","properties":{"name":"Kingdom of Ireland","subjecto":"UK","partof":"Kingdom of Ireland","prec":3}},{"type":"MultiPolygon","arcs":[[[633,-629,634,635,636,637,-471,638]]],"id":"mirning","properties":{"name":"Mirning","subjecto":"Mirning","partof":"Mirning","prec":3}},{"type":"MultiPolygon","arcs":[[[-245,639,-243,640,-277,641,642,643,644,645]]],"id":"swabia","properties":{"name":"Swabia","subjecto":"Swabia","partof":"Swabia","prec":3}},{"type":"MultiPolygon","arcs":[[[646,-578]]],"id":"bidjara","properties":{"name":"Bidjara","subjecto":"Bidjara","partof":"Bidjara","prec":3}},{"type":"MultiPolygon","arcs":[[[647]]],"id":"zulu","properties":{"name":"Zulu","subjecto":"Zulu","partof":"Zulu","prec":3}},{"type":"MultiPolygon","arcs":[[[-225,-427,648,-425,649,650,651]]],"id":"mysore","properties":{"name":"Mysore","subjecto":"Mysore","partof":"Mysore","prec":3}},{"type":"MultiPolygon","arcs":[[[652]]],"id":"mossi_states","properties":{"name":"Mossi States","subjecto":"Mossi States","partof":"Mossi States","prec":3}},{"type":"MultiPolygon","arcs":[[[653,-264]]],"id":"portugal","properties":{"name":"Portugal","subjecto":"Portugal","partof":"Portugal","prec":3}},{"type":"MultiPolygon","arcs":[[[654,655]],[[656]]],"id":"kingdom_of_the_two_sicilies","properties":{"name":"Kingdom of the Two Sicilies","subjecto":"Kingdom of the Two Sicilies","partof":"Kingdom of the Two Sicilies","prec":3}},{"type":"MultiPolygon","arcs":[[[657,-515,658,659,660,661,662,663,664,665,-503,666,667]]],"id":"kalaamaya","properties":{"name":"Kalaamaya","subjecto":"Kalaamaya","partof":"Kalaamaya","prec":3}},{"type":"MultiPolygon","arcs":[[[-328,668]]],"id":"tunis","properties":{"name":"Tunis","subjecto":"Ottoman Empire","partof":"Tunis","prec":3}},{"type":"MultiPolygon","arcs":[[[669]]],"id":"kamilaroi","properties":{"name":"Kamilaroi","subjecto":"Kamilaroi","partof":"Kamilaroi","prec":3}},{"type":"MultiPolygon","arcs":[[[670]]],"id":"wadai","properties":{"name":"Wadai","subjecto":"Wadai","partof":"Wadai","prec":3}},{"type":"MultiPolygon","arcs":[[[671]],[[672]],[[673,-50]],[[674]]],"id":"eyaq","properties":{"name":"Eyaq","subjecto":"Eyaq","partof":"Eyaq","prec":3}},{"type":"MultiPolygon","arcs":[[[675]]],"id":"nyangumarda","properties":{"name":"Nyangumarda","subjecto":"Nyangumarda","partof":"Nyangumarda","prec":3}},{"type":"MultiPolygon","arcs":[[[-651,676,-423,-631,677]]],"id":"carnatic","properties":{"name":"Carnatic","subjecto":"Carnatic","partof":"Carnatic","prec":3}},{"type":"MultiPolygon","arcs":[[[-613,678,-352,679]]],"id":"kong_empire","properties":{"name":"Kong Empire","subjecto":"Kong Empire","partof":"Kong Empire","prec":3}},{"type":"MultiPolygon","arcs":[[[680,-608]]],"id":"cape_colony","properties":{"name":"Cape Colony","subjecto":"Netherlands","partof":"Cape Colony","prec":3}},{"type":"MultiPolygon","arcs":[[[681]]],"id":"wawula","properties":{"name":"Wawula","subjecto":"Wawula","partof":"Wawula","prec":3}},{"type":"MultiPolygon","arcs":[[[682]]],"id":"warumungu","properties":{"name":"Warumungu","subjecto":"Warumungu","partof":"Warumungu","prec":3}},{"type":"MultiPolygon","arcs":[[[683,-637,684,-587,685,686]]],"id":"wirangu","properties":{"name":"Wirangu","subjecto":"Wirangu","partof":"Wirangu","prec":3}},{"type":"MultiPolygon","arcs":[[[687]]],"id":"oman","properties":{"name":"Oman","subjecto":"Oman","partof":"Oman","prec":3}},{"type":"MultiPolygon","arcs":[[[688]]],"id":"ngatatjara","properties":{"name":"Ngatatjara","subjecto":"Ngatatjara","partof":"Ngatatjara","prec":3}},{"type":"MultiPolygon","arcs":[[[689,690]]],"id":"dahomey","properties":{"name":"Dahomey","subjecto":"Dahomey","partof":"Dahomey","prec":3}},{"type":"MultiPolygon","arcs":[[[691]]],"id":"ngaanyatjarra","properties":{"name":"Ngaanyatjarra","subjecto":"Ngaanyatjarra","partof":"Ngaanyatjarra","prec":3}},{"type":"MultiPolygon","arcs":[[[692]]],"id":"iningai","properties":{"name":"Iningai","subjecto":"Iningai","partof":"Iningai","prec":3}},{"type":"MultiPolygon","arcs":[[[693]]],"id":"tripolitania","properties":{"name":"Tripolitania","subjecto":"Ottoman Empire","partof":"Tripolitania","prec":3}},{"type":"MultiPolygon","arcs":[[[694]]],"id":"aboriginal_tasmanians","properties":{"name":"Aboriginal Tasmanians","subjecto":"Aboriginal Tasmanians","partof":"Aboriginal Tasmanians","prec":3}},{"type":"MultiPolygon","arcs":[[[695]]],"id":"mandjindja","properties":{"name":"Mandjindja","subjecto":"Mandjindja","partof":"Mandjindja","prec":3}},{"type":"MultiPolygon","arcs":[[[696,697,-690,698]]],"id":"oyo","properties":{"name":"Oyo","subjecto":"Oyo","partof":"Oyo","prec":3}},{"type":"MultiPolygon","arcs":[[[699]]],"id":"congo","properties":{"name":"Congo","subjecto":"Congo","partof":"Congo","prec":3}},{"type":"MultiPolygon","arcs":[[[-561,700]]],"id":"wangkangurru","properties":{"name":"Wangkangurru","subjecto":"Wangkangurru","partof":"Wangkangurru","prec":3}},{"type":"MultiPolygon","arcs":[[[701,-542,702,-519]]],"id":"wangkathaa","properties":{"name":"Wangkathaa","subjecto":"Wangkathaa","partof":"Wangkathaa","prec":3}},{"type":"MultiPolygon","arcs":[[[703]]],"id":"yemen","properties":{"name":"Yemen","subjecto":"Yemen","partof":"Yemen","prec":3}},{"type":"MultiPolygon","arcs":[[[704,-663,705,706,-660,707,-547,708,709,710,711,712,713,714,715,716,-532,717]]],"id":"kalaako_malpa","properties":{"name":"Kalaako/Malpa","subjecto":"Kalaako/Malpa","partof":"Kalaako/Malpa","prec":3}},{"type":"MultiPolygon","arcs":[[[718]]],"id":"luritja","properties":{"name":"Luritja","subjecto":"Luritja","partof":"Luritja","prec":3}},{"type":"MultiPolygon","arcs":[[[719]]],"id":"yankuntjatjara","properties":{"name":"Yankuntjatjara","subjecto":"Yankuntjatjara","partof":"Yankuntjatjara","prec":3}},{"type":"MultiPolygon","arcs":[[[720]]],"id":"nakako","properties":{"name":"Nakako","subjecto":"Nakako","partof":"Nakako","prec":3}},{"type":"MultiPolygon","arcs":[[[721]]],"id":"pitjantjatjara","properties":{"name":"Pitjantjatjara","subjecto":"Pitjantjatjara","partof":"Pitjantjatjara","prec":3}},{"type":"MultiPolygon","arcs":[[[-610,722]]],"id":"xhosa","properties":{"name":"Xhosa","subjecto":"Xhosa","partof":"Xhosa","prec":3}},{"type":"MultiPolygon","arcs":[[[-464,723]]],"id":"banggarla","properties":{"name":"Banggarla","subjecto":"Banggarla","partof":"Banggarla","prec":3}},{"type":"MultiPolygon","arcs":[[[724]]],"id":"songhai","properties":{"name":"Songhai","subjecto":"Songhai","partof":"Songhai","prec":3}},{"type":"MultiPolygon","arcs":[[[-330,725,726,727,728,729,730]]],"id":"mecklenburg_strelitz","properties":{"name":"Mecklenburg-Strelitz","subjecto":"UK","partof":"Mecklenburg-Strelitz","prec":3}},{"type":"MultiPolygon","arcs":[[[731]]],"id":"gugu_badhun","properties":{"name":"Gugu-Badhun","subjecto":"Gugu-Badhun","partof":"Gugu-Badhun","prec":3}},{"type":"MultiPolygon","arcs":[[[732]]],"id":"alyawarre","properties":{"name":"Alyawarre","subjecto":"Alyawarre","partof":"Alyawarre","prec":3}},{"type":"MultiPolygon","arcs":[[[-474,733,734,735,-534,736]]],"id":"wudjari","properties":{"name":"Wudjari","subjecto":"Wudjari","partof":"Wudjari","prec":3}},{"type":"MultiPolygon","arcs":[[[-276,737,738,739,-729,740,-727,741,-644,742,-642]]],"id":"prussia_2","properties":{"name":"Prussia","subjecto":"Prussia","partof":"Prussia","prec":3}},{"type":"MultiPolygon","arcs":[[[-302,743,-325]]],"id":"arakan","properties":{"name":"Arakan","subjecto":"Arakan","partof":"Arakan","prec":3}},{"type":"MultiPolygon","arcs":[[[744]]],"id":"arabana","properties":{"name":"Arabana","subjecto":"Arabana","partof":"Arabana","prec":3}},{"type":"MultiPolygon","arcs":[[[745]]],"id":"cyrenaica","properties":{"name":"Cyrenaica","subjecto":"Ottoman Empire","partof":"Cyrenaica","prec":3}},{"type":"MultiPolygon","arcs":[[[746,747,748,749,750,751,752,753,754,755,756,757,758,759,760,-271,761,762,-269,763,-284,764,-282,765]]],"id":"kingdom_of_sardinia","properties":{"name":"Kingdom of Sardinia","subjecto":"France","partof":"Kingdom of Sardinia","prec":3}},{"type":"MultiPolygon","arcs":[[[766]]],"id":"wongaibon","properties":{"name":"Wongaibon","subjecto":"Wongaibon","partof":"Wongaibon","prec":3}},{"type":"MultiPolygon","arcs":[[[767]]],"id":"kaytej","properties":{"name":"Kaytej","subjecto":"Kaytej","partof":"Kaytej","prec":3}},{"type":"MultiPolygon","arcs":[[[768]]],"id":"portuguese_east_africa","properties":{"name":"Portuguese East Africa","subjecto":"Portuguese East Africa","partof":"Portuguese East Africa","prec":3}},{"type":"MultiPolygon","arcs":[[[-646,769,-338,770,-336,-246]]],"id":"saxony","properties":{"name":"Saxony","subjecto":"Saxony","partof":"Saxony","prec":3}},{"type":"MultiPolygon","arcs":[[[771]]],"id":"dharawala","properties":{"name":"Dharawala","subjecto":"Dharawala","partof":"Dharawala","prec":3}},{"type":"MultiPolygon","arcs":[[[772]]],"id":"barundji","properties":{"name":"Barundji","subjecto":"Barundji","partof":"Barundji","prec":3}},{"type":"MultiPolygon","arcs":[[[773],[774]]],"id":"ceylon_dutch","properties":{"name":"Ceylon (Dutch)","subjecto":"Netherlands","partof":"Ceylon (Dutch)","prec":3}},{"type":"MultiPolygon","arcs":[[[775]]],"id":"antakarinja","properties":{"name":"Antakarinja","subjecto":"Antakarinja","partof":"Antakarinja","prec":3}},{"type":"MultiPolygon","arcs":[[[776]]],"id":"wakaya","properties":{"name":"Wakaya","subjecto":"Wakaya","partof":"Wakaya","prec":3}},{"type":"MultiPolygon","arcs":[[[777,-217]]],"id":"acadian_peninsula_uk","properties":{"name":"Acadian Peninsula (UK)","subjecto":"Acadian Peninsula (UK)","partof":"Acadian Peninsula (UK)","prec":3}},{"type":"MultiPolygon","arcs":[[[778]]],"id":"yulparitja","properties":{"name":"Yulparitja","subjecto":"Yulparitja","partof":"Yulparitja","prec":3}},{"type":"MultiPolygon","arcs":[[[779,-656,780,781,782,783]]],"id":"papal_states","properties":{"name":"Papal States","subjecto":"Papal States","partof":"Papal States","prec":3}},{"type":"MultiPolygon","arcs":[[[784]]],"id":"lozi","properties":{"name":"Lozi","subjecto":"Lozi","partof":"Lozi","prec":3}},{"type":"MultiPolygon","arcs":[[[-740,785,786,-730]],[[787]],[[788]],[[789]],[[790]],[[791]],[[792]]],"id":"batavian_republic","properties":{"name":"Batavian Republic","subjecto":"","partof":"","prec":3}},{"type":"MultiPolygon","arcs":[[[793]]],"id":"ngarinyin","properties":{"name":"Ngarinyin","subjecto":"Ngarinyin","partof":"Ngarinyin","prec":3}},{"type":"MultiPolygon","arcs":[[[-309,-307,-615]]],"id":"bahawalpur","properties":{"name":"Bahawalpur","subjecto":"Bahawalpur","partof":"Bahawalpur","prec":3}},{"type":"MultiPolygon","arcs":[[[-697,794]]],"id":"sotho","properties":{"name":"Sotho","subjecto":"Sotho","partof":"Sotho","prec":3}},{"type":"MultiPolygon","arcs":[[[-409,-321]]],"id":"oudh","properties":{"name":"Oudh","subjecto":"Oudh","partof":"Oudh","prec":3}},{"type":"MultiPolygon","arcs":[[[-279,795,-241,796,797,798,799,-236,800,-234,801,802,803,804,805,806,807,808,809,810,811,812,813,814,815,816,817,818,819,820,821,-757,822,-755,823,824,-752,825,-750,826,827,-747,828,-287,829,-281,830],[831],[832]]],"id":"helvetic_republic","properties":{"name":"Helvetic Republic","subjecto":"Helvetic Republic","partof":"Helvetic Republic","prec":3}},{"type":"MultiPolygon","arcs":[[[833,-323,-408,834,-39]]],"id":"bhutan","properties":{"name":"Bhutan","subjecto":"Bhutan","partof":"Bhutan","prec":3}},{"type":"MultiPolygon","arcs":[[[835,-517,836,-509]]],"id":"kuwarra","properties":{"name":"Kuwarra","subjecto":"Kuwarra","partof":"Kuwarra","prec":3}},{"type":"MultiPolygon","arcs":[[[837]]],"id":"maiawali","properties":{"name":"Maiawali","subjecto":"Maiawali","partof":"Maiawali","prec":3}},{"type":"MultiPolygon","arcs":[[[-244,-640]]],"id":"bavaria","properties":{"name":"Bavaria","subjecto":"Bavaria","partof":"Bavaria","prec":3}},{"type":"MultiPolygon","arcs":[[[838,839]]],"id":"wergaia","properties":{"name":"Wergaia","subjecto":"Wergaia","partof":"Wergaia","prec":3}},{"type":"MultiPolygon","arcs":[[[-530,840,841]]],"id":"nyaki_nyaki","properties":{"name":"Nyaki-nyaki","subjecto":"Nyaki-nyaki","partof":"Nyaki-nyaki","prec":3}},{"type":"MultiPolygon","arcs":[[[842]]],"id":"yirandali","properties":{"name":"Yirandali","subjecto":"Yirandali","partof":"Yirandali","prec":3}},{"type":"MultiPolygon","arcs":[[[843]]],"id":"tjupany","properties":{"name":"Tjupany","subjecto":"Tjupany","partof":"Tjupany","prec":3}},{"type":"MultiPolygon","arcs":[[[-592,844]]],"id":"ngalea","properties":{"name":"Ngalea","subjecto":"Ngalea","partof":"Ngalea","prec":3}},{"type":"MultiPolygon","arcs":[[[845]]],"id":"kija","properties":{"name":"Kija","subjecto":"Kija","partof":"Kija","prec":3}},{"type":"MultiPolygon","arcs":[[[-502,846,847]]],"id":"barunggam","properties":{"name":"Barunggam","subjecto":"Barunggam","partof":"Barunggam","prec":3}},{"type":"MultiPolygon","arcs":[[[848,-786,-739,849,-274]]],"id":"austrian_netherlands","properties":{"name":"Austrian Netherlands","subjecto":"Habsburg Austria","partof":"Austrian Netherlands","prec":3}},{"type":"MultiPolygon","arcs":[[[850]]],"id":"kunjen","properties":{"name":"Kunjen","subjecto":"Kunjen","partof":"Kunjen","prec":3}},{"type":"MultiPolygon","arcs":[[[851]]],"id":"nyamal","properties":{"name":"Nyamal","subjecto":"Nyamal","partof":"Nyamal","prec":3}},{"type":"MultiPolygon","arcs":[[[852]]],"id":"wailwan","properties":{"name":"Wailwan","subjecto":"Wailwan","partof":"Wailwan","prec":3}},{"type":"MultiPolygon","arcs":[[[853]]],"id":"ngarti","properties":{"name":"Ngarti","subjecto":"Ngarti","partof":"Ngarti","prec":3}},{"type":"MultiPolygon","arcs":[[[854]]],"id":"birria","properties":{"name":"Birria","subjecto":"Birria","partof":"Birria","prec":3}},{"type":"MultiPolygon","arcs":[[[855]]],"id":"pitta_pitta","properties":{"name":"Pitta-Pitta","subjecto":"Pitta-Pitta","partof":"Pitta-Pitta","prec":3}},{"type":"MultiPolygon","arcs":[[[856]]],"id":"wangkumara","properties":{"name":"Wangkumara","subjecto":"Wangkumara","partof":"Wangkumara","prec":3}},{"type":"MultiPolygon","arcs":[[[-571,857,-584,858,859]]],"id":"gunggari","properties":{"name":"Gunggari","subjecto":"Gunggari","partof":"Gunggari","prec":3}},{"type":"MultiPolygon","arcs":[[[860]]],"id":"wunumara","properties":{"name":"Wunumara","subjecto":"Wunumara","partof":"Wunumara","prec":3}},{"type":"MultiPolygon","arcs":[[[861]]],"id":"meru","properties":{"name":"Meru","subjecto":"Meru","partof":"Meru","prec":3}},{"type":"MultiPolygon","arcs":[[[862]],[[863]],[[864]],[[865]],[[866]],[[867]],[[868]],[[869]],[[870]],[[871]],[[872]],[[873]],[[874]],[[875,-83]],[[876,-81]]],"id":"united_kingdom_2","properties":{"name":"United Kingdom","subjecto":"UK","partof":"United Kingdom","prec":3}},{"type":"MultiPolygon","arcs":[[[877]]],"id":"mangala","properties":{"name":"Mangala","subjecto":"Mangala","partof":"Mangala","prec":3}},{"type":"MultiPolygon","arcs":[[[878]]],"id":"jaru","properties":{"name":"Jaru","subjecto":"Jaru","partof":"Jaru","prec":3}},{"type":"MultiPolygon","arcs":[[[879]]],"id":"andyamathanha","properties":{"name":"Andyamathanha","subjecto":"Andyamathanha","partof":"Andyamathanha","prec":3}},{"type":"MultiPolygon","arcs":[[[880]]],"id":"tjalkanti","properties":{"name":"Tjalkanti","subjecto":"Tjalkanti","partof":"Tjalkanti","prec":3}},{"type":"MultiPolygon","arcs":[[[881]]],"id":"danggali","properties":{"name":"Danggali","subjecto":"Danggali","partof":"Danggali","prec":3}},{"type":"MultiPolygon","arcs":[[[-568,882]]],"id":"wangkamana","properties":{"name":"Wangkamana","subjecto":"Wangkamana","partof":"Wangkamana","prec":3}},{"type":"MultiPolygon","arcs":[[[883]]],"id":"malyangaba","properties":{"name":"Malyangaba","subjecto":"Malyangaba","partof":"Malyangaba","prec":3}},{"type":"MultiPolygon","arcs":[[[884,-784,885,886,-231]]],"id":"venetia","properties":{"name":"Venetia","subjecto":"Venetia","partof":"Venetia","prec":3}},{"type":"MultiPolygon","arcs":[[[-580,887]]],"id":"bigambul","properties":{"name":"Bigambul","subjecto":"Bigambul","partof":"Bigambul","prec":3}},{"type":"MultiPolygon","arcs":[[[888]]],"id":"alawa","properties":{"name":"Alawa","subjecto":"Alawa","partof":"Alawa","prec":3}},{"type":"MultiPolygon","arcs":[[[889]]],"id":"ngarigo","properties":{"name":"Ngarigo","subjecto":"Ngarigo","partof":"Ngarigo","prec":3}},{"type":"MultiPolygon","arcs":[[[890,-432,-383]]],"id":"cochin_china","properties":{"name":"Cochin China","subjecto":"Cochin China","partof":"Cochin China","prec":3}},{"type":"MultiPolygon","arcs":[[[891]]],"id":"agwarmin","properties":{"name":"Agwarmin","subjecto":"Agwarmin","partof":"Agwarmin","prec":3}},{"type":"MultiPolygon","arcs":[[[892]]],"id":"kukatja","properties":{"name":"Kukatja","subjecto":"Kukatja","partof":"Kukatja","prec":3}},{"type":"MultiPolygon","arcs":[[[893]]],"id":"dhirari","properties":{"name":"Dhirari","subjecto":"Dhirari","partof":"Dhirari","prec":3}},{"type":"MultiPolygon","arcs":[[[894]]],"id":"warlmanpa","properties":{"name":"Warlmanpa","subjecto":"Warlmanpa","partof":"Warlmanpa","prec":3}},{"type":"MultiPolygon","arcs":[[[895,-582,896,-573]]],"id":"kooma","properties":{"name":"Kooma","subjecto":"Kooma","partof":"Kooma","prec":3}},{"type":"MultiPolygon","arcs":[[[897,-540,898,-536]]],"id":"mudburra","properties":{"name":"Mudburra","subjecto":"Mudburra","partof":"Mudburra","prec":3}},{"type":"MultiPolygon","arcs":[[[899]]],"id":"nana","properties":{"name":"Nana","subjecto":"Nana","partof":"Nana","prec":3}},{"type":"MultiPolygon","arcs":[[[900,-715,901,-713,902,-711,903,-709,-546,-639,-470,904]]],"id":"ngatjumay","properties":{"name":"Ngatjumay","subjecto":"Ngatjumay","partof":"Ngatjumay","prec":3}},{"type":"MultiPolygon","arcs":[[[905]]],"id":"kuyani","properties":{"name":"Kuyani","subjecto":"Kuyani","partof":"Kuyani","prec":3}},{"type":"MultiPolygon","arcs":[[[906]]],"id":"dieri","properties":{"name":"Dieri","subjecto":"Dieri","partof":"Dieri","prec":3}},{"type":"MultiPolygon","arcs":[[[-466,907,-468,908,909,-462,910]]],"id":"nawu","properties":{"name":"Nawu","subjecto":"Nawu","partof":"Nawu","prec":3}},{"type":"MultiPolygon","arcs":[[[911]]],"id":"walmatjarri","properties":{"name":"Walmatjarri","subjecto":"Walmatjarri","partof":"Walmatjarri","prec":3}},{"type":"MultiPolygon","arcs":[[[912]]],"id":"ngargad","properties":{"name":"Ngargad","subjecto":"Ngargad","partof":"Ngargad","prec":3}},{"type":"MultiPolygon","arcs":[[[913]]],"id":"karuwali","properties":{"name":"Karuwali","subjecto":"Karuwali","partof":"Karuwali","prec":3}},{"type":"MultiPolygon","arcs":[[[-61,-171]]],"id":"finnmark","properties":{"name":"Finnmark","subjecto":"Denmark-Norway","partof":"Finnmark","prec":3}},{"type":"MultiPolygon","arcs":[[[914]]],"id":"badimaya","properties":{"name":"Badimaya","subjecto":"Badimaya","partof":"Badimaya","prec":3}},{"type":"MultiPolygon","arcs":[[[915]]],"id":"kuungkari","properties":{"name":"Kuungkari","subjecto":"Kuungkari","partof":"Kuungkari","prec":3}},{"type":"MultiPolygon","arcs":[[[916]]],"id":"barkindji","properties":{"name":"Barkindji","subjecto":"Barkindji","partof":"Barkindji","prec":3}},{"type":"MultiPolygon","arcs":[[[917]]],"id":"palyku","properties":{"name":"Palyku","subjecto":"Palyku","partof":"Palyku","prec":3}},{"type":"MultiPolygon","arcs":[[[918]]],"id":"barindji","properties":{"name":"Barindji","subjecto":"Barindji","partof":"Barindji","prec":3}},{"type":"MultiPolygon","arcs":[[[919]]],"id":"yandruwandha","properties":{"name":"Yandruwandha","subjecto":"Yandruwandha","partof":"Yandruwandha","prec":3}},{"type":"MultiPolygon","arcs":[[[-538,920]]],"id":"gurindji","properties":{"name":"Gurindji","subjecto":"Gurindji","partof":"Gurindji","prec":3}},{"type":"MultiPolygon","arcs":[[[921]]],"id":"ngadjuri","properties":{"name":"Ngadjuri","subjecto":"Ngadjuri","partof":"Ngadjuri","prec":3}},{"type":"MultiPolygon","arcs":[[[-493,922]]],"id":"nyikina","properties":{"name":"Nyikina","subjecto":"Nyikina","partof":"Nyikina","prec":3}},{"type":"MultiPolygon","arcs":[[[923,-782]]],"id":"tuscany","properties":{"name":"Tuscany","subjecto":"Tuscany","partof":"Tuscany","prec":3}},{"type":"MultiPolygon","arcs":[[[-454,924,-452,925]]],"id":"kurnai","properties":{"name":"Kurnai","subjecto":"Kurnai","partof":"Kurnai","prec":3}},{"type":"MultiPolygon","arcs":[[[-481,926,-505,927,-479,928]]],"id":"amangu","properties":{"name":"Amangu","subjecto":"Amangu","partof":"Amangu","prec":3}},{"type":"MultiPolygon","arcs":[[[929]]],"id":"wakabunga","properties":{"name":"Wakabunga","subjecto":"Wakabunga","partof":"Wakabunga","prec":3}},{"type":"MultiPolygon","arcs":[[[-566,930]]],"id":"andegerebenha","properties":{"name":"Andegerebenha","subjecto":"Andegerebenha","partof":"Andegerebenha","prec":3}},{"type":"MultiPolygon","arcs":[[[-808,931,932,933,934,-803,935,-232,-887,936,-760,937,-820,938,-818,939,-816,940,-814,941,-812,942,943,944]],[[-833]]],"id":"lombardy","properties":{"name":"Lombardy","subjecto":"Lombardy","partof":"Lombardy","prec":3}},{"type":"MultiPolygon","arcs":[[[945]]],"id":"bandjigali","properties":{"name":"Bandjigali","subjecto":"Bandjigali","partof":"Bandjigali","prec":3}},{"type":"MultiPolygon","arcs":[[[-575,946]]],"id":"margany","properties":{"name":"Margany","subjecto":"Margany","partof":"Margany","prec":3}},{"type":"MultiPolygon","arcs":[[[-650,-424,-677]]],"id":"ambur","properties":{"name":"Ambur","subjecto":"Ambur","partof":"Ambur","prec":3}}]}},"arcs":[[[6474,9316],[2,11],[-10,11],[10,14],[20,6],[-10,13],[19,29],[21,1],[13,18],[24,19],[29,8],[16,-1],[10,5],[10,20],[14,3],[22,-9],[31,12],[64,13],[15,23],[57,7],[12,-11],[2,-12],[-11,-15],[-24,-16],[-33,-14],[-56,-16],[-55,-19],[-23,-10],[-27,-8],[-12,-6],[-4,-9],[8,-7],[-17,-19],[-33,1],[-7,-14],[8,-8],[-20,-22],[-14,8],[-8,-10],[11,-9],[1,-11],[-14,-21],[-11,-9],[-34,16],[-31,-8],[-18,19],[25,24],[28,3]],[[5482,8015],[0,39],[10,18],[1,23],[9,21],[25,11],[1,-8],[14,-18],[4,-20],[16,-8],[14,11],[2,10],[-3,41],[7,35],[-4,7],[-8,-15],[-11,10],[0,30],[-5,-6],[-4,14],[2,25],[17,4],[9,14],[12,6],[14,-6],[5,9],[26,-3],[38,-11],[9,11],[3,15],[4,-7],[6,12],[9,-4],[8,17],[20,-12],[10,5],[-12,23],[-21,-2],[-11,7],[-4,10],[3,20],[-30,-14],[-8,1],[-8,-9],[-11,6]],[[5640,8327],[5,52],[20,10]],[[5665,8389],[19,-2],[-4,-11],[10,0],[17,12],[-9,17]],[[5698,8405],[32,11],[40,82],[39,12],[-1,12],[-58,28],[-15,22],[-12,169],[7,53],[0,39],[-4,36],[11,59],[8,48]],[[5745,8976],[12,2],[12,16]],[[5769,8994],[8,1],[21,16],[3,-17],[11,-16],[20,-6],[1,-19],[9,10],[51,-5],[51,-25],[13,-12],[28,-35],[35,-15],[26,-20],[4,-9],[2,-24],[6,-19],[-12,-27],[-24,-26],[-22,-12],[-33,-2],[-64,18],[-46,27],[-21,5],[-12,20],[-10,5],[-12,-4],[15,-25],[20,-24],[31,-23],[5,-14],[-4,-23],[-8,-6],[3,-21],[10,-31],[3,-23],[6,-5],[27,-7],[6,-20],[33,-12],[15,7],[3,20],[-5,13],[-17,1],[-8,6],[-12,26],[9,22],[6,0],[15,-15],[45,-25],[12,-3],[11,5],[9,-6],[4,21],[-14,29],[-4,21],[3,10],[40,27],[25,33],[29,-12],[22,-17],[10,43],[-4,35],[-15,13],[14,32],[-1,27],[-10,17],[6,12],[18,-7],[26,3],[8,-4],[22,-49],[-33,-5],[-11,-7],[-6,-16],[15,-15],[9,-18],[20,-10],[33,7],[4,5],[10,49],[16,6],[16,14],[37,23],[38,18],[11,10],[3,-15],[11,1],[8,24],[14,9],[11,-2],[-3,-32],[-11,-3],[-2,-12],[9,-6],[27,8],[5,-8],[10,25],[6,6],[25,6],[23,-8],[14,3],[13,15],[23,11],[16,-11],[-8,-15],[2,-7],[18,-7],[5,20],[16,1],[12,16],[2,14],[-18,33],[19,20],[36,-3],[46,-17],[27,-17],[14,-3],[35,-22],[46,-49],[8,2],[17,43],[-16,1],[-12,21],[0,22],[-9,9],[-26,5],[3,24],[13,19],[-4,35],[-15,2],[-3,9],[4,17],[29,23],[14,16],[14,33],[7,39],[8,14],[25,-7],[41,7],[23,-1],[7,-4],[4,-19],[-10,-39],[-17,-27],[-3,-11],[9,-11],[16,-33],[3,-26],[-10,-20],[3,-38],[0,-42],[9,-32],[13,-8],[2,-10],[-6,-16],[-10,-37],[-25,-35],[-15,-15],[4,-17],[-20,-12],[-30,15],[-20,-5],[2,-10],[17,-16],[20,-7],[50,-4],[9,23],[18,11],[15,16],[8,28],[10,11],[11,20],[-2,30],[-7,18],[3,17],[11,8],[18,5],[22,0],[21,-22],[2,-25],[-5,-34],[16,-15],[17,-2],[11,5],[1,9],[-17,12],[-13,2],[1,13],[13,12],[-9,48],[-7,9],[-51,20],[-20,-10],[-28,6],[-7,43],[3,21],[13,38],[-15,41],[-14,23],[11,18],[15,3],[23,20],[4,28],[-2,22],[17,-7],[-1,-33],[-8,-19],[0,-33],[11,-18],[38,-10],[21,-2],[10,-14],[14,1],[-6,29],[-7,9],[-36,5],[-15,20],[3,10],[18,2],[20,-8],[10,5],[-2,24],[16,6],[17,1],[31,-20],[14,-17],[24,-14],[24,0],[9,5],[2,-11],[-19,-20],[-5,-57],[4,-4],[9,25],[8,8],[8,-17],[-1,-25],[18,16],[0,10],[-14,42],[11,32],[-10,14],[-22,17],[-3,12],[-38,16],[-4,10],[-1,31],[-10,22],[11,17],[29,3],[33,1],[45,10],[11,-12],[24,18],[18,3],[8,-6],[-13,-11],[-5,-13],[29,11],[15,21],[-4,14],[-16,15],[-5,10],[4,25],[67,49],[20,10],[46,3],[56,17],[31,22],[36,-1],[5,-6],[-4,-14],[32,-2],[33,13],[12,2],[22,-8],[9,7],[-1,16],[6,11],[24,1],[16,12],[-8,17],[2,11],[15,14],[20,13],[28,13],[16,2],[32,-1],[11,-9],[0,-9],[-19,-13],[-9,-11],[6,-5],[24,4],[20,-5],[26,3],[-2,-13],[-15,-15],[-4,-9],[36,0],[3,-3],[13,18],[40,3],[50,-9],[18,-8],[15,-14],[7,-14],[20,2],[6,-16],[-18,-27],[15,-16],[-30,-28],[-28,-11],[-82,-66],[-10,-9],[-31,-12],[-30,-19],[-26,-37],[23,8],[11,14],[37,6],[63,22],[12,9],[-7,17],[11,17],[11,-7],[7,-13],[16,-7],[20,0],[15,8],[6,-2],[3,-26],[7,-13],[18,25],[21,0],[19,5],[30,0],[51,-7],[-3,-25],[4,-10],[26,-5],[33,-10],[48,6],[18,-12],[18,30],[-3,23],[23,15],[17,-2],[25,-19],[57,0],[22,-20],[1,-12],[-34,-18],[-32,-23],[1,-10],[25,-3],[9,-5],[28,-28],[27,-41],[23,-26],[17,-10],[8,0],[10,13],[25,57],[11,11],[3,-15],[10,-10],[31,-14],[11,3],[25,15],[21,0],[15,-8],[25,-24],[15,21],[-1,8],[15,10],[14,-14],[17,-1],[-1,31],[4,29],[-15,-5],[-10,3],[9,13],[37,8],[20,21],[25,-8],[67,-16],[30,-2],[-22,-21],[24,2],[0,-17],[-22,-15],[-3,-10],[9,-1],[18,9],[13,11],[20,26],[51,-3],[24,-10],[5,-10],[-29,-19],[29,-14],[28,-6],[22,-19],[5,-14],[14,-16],[36,4],[46,15],[29,4],[38,-4],[29,-9],[23,-19],[11,-23],[-5,-33],[7,-8],[28,-6],[0,-22],[5,-13],[9,5],[7,14],[16,13],[30,1],[20,9],[9,-1],[8,-14],[9,-4],[47,-2],[11,4],[18,16],[22,-31],[25,-19],[4,-13],[8,-5],[20,5],[21,10],[2,8],[-14,38],[-10,4],[11,29],[54,-8],[16,-5],[2,-11],[18,5],[56,2],[17,-5],[25,-13],[18,-3],[26,-17],[10,-2],[29,-22],[0,-286],[-28,-13],[-8,-12],[-21,-4],[-16,4],[-8,23],[-12,-11],[-11,0],[-11,9],[6,-16],[-7,-10],[16,-9],[8,11],[9,-4],[0,-15],[13,-16],[17,5],[8,-35],[-10,-17],[8,2],[19,-35],[-2,-15],[10,4],[-2,-21],[-14,-17],[-41,14],[-3,13],[-10,1],[-8,-22],[-39,-29],[-18,-6],[-17,-20],[-13,-1],[-16,-23],[-12,-1],[-14,-30],[-22,-14],[-5,-15],[-20,-12],[-2,-19],[-11,-11],[-8,10],[-4,21],[-9,10],[-27,0],[-31,-12],[-31,-40],[-2,4],[7,42],[-12,0],[-10,-17],[-14,-11],[-1,-17],[-9,-5],[-13,30],[-10,-14],[-11,-5],[-10,-25],[6,-13],[-14,-23],[5,-5],[-20,-30],[-12,-27],[0,-18],[12,-13],[17,2],[9,-11],[-15,-28],[-3,-9],[7,-32],[10,-3],[2,-32],[-5,-12],[-12,5],[4,24],[-11,-8],[-13,-27],[-10,-41],[4,-22],[10,-18],[-13,-23],[-25,2],[-8,-6],[-13,-20],[-7,-16],[0,-20],[6,-25],[-16,-8],[-25,-22],[-2,-45],[-14,-38],[-34,-52],[-9,69],[-1,26],[-9,37],[-9,74],[0,19],[-7,61],[0,26],[5,71],[2,8],[24,41],[9,30],[-3,16],[21,12],[23,20],[31,42],[7,25],[34,43],[20,28],[8,24],[16,14],[27,17],[14,38],[-7,7],[10,30],[2,28],[7,7],[29,5],[-6,10],[-27,7],[-32,-15],[0,-10],[-8,-30],[1,-11],[-15,-8],[-19,-23],[-26,-34],[-18,-9],[7,26],[-12,2],[-2,9],[11,40],[-5,8],[-21,-16],[-11,17],[-49,-11],[-20,-16],[0,-21],[-21,-24],[2,-16],[-17,-12],[-23,-30],[-11,-30],[0,-12],[7,-7],[16,-1],[4,-13],[-28,-13],[-22,6],[-18,-17],[-9,11],[-24,-17],[-9,8],[1,9],[23,9],[-10,21],[-11,7],[-29,-3],[-11,14],[-19,0],[-9,-8],[0,-13],[-9,-15],[-14,12],[-26,-5],[-20,7],[-7,-2],[-3,-20],[-13,4],[-3,21],[-72,-4],[-14,-9],[-12,-15],[-17,-32],[-21,-18],[-16,-43],[-33,-38],[-15,-23],[-32,-59],[-20,-29],[-35,-40],[-9,-13],[-2,-21],[6,-9],[18,-2],[21,4],[-4,-55],[12,0],[8,12],[10,-4],[-9,-23],[5,-2]],[[8785,7827],[-31,-32],[-25,0],[-17,-5],[-13,37],[-23,-58],[-8,0],[-21,-22],[-11,6],[-25,106],[-17,0],[11,96],[-15,59],[-34,59],[-10,-16],[-19,5],[-36,-16],[-10,0],[-46,-21],[-24,5],[-16,11],[-24,-32],[-21,-6],[-6,-37],[-12,-21],[-3,-27],[-8,-16],[4,-16],[-4,-32],[21,-5],[0,-30],[-13,-2],[-14,-10],[-20,-35],[-2,-8],[18,2],[7,-18],[-2,-26],[-17,-20],[-8,-17],[-21,-65],[6,-16],[-1,-18],[-10,-11],[-31,-24],[-10,-3],[-27,30],[-23,-10],[-16,9],[-9,17],[-22,3],[-15,-16],[-15,-29],[-14,-13],[-33,-11],[-33,-5],[-23,4],[-28,16],[-25,22],[-25,35],[-10,7],[-33,2],[-10,-2],[-32,-18],[-29,21],[-11,26],[-4,40],[-31,22],[-60,26],[-37,8],[-8,49],[-42,70],[-19,0],[-46,-104],[-28,3],[-17,-59],[-56,0],[-125,-241],[-6,-6]],[[7312,7444],[-65,10],[33,66],[-79,78],[-81,37],[-105,242],[-55,83],[-236,-75],[-7,-49],[-152,4],[-7,-84],[-15,-111],[-87,55],[-110,-46],[-7,-46],[22,-75],[-15,-92],[11,-47],[-11,-26]],[[6346,7368],[-21,-13],[-20,-26],[-11,-1],[-14,-29],[-6,-4],[-15,-23],[-13,-6],[-5,5],[-4,-22],[-11,-42],[-8,-13],[-1,-17],[14,-19],[7,-25],[-2,-18]],[[6236,7115],[-9,-15],[2,-43],[27,-95],[-6,-18],[-19,6],[0,10],[-14,29],[-23,15],[-8,15],[2,20],[-10,1],[-14,16],[-9,-1],[-10,-10],[-10,-2],[-31,-75]],[[6104,6968],[-5,1],[-12,-14],[-22,5]],[[6065,6960],[5,26],[0,23],[-7,48],[-8,17],[-25,18],[-38,68],[-23,20],[-6,17],[-12,-2],[-15,38],[20,9],[2,16],[8,31],[13,6],[-6,17],[-14,20],[18,9],[25,25],[-3,14],[-50,-13],[-6,-14],[-38,-16],[-12,-12],[-6,10],[-9,-26],[-24,-1],[-6,-5],[33,-42],[2,-20],[7,-1],[15,9],[19,-4],[-7,-21],[-12,-5],[-13,4],[-9,-16],[-20,-8],[-10,-19],[-18,8],[5,24],[-5,23],[-11,9],[-14,5],[11,16],[21,19],[-3,15],[-29,-1],[-9,3],[-8,17],[8,14],[-7,19],[-5,-11],[-27,-10],[-11,-28]],[[5751,7302],[-10,7],[-19,39],[-8,33],[-6,39],[-34,45],[-2,22],[-5,-6],[-10,12],[0,-13],[-27,21]],[[5630,7501],[-3,14],[1,109],[-18,-10],[-9,30],[-10,-8],[-7,4],[-1,18],[-6,4],[-3,24],[-7,-14],[-8,22]],[[5559,7694],[-2,-2]],[[5557,7692],[1,36]],[[5558,7728],[-60,95],[36,29]],[[5534,7852],[-4,55],[5,16],[-7,16],[-25,24],[-12,37],[-9,15]],[[5735,8384],[19,-27],[16,-48],[-2,-14],[12,-3],[7,24],[23,-5],[12,34],[-12,34],[-27,23],[-6,14],[-7,-1],[-7,12],[-11,-21],[-7,2],[-4,-20],[-6,-4]],[[5909,8425],[-9,21],[4,22],[-2,12],[-35,29],[3,-15],[21,-14],[5,-20],[-14,-2],[0,-10],[-12,30],[1,-27],[-9,6],[-9,23],[-1,-8],[16,-29],[2,-25],[24,-22],[3,-23],[-12,3],[-5,10],[-5,-8],[18,-6],[11,-11],[16,25],[1,14],[-12,25]],[[8004,7994],[-5,0],[-11,-17],[-1,-25],[-20,-66],[-11,-31],[-13,-17],[-2,-13],[-13,-14],[-6,-19],[-12,-23],[-11,-10],[-14,-30],[-11,-14],[-18,-9],[-21,-4],[0,-7],[17,-9],[12,-1],[28,15],[11,18],[3,27],[13,-1],[5,12],[29,22],[20,37],[7,4],[-2,17],[-9,-5],[9,21],[11,4],[9,21],[-2,16],[8,48],[6,45],[-6,8]],[[5880,8557],[-3,10],[-15,9],[6,-28],[11,-20],[-3,18],[16,1],[-12,10]],[[5834,8545],[-1,-10],[11,-6],[10,2],[-4,14],[-16,0]],[[5673,8393],[-3,-3]],[[5670,8390],[3,3]],[[5891,8443],[0,0]],[[6491,9243],[-10,-22],[-9,-3],[-9,-20],[1,-26],[5,-34],[19,-37],[25,-22],[-1,-9],[-33,2],[-11,-1],[-19,-14],[-9,16],[-27,2],[-1,12],[17,11],[0,9],[-30,22],[-20,5],[-12,-9],[-9,1],[-8,13],[-1,14],[8,17],[17,-3],[20,31],[4,11],[-17,8],[25,29],[18,1],[17,8],[31,3],[20,-9],[-1,-6]],[[7925,7795],[1,6],[16,13],[-4,-13],[-13,-6]],[[7974,5363],[14,28],[6,-2],[4,19],[10,-9],[5,11],[15,5],[8,-22],[-13,-35],[-5,-43],[-17,-15],[-6,-23],[-22,27],[-3,42],[4,17]],[[7135,7332],[58,-3],[119,115]],[[8785,7827],[21,0],[7,8],[5,17],[0,20],[27,0],[21,-20],[6,-20],[23,-35],[-9,-16],[8,-17],[-4,-24],[9,-11],[-15,-48],[-10,-44],[-2,-22],[4,-30],[-4,-54],[-7,-62],[-24,-50],[-8,-35],[-17,-32],[-10,-44],[-8,-19],[-35,-75],[-13,-41],[-17,-26],[-13,-37],[-11,-22],[-13,-16],[-33,-23],[-4,14],[-10,1],[-8,23],[-15,-13],[6,19],[-8,-5],[-15,-34],[-18,-34]],[[8591,7020],[-13,49],[-11,-15],[-3,-24],[-20,-25],[-22,3],[-4,-19],[7,-28],[-19,-7],[-13,13],[-4,13],[-10,-5],[-9,-33],[-8,-18],[-40,-48],[-10,-31]],[[8412,6845],[-31,-12],[-29,-30],[-15,-28],[-12,-9],[17,42],[-11,1],[-1,15],[25,58],[-10,27],[-10,10],[-11,-1],[-21,-51],[-13,-8],[-13,-14],[-11,-45],[-12,-3],[-8,-13],[-6,18],[-9,-3],[-9,-44],[4,-23],[18,-17],[15,2],[4,-9],[-2,-36],[4,-27],[18,3],[17,33],[14,12],[22,-29],[13,3],[14,-5],[-4,-41],[-12,9],[-28,-20],[-9,-14],[-1,-24],[-6,-5],[-4,15],[-7,-4],[2,-15],[-8,-28],[-18,-36],[-1,-26],[8,-7],[19,-33],[5,-17],[6,-40],[8,-21],[1,-37],[11,-15],[5,-19],[10,-17],[1,-15],[-10,-12],[6,-13],[4,-25],[-2,-16],[-15,-8],[-12,-18],[-19,-17],[14,-8],[12,14],[9,0],[6,-20],[11,-6],[-3,-15],[-8,-15],[8,-7],[-6,-35],[-3,-32],[-5,-19],[-4,11],[-15,-50],[-4,-30],[-14,-34],[-12,-8],[3,-23],[-2,-36],[-4,-17],[-7,-7],[-8,-42],[-13,-28],[-12,7],[-4,-10],[2,-27],[-13,-26],[-12,-10],[-16,-25],[-2,-21],[-14,-6],[-4,-14],[-11,10],[-13,-19],[-9,-3],[0,15],[-24,-14],[-7,21],[-2,-44],[-8,-13],[-7,5],[-3,-22],[-20,-6],[-6,6],[-9,-18],[-12,-1],[-15,-18],[-9,3],[-5,-30],[10,-31],[-14,-14],[-6,24],[-3,35],[5,31],[-8,8],[-11,-14],[-9,7],[-7,23],[-5,-21],[-14,-5]],[[7951,5519],[-23,14],[-12,20],[-4,29],[6,24],[-4,19],[-18,0],[-10,8],[-8,19],[-24,-37],[-31,-6],[-11,-17],[-12,16],[-17,-11]],[[7783,5597],[-9,-11],[-4,-18],[7,-48],[-5,-18],[-10,3],[-10,33],[-16,-19],[-8,12],[-8,36],[-13,-1],[-4,14],[9,52],[0,8],[-14,1],[-3,11],[-3,57],[-18,0],[-13,-15]],[[7661,5694],[-4,1],[3,27],[-3,38],[10,34],[14,26],[10,51],[-3,82],[-12,5],[-6,39],[-5,14],[-10,8],[-4,-15],[-53,-20],[-18,-24],[-14,-50],[-55,-21],[-24,-22],[-44,6]],[[7443,5873],[33,28],[-3,0]],[[7473,5901],[31,17],[-24,73],[-43,1],[-3,13],[-43,-33]],[[7391,5972],[1,9]],[[7392,5981],[-9,6],[-4,-9],[-15,1],[-4,12],[-14,9],[-4,-13],[-14,12],[-6,16],[-17,0],[2,22],[-8,-8],[-19,29],[-5,27],[-11,-9],[-9,26],[-13,12],[-10,19],[-11,9],[-1,19],[-14,7],[-6,-4]],[[7200,6164],[-36,84],[-7,81]],[[7157,6329],[-9,104],[-9,111],[-4,108],[-21,40]],[[7114,6692],[-55,40],[-68,484]],[[6991,7216],[0,39],[6,9],[-1,25],[14,8],[4,19],[14,17],[6,-8],[18,4],[25,-7],[9,3],[16,-11],[25,2],[8,16]],[[2194,7509],[-161,-1],[-276,2],[-14,-1],[-62,1],[-69,-1],[90,-330],[9,-115]],[[1711,7064],[-40,-75]],[[1671,6989],[-62,0],[-52,35],[-50,98],[-25,17],[-27,-12],[-34,-127],[-54,-157]],[[1367,6843],[-13,37],[0,30],[6,32],[0,28],[-2,26],[-9,48],[-2,30],[9,23],[5,24],[-6,29],[8,70],[2,52],[-2,38],[-3,4],[0,43],[-4,37],[-12,48],[2,19],[25,-14],[15,1],[12,-13],[1,-14],[-11,-25],[12,-16],[8,25],[4,34],[-8,54],[-17,32],[0,25],[-9,-8],[-9,11],[-4,22],[-14,-11],[-9,16],[-4,40],[-13,-3],[-22,15],[-7,24],[-8,-7],[-21,2],[-7,16],[7,38],[-16,3],[13,26],[15,21],[-20,-5],[-10,8],[0,31],[-10,0],[-13,35],[2,25],[-7,-2],[-11,-16],[-16,30],[-8,44],[13,31],[-5,23]],[[1194,7959],[-5,25],[2,26],[-5,8],[-41,36],[-6,12],[-22,62],[-22,57],[-11,19],[-26,38],[-13,33],[-17,-2],[-25,-38],[-11,-7],[-3,-10],[-12,22],[-27,43],[-11,34],[-10,2],[-31,-4],[-8,2]],[[890,8317],[-5,10],[-2,104],[1,211],[-1,91],[-1,172],[77,53]],[[959,8958],[16,-9],[43,-10],[20,-12],[-5,20],[-9,11],[-1,14],[17,14],[19,3],[32,-5],[32,25],[30,8],[11,14],[24,4],[11,-4],[-6,-14],[-19,-8],[-14,-12],[-31,-14],[-9,-17],[-23,-9],[-8,-15],[11,-9],[18,-24],[-1,29],[16,8],[14,22],[22,1],[27,25],[26,6],[9,11],[22,14],[4,17],[-18,27],[12,-3],[19,-19],[15,-43],[24,-25],[14,-7],[8,5],[-6,30],[20,8],[5,-11],[-2,-23],[22,-2],[15,15],[7,16],[20,1],[20,-8],[40,-25],[68,-30],[29,-7],[32,2],[11,-3],[26,-21],[8,-19],[-37,-9],[-5,-23],[43,-12],[44,-3],[21,4],[35,13],[12,-1],[18,-16],[18,-6],[22,-18],[-1,-10],[-11,-11],[28,-36],[-3,23],[14,6],[-13,27],[-4,21],[2,24],[41,10],[9,17],[7,1],[34,-18],[25,1],[7,-13],[16,-10],[24,-7],[15,0],[11,7],[46,-1],[14,2],[15,9],[25,-25],[6,0],[3,27],[-18,12],[-17,2],[1,15],[22,0],[39,-21],[-4,-38],[3,-17],[28,-21],[-7,51],[5,24],[20,0],[15,28],[19,7],[-6,27],[-14,-6],[-13,3],[7,17],[23,7],[16,-18],[-1,40],[-9,-3],[-20,5],[-11,11],[-9,-3],[-16,6],[-24,14],[-8,11],[-1,15],[15,20],[-22,19],[9,26],[12,11],[13,-8],[4,12],[-11,21],[10,12],[28,2],[16,-9],[17,-15],[8,-23],[-4,-19],[17,-18],[24,-32],[-4,-11],[-13,-1],[-11,-27],[19,-10],[23,3],[33,-11],[0,-81],[8,12],[8,37],[9,14],[7,-1],[22,-27],[9,-27],[-2,-14],[-14,2],[-3,-23],[4,-13],[28,-46],[24,15],[3,21],[17,26],[8,46],[3,6],[22,0],[2,17],[-24,22],[1,29],[7,9],[23,0],[44,-20],[17,-22],[14,3],[5,-7],[4,-33],[-15,-11],[-9,18],[-14,-9],[6,-27],[9,-24],[25,-36],[-6,-31],[-24,-31],[-8,-2],[-15,-17],[-9,9],[-22,31],[-13,10],[-9,-9],[17,-17],[19,-29],[-34,-2],[-13,24],[-38,-3],[-3,-7],[24,-22],[-2,-6],[-34,-47],[-15,-6],[-11,8],[-13,18],[-25,16],[-14,3],[0,-14],[32,-32],[20,-14],[29,-6],[-8,-35],[-26,-37],[-20,-7],[-12,4],[-14,13],[-1,-21],[4,-18],[-4,-3],[-94,26],[28,-28],[20,-5],[17,-9],[29,-6],[0,-26],[-40,-7],[-25,5],[-4,-9],[16,-14],[-6,-14],[-14,-10],[-24,-29],[3,-23],[-16,-15],[-14,-39],[-11,-61],[-1,-32],[3,-45],[8,-12],[15,-4],[15,3],[8,-11],[16,-62],[3,-22],[-2,-29],[9,-1],[23,14],[38,1],[8,-18],[27,-14],[25,-29],[12,-30],[45,-22],[21,-20],[20,-12],[25,4],[34,-12],[5,-6],[-6,-51],[6,-20],[0,-47],[-4,-26],[14,-19],[3,-12],[0,-27],[12,-4],[13,-15],[8,-19],[6,-25],[8,0],[21,-33],[-7,31],[9,24],[13,-32],[3,29],[-2,15],[7,17],[1,18],[-10,56],[0,18],[-5,33],[8,1],[-5,23],[-13,15],[-5,30],[28,16],[38,50],[19,48],[4,38],[-4,34],[-6,28],[-18,32],[-26,32],[-4,11],[12,21],[11,42],[13,12],[-9,48],[4,21],[-23,3],[14,30],[7,27],[-12,15],[-4,26],[4,14],[14,16],[11,-2],[37,-20],[28,-3],[30,16],[20,-16],[35,-45],[-4,-13],[27,-23],[25,-12],[14,8],[4,-23],[-8,-11],[-1,-15],[10,-79],[-4,-17],[-10,1],[-2,-22],[5,-9],[15,13],[18,3],[14,-22],[2,-23],[7,6],[27,10],[10,31],[6,-5],[9,-23],[6,46],[13,21],[-8,16],[3,14],[13,3],[9,27],[8,-12],[18,-36],[8,-26],[17,-36],[-4,-21],[8,1],[4,-25],[16,-14],[6,-21],[-11,-8],[11,-18],[10,-6],[4,-21],[-6,-6],[-23,2],[12,-35],[13,-8],[28,-37],[3,-17],[-6,-25],[7,-2],[18,8],[10,-5],[22,-22],[32,-14],[-2,-9],[-19,-13],[-19,-9],[-15,-21],[-14,-2],[-7,-11],[-3,-29],[30,17],[15,25],[16,16],[15,3],[13,-18],[-5,-15],[4,-13],[14,12],[21,-22],[4,-14],[-10,-40]],[[3293,7765],[-189,-50],[-130,41],[-61,0],[-59,-98],[-34,-144],[-53,-110],[-40,12],[-53,-41],[-59,0],[-70,23],[-168,219],[-34,0],[-13,-40],[0,-58],[13,-87]],[[2343,7432],[-2,-1]],[[2341,7431],[-11,0],[0,20],[-32,-2],[-15,-13],[-7,3],[-10,18],[-8,-8],[-8,21],[-18,7],[-7,-2],[-11,14],[-21,51],[-6,-1],[7,-30]],[[5464,9726],[-32,-4],[-25,10],[11,15],[10,6],[24,34],[18,-23],[12,-3],[26,0],[9,-11],[11,10],[7,15],[11,10],[-3,-37],[11,0],[13,16],[13,8],[11,-4],[7,-15],[34,2],[20,-6],[7,-12],[-32,-27],[-21,-12],[-26,-7],[-17,-12],[-80,4],[0,12],[19,8],[9,22],[-47,1]],[[5267,9700],[22,-5],[4,26],[14,6],[28,-41],[10,-7],[7,7],[-9,21],[-4,22],[11,14],[19,-9],[17,-1],[7,-6],[-3,-23],[8,-9],[15,14],[18,-24],[22,-8],[27,-22],[-16,-9],[-26,-7],[-8,-10],[-10,-37],[-11,-28],[-16,-4],[-10,-18],[-6,-31],[-17,-6],[-45,28],[-17,18],[8,12],[43,6],[12,12],[-8,8],[-43,-8],[-22,-1],[-6,17],[12,2],[45,17],[20,14],[-33,13],[-11,10],[-7,-5],[-14,-20],[-21,-12],[-15,6],[-28,25],[-9,13],[21,13],[-10,19],[-17,-11],[-6,3],[-12,24],[10,12],[20,4],[36,3],[4,-27]],[[5501,8965],[-11,-1],[-13,-21],[-18,2],[-5,-50],[-4,-8],[-25,10],[-22,12],[-2,-27],[-6,-16],[-23,3],[-6,-5],[-19,-38],[3,-24],[-3,-11],[-33,-55],[-13,-1],[-2,-40],[-9,-34],[-14,-34],[9,-13],[4,-19],[-8,-11],[-21,-1],[-16,-12],[-13,-31],[-5,-57],[8,-24],[-4,-38],[20,-27],[-6,-21],[-12,-5],[11,-38],[-4,-29],[-15,-13],[-8,-21],[3,-27],[-4,-23],[-5,-1],[-6,15]],[[5204,8231],[-10,3],[-12,28],[1,-17],[-7,-19],[-14,0],[-9,-15],[-34,-44],[-1,-6],[-34,-9],[-8,15],[-23,18],[-7,2],[-6,19],[6,18],[14,-12],[-9,20],[13,15],[-30,2],[-3,14],[9,15],[16,0],[-12,8],[8,9],[2,15],[-17,-2],[-6,10],[13,17],[-13,6],[1,23],[8,9],[-8,8],[1,43],[19,6],[-11,13],[18,24],[13,0],[2,18],[20,-7],[7,8],[-13,8],[0,14],[26,3],[6,-8],[1,16],[10,19],[10,6],[7,-9],[7,16],[11,13],[7,27],[26,32],[10,-6],[2,15],[13,21],[7,15],[11,-1],[0,20],[-6,3],[12,35],[10,-2],[2,18],[12,4],[-11,19],[6,16],[17,1],[-7,17],[29,21],[-6,8],[12,14],[12,-4],[10,15],[-5,11],[14,16],[10,-13],[6,13],[-3,21],[14,0],[-5,16],[16,15],[5,15],[15,6],[6,22],[7,-9],[12,5],[17,-9],[16,41],[6,-3],[-5,-28],[10,14],[6,19],[10,3],[9,14],[14,-15],[11,29],[13,-3],[13,-16],[8,24],[9,14],[11,0],[10,19],[24,12],[12,-1],[-17,-24],[-4,-30],[5,-3],[9,19],[20,31],[9,9],[1,-38],[14,13],[11,29],[20,3],[3,-5],[-10,-17],[-3,-21],[12,-3],[3,14],[11,21],[6,0],[21,-19],[21,-5],[9,-16],[-15,-13],[-43,1],[23,-22],[5,-10],[29,4],[9,-8]],[[5745,8976],[-8,-3],[-35,-47],[1,18],[11,30],[0,9],[-35,29],[-40,-6],[-12,-15]],[[5627,8991],[-126,-26]],[[4206,8709],[20,2],[-10,19],[8,11],[12,-14],[12,4],[-10,21],[5,7],[25,-9],[10,-9],[5,-18],[-7,-23],[12,-26],[7,11],[19,14],[-2,32],[7,8],[12,-24],[12,-4],[-4,15],[17,12],[16,-22],[7,-2],[-4,23],[31,-7],[16,11],[-1,23],[15,-3],[8,-15],[27,-19],[-3,-18],[10,-9],[21,-5],[3,-23],[-4,-29],[-19,-8],[0,-14],[-13,-20],[-13,6],[-10,-16],[-26,-20],[-30,-6],[-10,-19],[-20,-8],[-26,7],[-24,20],[-32,2],[-24,4],[-4,6],[20,18],[9,19],[-17,5],[-5,13],[-35,-5],[-3,14],[14,7],[32,8],[7,16],[-6,14],[-24,7],[-25,-11],[-13,9],[5,18]],[[4157,9112],[-18,-11],[-36,-4],[-14,-13],[-9,-31],[14,-13],[12,-5],[35,-2],[23,7],[24,2],[29,-16],[40,-2],[-16,-21],[-45,-31],[-16,4],[-13,-22],[-29,-31],[-17,-11],[-28,-2],[-41,-18],[-12,13],[-5,-1],[-9,-30],[-12,-4],[-18,9],[-8,15],[-19,21],[-1,-7],[9,-34],[-26,-24],[-8,-13],[-21,-50],[-13,-28],[-10,-9],[-13,-2],[-14,9],[-7,-37],[-10,-9],[-21,2],[-15,-15],[12,56],[-25,6],[3,-28],[-15,-26],[-15,-6],[-28,-2],[8,-27],[-6,-15],[-33,6],[17,-26],[4,-11],[-4,-13],[-29,-5],[23,-25],[5,-11],[-11,-18],[-14,0],[5,-20],[-6,-15],[-14,6],[2,-31],[-13,3],[-26,-4],[9,-16],[18,-19],[-1,-34],[-5,-30],[-16,-1],[7,-19],[0,-36],[-20,-4],[10,-12],[5,-20],[-1,-15],[-16,8],[-14,16],[-11,-29],[-8,20],[2,18],[-20,13],[-7,10],[4,21],[-8,15],[-9,-11],[-31,-7],[-13,-18],[-10,31],[-27,28],[-6,25],[1,24],[-27,15],[-3,11],[9,36],[-18,7],[-4,27],[-14,3],[-7,18],[10,27],[16,11],[11,14],[-3,21],[-24,-9],[-8,-13],[-15,-14],[-4,10],[0,20],[-3,52],[-4,10],[-9,-1],[-17,27],[0,12],[11,17],[-4,6],[-14,-2],[4,15],[22,5],[4,22],[-27,1],[-5,11],[13,17],[-12,3],[2,19],[15,11],[66,-21],[3,30],[-3,6],[-67,38],[4,11],[10,0],[19,-11],[20,2],[3,30],[17,0],[-3,18],[-11,10],[9,29],[-4,9],[-30,5],[-36,26],[-22,4],[-20,27],[6,6],[15,1],[36,-11],[44,-30],[-3,23],[-11,18],[-10,29],[-15,9],[14,17],[-9,8],[-22,3],[-15,11],[-19,-34],[-11,-8],[-18,2],[-13,11],[-4,18],[9,31],[-2,40],[16,-4],[7,15],[-5,12],[-18,22],[-12,26],[-25,72],[-8,15],[-23,13],[-13,15],[0,22],[-12,14],[-32,8],[-49,25],[-28,6],[-33,3],[-10,-6],[-42,-14],[-34,15],[3,-28],[-30,7],[-40,20],[25,22],[-6,13],[-42,1],[-19,3],[-27,20],[8,10],[16,2],[39,-5],[43,-2],[27,5],[17,10],[1,11],[-19,17],[-29,-14],[-32,3],[-21,-5],[-19,8],[-9,11],[-19,8],[-15,1],[-18,16],[4,26],[45,11],[43,8],[12,13],[25,11],[32,0],[14,3],[25,-1],[17,16],[7,41],[-11,8],[-25,1],[-15,-6],[-12,4],[-16,12],[8,25],[17,11],[80,27],[27,5],[15,-2],[32,4],[4,13],[-4,32],[6,4],[24,2],[20,-7],[54,-26],[11,9],[-22,17],[-8,16],[30,6],[38,10],[33,7],[23,-6],[2,-57],[12,6],[7,10],[6,33],[12,-1],[26,-11],[43,-21],[3,10],[-30,40],[4,9],[32,-1],[49,-19],[17,-9],[51,-20],[24,-6],[10,6],[10,48],[-20,18],[-16,17],[10,8],[30,0],[38,11],[17,2],[20,-5],[28,-16],[46,-10],[4,24],[-4,16],[33,7],[26,2],[59,-8],[54,13],[26,0],[24,-7],[23,2],[25,-6],[7,3],[25,-4],[43,-5],[31,-25],[18,-8],[17,3],[48,-13],[5,-14],[-10,-10],[-81,-14],[-84,7],[-17,-6],[-61,-3],[-41,-16],[-4,-15],[9,-8],[33,9],[17,2],[50,-1],[28,4],[43,1],[12,-2],[31,-17],[55,22],[25,5],[8,-15],[-8,-16],[-42,-32],[-16,-24],[5,-15],[17,5],[20,18],[41,30],[32,17],[21,5],[38,-6],[20,10],[9,11],[14,7],[27,0],[36,-5],[44,-15],[2,-17],[-45,-13],[-23,-25],[-20,-12],[-20,-18],[-14,-2],[-60,1],[-29,-14],[-6,-17],[2,-11],[25,10],[20,2],[24,-4],[0,-13],[-10,-8],[-30,-4],[-9,-11],[-8,-42],[-8,-6],[-23,2],[-24,-65],[-2,-11],[11,-13],[18,27],[10,2],[35,-12],[3,-16],[-25,3],[-8,-10],[4,-9],[29,-10],[23,4],[10,-17],[-4,-19],[-24,7],[-31,4],[-16,-3],[-18,-15],[-17,9],[-13,-1],[-4,-13],[18,-19],[15,-7],[38,-7],[9,-5],[10,-30],[0,-18],[-10,-15],[-27,9],[-5,-3],[2,-26],[23,-15],[21,-10],[5,-12],[-4,-8],[-19,-8],[-23,1],[-35,5],[-8,-14],[7,-7],[18,-1],[23,-13],[0,-29],[-31,-2],[-8,-8],[-16,-1],[-16,5],[-19,13],[-16,18],[-27,-21],[-21,-8],[-30,3],[-18,-8],[-2,-14],[5,-17],[9,-8],[16,-2],[19,-8],[21,2],[32,-32],[32,-23],[4,-9],[7,-30],[15,12],[8,-21],[4,-49],[-7,-10],[-14,7],[-25,-2],[-19,9],[-8,14],[-10,29],[-26,28],[-23,7],[-19,-8],[26,-9],[5,-11]],[[4226,9191],[-11,7],[-4,14],[19,1],[25,-13],[10,-10],[2,-16],[-9,-8],[-32,25]],[[3349,8982],[-16,17],[-1,27],[4,11],[28,-6],[43,-28],[6,-17],[-18,-4],[-29,-14],[-17,14]],[[5124,8084],[27,10],[15,30],[21,12],[-5,-17],[2,-19],[-6,-17],[-40,-2],[-2,-13],[-9,-15],[-8,15],[5,16]],[[5225,7939],[-4,12],[-14,1],[-5,32],[13,18],[11,-22],[4,28],[10,0],[-1,-31],[-7,-12],[8,-9],[-10,-18],[-5,1]],[[5132,7943],[-2,21],[-15,8],[8,21],[-6,24],[2,24],[14,-5],[9,21],[9,-12],[2,29],[24,-3],[3,-27],[14,-2],[-2,-25],[-16,-1],[1,-9],[-7,-24],[-12,-20],[-4,-27],[16,-27],[-3,-13],[8,-6],[-14,-11],[-17,12],[-5,-9],[-9,4],[11,10],[-10,25],[1,22]],[[3358,4382],[23,-19],[26,-53],[11,-34],[8,7],[6,-18],[9,-89],[6,-45],[8,-28],[12,-7],[3,-37],[-7,-11],[-15,-57],[-15,-25],[-10,-25],[-12,-64],[-2,-19],[13,9],[17,24],[9,-55],[7,-6],[22,3],[10,9],[-4,-41],[6,18],[23,51],[10,43],[23,9],[9,-17],[12,-8],[24,-24],[8,-28],[8,11],[8,-10],[10,-38],[-7,-35],[3,-28],[11,26],[25,25],[7,-1],[22,-27],[34,-11],[25,9],[14,-11],[27,-43],[30,-67],[16,-31],[15,-12],[28,-4],[5,-6],[12,-100],[5,-69],[-7,-76],[-7,-42],[-6,-28],[-35,-80],[-11,-8],[-5,-20],[-1,-25],[-6,-34],[-18,-68],[-6,-7],[-1,14],[-8,12],[-1,-26],[-7,-53],[-2,-44],[5,-120],[-7,-83],[2,-45],[-15,-33],[-4,-38],[3,-47],[-4,-21],[-8,-20],[-10,-49],[-13,-45],[-3,-28],[2,-30],[-16,-12],[-11,-21],[-1,-27],[-29,-8],[-24,5],[-21,-2],[-3,-20],[-14,-17],[-8,-26],[-10,9],[-12,-11],[-30,-53],[-17,-26],[-7,-22],[-17,-10],[6,-33],[-3,-26],[-5,-10],[5,-21],[1,-73],[-4,-49],[-6,-24],[-18,-33],[-11,-34],[-15,-80],[-9,-33],[-19,-46],[4,27],[13,37],[8,38],[-1,8],[-9,-4],[-8,7],[-7,-54],[-4,-16],[-12,-23],[-9,-81],[-16,-55],[-14,-32]],[[3370,1528],[-5,35],[10,33],[-19,64],[-19,34],[-15,12],[-10,32],[-12,-15],[-16,52],[-9,15],[-24,-11],[14,37],[41,103],[25,55],[30,35],[2,15],[1,53],[-9,44],[-19,-6]],[[3336,2115],[0,39],[11,78],[-10,19],[-16,-14],[-86,306]],[[3235,2543],[11,46],[3,27],[2,54],[-8,41],[-15,25],[-1,18],[3,37],[-48,3],[-6,34],[-4,141],[-6,13],[-15,9],[-15,-2],[-8,13],[-5,25],[-16,5],[-9,19],[-18,18],[-19,3],[-14,31],[-14,49],[-3,47],[2,65],[-29,-2],[-4,-6],[-183,63],[-27,106],[-1,18],[3,20],[21,38],[-4,32],[12,67],[14,20],[24,26],[8,-3],[17,21],[18,-8]],[[2901,3656],[16,17],[3,48],[36,5],[4,23],[17,38],[16,-19],[-11,271],[11,4],[16,-25],[5,2],[9,23],[4,-31],[3,0],[18,45],[16,15],[8,35],[16,13],[80,9],[25,-32],[22,-42],[9,2],[18,29]],[[3242,4086],[22,23],[17,-2],[21,-11],[-8,33],[5,15],[13,-8],[16,14],[14,-15],[6,31],[6,48],[-1,14],[-6,27],[-4,55],[6,43],[9,29]],[[7114,6692],[-32,-63],[-23,-14],[-25,7],[-23,15],[-10,37],[-45,27],[-54,36],[-173,38],[-103,69],[-112,-216]],[[6514,6628],[-92,8]],[[6422,6636],[-5,78],[2,39],[3,24],[-11,30],[-13,6],[3,12],[13,-6],[-7,21],[4,15],[-19,-4],[-5,39],[7,42],[5,-21],[10,-1],[5,9],[2,-17],[11,7],[5,-5],[-1,17],[13,-1],[-2,18],[-17,25],[-5,45],[-7,2],[-19,-7],[-4,-19],[0,-28],[-7,11],[-5,39],[9,41],[-7,13],[-14,0],[-10,25],[-9,0],[1,15],[-8,24],[-6,35],[-16,7],[-2,19],[16,5],[13,-11],[6,6],[-13,23],[7,13],[5,23],[31,2],[19,-6],[-13,13],[0,10],[9,23],[3,26],[-4,13],[5,13],[-3,13],[-18,9],[-11,-11],[-10,13],[-12,6]],[[7135,7332],[-2,15],[-20,-11],[-3,-13],[-4,9],[-13,4],[-12,-3],[-22,2],[-8,10],[-11,3],[-11,-6],[-14,6],[-9,-5],[-15,-23],[-3,-18],[-10,-2],[3,-10],[-8,-26],[18,-48]],[[1702,7047],[203,-706],[366,-238]],[[2271,6103],[-16,2],[-22,13],[-20,-5],[-8,-11],[-11,2],[-2,15],[-5,-7],[6,-24],[-22,-40],[-17,-11],[-14,5],[4,-20],[-8,-20],[-20,-18],[8,-17],[-10,-32],[0,-27],[5,-46],[5,-29],[-11,-53],[-5,-63],[0,-60],[-1,-75],[10,-82],[27,-92],[16,-71],[4,-10],[22,-7],[14,-31],[10,-2],[33,23],[28,14],[0,-17],[10,-7],[7,15],[-6,14],[14,20],[34,20],[0,129],[4,6],[23,11],[21,14],[21,-8],[11,3],[8,-16],[-1,-24],[-20,-56],[0,-23],[-6,-21],[7,-1],[-7,-86],[-8,37],[-5,-11],[0,-18]],[[2378,5305],[-5,0],[-10,-43],[-5,9],[-4,-14],[-2,-139],[9,1]],[[2361,5119],[7,-13],[1,18],[10,-17],[20,12],[16,-7],[18,-1],[14,14],[8,-9],[27,5],[14,-13],[1,-28],[17,-10],[7,-45]],[[2521,5025],[-16,-31],[-7,-119],[6,-46]],[[2504,4829],[-1,-46],[5,-27],[15,-49],[7,-12],[12,-32]],[[2542,4663],[-10,-5],[0,-29],[6,-10],[-5,-12],[2,-17],[-5,-38]],[[2530,4552],[-3,43],[-8,8],[2,-25],[-11,19],[4,24],[-2,10],[-16,25],[-9,3],[-4,25],[-18,31],[4,-24],[8,-10],[-7,-18],[-6,17],[-14,23],[1,29],[4,20],[-11,39],[-36,91],[-12,28],[8,1],[-4,24],[-6,10],[-5,-24],[-20,6],[-38,31],[-1,19],[-35,1],[-8,7],[-27,53],[-12,29],[-33,66],[-22,15],[-8,-1],[-25,-31],[-9,-9],[-12,3],[-16,13],[-16,6],[-28,39],[-32,22],[-35,38],[-22,44],[-19,4],[-24,19],[-20,51],[-21,27],[-6,16],[-15,54],[11,19],[-4,12],[6,22],[-2,28],[-9,31],[2,24],[-8,20],[-20,57],[-25,68],[-14,25],[-3,24],[-14,19],[-10,27],[-12,2],[-2,22],[6,24],[-11,31],[-6,-8],[-6,32],[-12,12],[-6,18],[-1,28],[-19,19],[-12,28],[-9,40],[-18,62],[-12,62],[1,26],[-18,14],[0,15],[-8,11],[-7,-12],[-18,21],[-4,-50],[7,-20],[1,-51],[9,-27],[8,-9],[14,-39],[8,-39],[13,-16],[4,-45],[13,-15],[10,-61],[9,7],[3,-14],[5,-48],[15,-73],[0,-36],[9,-17],[8,12],[10,-45],[10,-8],[-1,-28],[-10,-23],[-4,1],[-6,37],[-33,61],[-15,32],[-7,23],[2,41],[-9,44],[-16,23],[-9,22],[-8,-3],[-26,34],[-16,44],[16,-5],[11,20],[1,26],[-6,21],[-20,43],[-18,27],[-7,43],[-6,4],[-2,31],[-16,60],[3,20],[-10,21],[-10,43],[-6,41],[-14,29],[-14,9],[-3,17],[-8,-1],[-11,10],[-10,19],[-26,2],[-4,8],[0,41],[-8,7],[1,14],[-13,22],[-5,20],[-10,20],[-2,25],[4,5],[-2,18],[-10,5],[-6,17],[-3,34],[13,-18],[-12,46],[0,-20],[-13,18],[-6,28],[-16,36],[-4,57]],[[1671,6989],[31,58]],[[1702,7047],[9,17]],[[2194,7509],[-3,-102],[44,-35],[-8,-39],[-13,-2],[-9,-27],[0,-18],[8,-32],[23,-24],[3,-18],[53,-70],[8,-48],[-3,-6],[5,-26],[28,-15],[0,-115],[-28,-12],[-12,-23],[2,-57],[38,-32],[0,-77],[13,-35],[1,-30],[8,-20],[0,-30],[-7,-3],[-6,-50],[-9,-9],[0,-121],[-36,-24],[36,-99],[-46,-67],[0,-40],[10,-22],[3,-23],[33,-20]],[[2330,6138],[9,4],[9,-16],[-9,-12],[4,-20],[8,-5],[7,-18],[-13,-1],[-4,13],[-10,9],[-1,-21],[-35,15],[-5,16],[-15,21],[-8,-2],[7,-13],[-3,-5]],[[5846,6493],[-8,-12],[-25,-13],[-10,7],[-3,24],[9,8],[8,-3],[1,18],[17,-4],[30,24],[-19,-31],[0,-18]],[[5552,6780],[10,-16],[10,-5],[5,-33],[8,-3],[-2,-13],[-6,1],[-8,29],[-10,1],[-1,9],[-15,24],[-7,-2],[11,15],[5,-7]],[[5618,6592],[0,0]],[[5611,6592],[0,0]],[[5626,6637],[0,0]],[[5588,6622],[-6,-7],[-5,7],[8,8],[3,-8]],[[5596,6614],[0,0]],[[5600,6614],[0,0]],[[5609,6618],[0,0]],[[5580,6655],[0,0]],[[5576,6679],[0,0]],[[5579,6668],[0,0]],[[5592,6666],[0,0]],[[5610,6671],[-4,-2],[-19,36],[3,7],[20,-41]],[[5588,6633],[0,0]],[[5600,6636],[-5,1],[10,17],[-5,-18]],[[5614,6642],[-8,4],[6,10],[2,-14]],[[6034,5046],[-22,-54]],[[6012,4992],[-24,18],[-21,44],[0,88]],[[5967,5142],[26,69],[7,-62],[9,-62],[8,-27],[3,29],[14,-43]],[[5949,5336],[26,-48],[6,-7],[-31,-33],[-28,27],[-14,97],[21,71],[13,26],[3,-80],[4,-53]],[[5385,7067],[3,9],[-10,16],[-22,53],[-4,3],[-12,46],[-6,7],[2,30],[6,1],[9,-15],[5,15],[10,2],[28,-14],[11,6],[15,-10],[2,-10],[8,5],[1,20],[20,3],[11,-6],[4,-22],[5,0]],[[5471,7206],[2,-3]],[[5473,7203],[4,-11],[15,12],[15,-10],[8,-12],[8,17],[-2,17],[4,53],[15,10],[7,15],[9,-13],[14,15],[10,-15],[15,5],[16,-12],[-2,37],[12,26],[10,10],[2,29],[-17,30],[-12,5],[4,12],[11,7],[10,-7],[0,19],[6,0],[-5,59]],[[5751,7302],[-10,-23],[-13,-8],[-3,-16],[5,-20],[-7,-24],[-10,-3],[-12,-28],[-3,-21],[-3,-52],[-12,-6],[-6,-48],[-9,-15],[11,-32],[6,-35],[7,-11],[21,-17],[-8,-21],[-18,10],[-7,-7],[-13,1],[-6,-22],[-18,-19],[-11,-23],[-1,16],[10,14],[-12,8],[-4,18],[-20,3],[-8,9],[-9,-10],[-10,6],[-13,-17],[-7,3],[4,-21],[15,-22],[-15,16],[-4,-12],[7,-5],[-3,-13],[-5,15],[-10,3],[10,-22],[-10,3],[-3,21],[-11,16],[3,12],[-11,-11],[4,-7],[-4,-20],[10,-37],[12,-29],[-11,11],[-4,-5],[4,-19],[-11,-11],[20,-15],[11,-23],[7,0],[5,-42],[-4,-6],[-10,28],[-15,-8],[2,-23],[8,0],[3,-12],[-13,-6],[-9,7],[7,-32],[2,-31],[-8,10],[-8,-16],[-12,35],[-6,-14],[-7,21],[3,22],[-11,35],[6,20],[7,-3],[6,9],[24,-22],[10,14],[-22,20],[-14,2],[-19,-8],[-11,36],[11,11],[-5,8],[-9,-2],[-13,23],[-6,30],[-18,32],[3,10],[-4,14],[5,20],[0,25],[-3,9],[6,16],[0,14],[-14,13],[-6,20],[-11,10],[-20,39],[-8,2]],[[5588,6502],[-11,9],[-21,3],[-1,23],[12,-3],[8,-10],[15,2],[21,-9],[6,2],[2,-14],[14,13],[-3,-21],[-8,2],[-34,-8],[0,11]],[[5785,5507],[-36,59]],[[5749,5566],[-27,40],[-97,580],[-21,53],[25,4],[46,-23],[5,-13],[17,-3],[20,-15],[13,22],[12,13],[25,17],[20,-6],[3,-15],[8,-12],[6,5],[13,-9],[8,13],[15,-12],[18,19],[9,28],[9,76],[3,2],[17,102],[10,22],[-4,23],[1,38],[-5,11],[7,30],[-5,21],[12,26],[-6,20],[-19,-27],[-16,18],[-5,-1],[-21,-35],[-16,-12],[-15,2],[-9,9],[-12,27],[-15,15],[-14,6],[-8,-2],[-4,-42],[-23,-8],[-10,7],[-9,38],[-5,-12],[-10,15],[-13,-15],[0,27],[-20,1],[6,15],[-10,17],[-1,38],[-13,16],[-8,-1],[2,25],[8,-12],[7,9],[-8,17],[9,13],[-12,32],[10,21],[-23,-8],[1,40],[17,27],[14,6],[14,-12],[20,8],[17,-5],[-5,21],[28,9],[-16,0],[-8,17],[4,17],[28,-6],[3,4],[14,-11],[13,1],[5,17],[29,33],[21,15],[12,2],[31,-8],[10,13],[3,-18],[8,-12],[16,4],[6,-24],[6,-9],[12,4],[13,-19],[39,-7],[21,10],[18,-8],[10,1],[26,23],[6,11]],[[6104,6968],[28,-58],[-5,-33],[4,-20],[18,-4],[5,-21]],[[6154,6832],[-8,-4],[0,-14],[-7,-9],[3,-30],[-2,-12],[10,-30],[-8,-31],[8,-8],[0,-21],[9,-24],[17,-87],[23,-10],[-6,-27],[5,-25],[-14,-32],[-5,-59],[17,-42],[0,-27],[12,-2],[31,-56],[5,-17],[-3,-66],[10,-1],[1,-34],[14,-29]],[[6266,6135],[-15,-2],[-4,-6],[3,-29],[-11,-15],[5,-7],[10,6],[13,-84],[7,-42],[8,1],[1,-11],[10,-27],[12,-5],[5,-14],[-5,-19],[4,-12],[-4,-26],[6,-30],[7,-5],[6,-43],[0,-14],[10,-17],[-11,-42]],[[6323,5692],[-25,40]],[[6298,5732],[-8,120],[-27,45],[-22,126],[-7,28],[-26,10],[11,33],[-30,31],[-29,10],[-21,24],[-115,293],[-20,15],[-37,0],[-23,-75],[-20,-173],[2,-99],[22,-132],[41,-225],[52,-50],[12,-136],[21,-40]],[[6074,5537],[3,-68]],[[6077,5469],[-31,-78],[-4,13],[-26,39],[-17,59],[-2,85],[-5,34],[-17,69],[-9,21],[-13,11],[-10,28],[1,36],[-16,62],[-10,29],[-25,94],[-9,25],[-10,2],[3,19],[6,71],[-3,9],[-6,-16],[-6,-37],[-7,-66],[-7,-2],[-21,55],[-4,32],[-7,14],[-8,47],[-6,-5],[-3,-17],[9,-56],[20,-62],[16,-97],[5,-15],[12,-56],[19,-85],[15,-35],[-7,-14],[3,-35],[5,-23],[15,-25],[15,-47],[-44,-39],[-74,-27],[-29,21]],[[3449,3868],[0,39],[3,46],[9,5],[24,-7],[6,6],[21,-14],[-4,-17],[-3,-31],[-7,-26],[-13,-16],[-32,-3],[-4,18]],[[3223,4475],[0,-143],[20,-155],[-1,-91]],[[2901,3656],[1,14],[-9,27],[-11,1],[-14,-10],[-19,21],[-3,27],[-11,-18],[-18,9],[-11,-15],[4,-24],[-9,-7],[-5,-30],[-8,-9],[-8,12],[-4,-15],[-8,18],[-11,-30],[-15,8],[-5,-28],[-47,19],[-2,33],[-42,-39],[-3,-10],[-8,0],[-12,40],[-16,3],[-2,23],[3,11],[0,34]],[[2608,3721],[6,14],[7,35],[-1,45],[-16,-40],[-12,13],[-5,14],[6,17],[-2,18],[2,30],[-6,30],[18,27],[-4,12],[2,19],[8,20],[1,55],[20,15],[13,28],[-4,20],[16,17],[-4,18],[5,21],[14,1],[5,7],[20,88],[-10,28],[5,40],[-7,56],[8,13],[0,13],[-7,16],[4,24],[-2,18],[-14,36],[-12,66],[5,10],[10,-4],[-7,27],[-10,-11],[-6,30],[-13,16],[-7,0],[-11,-11],[0,-19],[-16,-17],[-4,-23],[10,-24],[2,-17],[-7,-1],[-12,-17],[-6,12],[-7,38],[-3,-22],[-10,14],[-3,24],[-15,3],[-5,9],[-12,-4],[-5,-16]],[[2542,4663],[6,-10],[3,-29],[21,-13],[15,0],[17,24],[7,2],[18,30],[35,-19],[16,-30],[6,-22],[7,-13],[11,-40],[4,14],[-4,25],[2,16],[11,21],[7,24],[13,8],[4,71],[3,16],[12,23],[7,8],[9,-21],[4,11],[3,32],[24,-3],[17,27],[11,8],[9,31],[10,14],[8,-1],[8,-15],[-1,-21],[-12,-5],[-11,-17],[9,-61],[-13,-62],[15,-59],[7,4],[9,18],[-1,38],[-12,52],[-1,22],[12,12],[39,30],[-5,19],[-8,-3],[-4,18],[10,16],[10,-49],[27,-12],[9,-26],[2,-21],[9,-13],[43,10],[9,-4],[5,-16],[17,-18],[14,-2],[10,10],[13,26],[39,9],[15,-5],[-5,-11],[-16,1],[-1,-13],[16,-25],[2,-21],[6,21],[16,-12],[3,-11],[18,-22],[-9,-17],[-5,-28],[-14,-14],[14,-5],[9,6],[21,-2],[11,-9],[27,-46],[8,-22],[1,-37]],[[2692,3820],[-17,31],[-20,-33],[5,-57],[14,-14],[18,26],[0,47]],[[3149,4745],[-1,-44],[-9,-6],[-14,2],[11,16],[-5,32],[20,7],[-2,-7]],[[2341,7431],[-24,-19],[-19,-24],[-28,-46],[7,-2],[22,13],[9,1],[-3,-22],[5,7],[13,-5],[16,14],[11,4],[29,38],[12,4],[-15,-31],[-2,-16],[7,8],[16,-8],[11,-21],[15,-5],[21,16],[29,2],[3,-16],[11,0],[1,16]],[[2488,7339],[12,-8],[7,-24]],[[2507,7307],[-5,-22],[-19,6],[0,-20],[34,-34],[5,-19],[-4,-51],[-11,-22],[-4,-16],[5,-12],[10,21],[14,11],[7,-16],[6,-50]],[[2545,7083],[-11,-83]],[[2534,7000],[-13,-1],[-4,-20],[25,-22],[21,7],[22,25],[13,9],[29,30],[17,23],[-3,11]],[[2641,7062],[-2,27]],[[2639,7089],[18,10],[19,-1],[9,-10],[16,2],[22,28],[-3,16],[6,12],[-8,4],[6,18]],[[2724,7168],[39,50],[78,-1],[14,-3],[7,26],[20,-2],[14,47],[15,72],[15,38],[9,-15],[20,2],[9,-18],[4,-92],[-1,-7],[10,-7],[1,-23]],[[2978,7235],[7,-27],[-6,-12],[-16,-4],[-9,-18],[-2,12],[-10,-10],[-1,-10],[-9,7],[1,17],[-13,-46],[-4,7],[-3,-14],[-10,-10],[-2,11],[-9,-8],[1,-11],[-10,-17],[-9,-39],[8,-11],[-13,-26],[7,-4],[14,-39],[9,8],[2,-11],[-21,-9],[0,13],[-15,-18],[2,22],[-8,1],[-2,-30],[-40,-10],[-15,-11],[-25,-36],[9,-14],[-5,-49],[-8,-25],[-13,-31],[-2,19],[-5,0],[-14,31],[11,-58],[4,-2],[1,-25],[-11,-37],[-12,-51],[-4,3],[4,28],[6,14],[-19,46],[9,9],[-8,10],[-1,12],[7,16],[-5,1],[9,32],[-13,-27],[-4,-35],[6,-49],[-13,13],[-13,21],[-3,-7],[11,-17],[21,-22],[-6,-17],[-13,26],[9,-27],[8,-5],[-3,-12],[3,-29],[-10,15],[-9,1],[13,-18],[15,-7],[-2,-26],[7,-31],[-11,16],[2,-11],[-18,-16],[19,4],[1,-25],[3,20],[6,-7],[-12,-36],[-20,10],[10,-13],[-4,-17],[-9,-5],[18,-4],[-9,-15],[-19,-7],[-19,-53],[-18,-9],[-17,-25],[-4,-26],[-10,-22],[-15,-19],[-10,-3],[-17,-62],[-9,-66],[3,-47],[10,-58],[12,-51],[5,-56],[10,-62],[1,-27],[-5,-59],[-4,-13],[2,-22],[-23,-9],[-1,19],[-7,34],[-10,5],[-4,38],[-6,7],[-1,23],[-5,-3],[-13,51],[9,14],[-2,15],[-6,-14],[-3,7],[5,77],[-3,15],[-10,9],[-22,59],[-12,3],[-13,-22],[-15,-9],[-5,27],[-7,12],[-10,2],[-9,17],[-20,-8],[-8,6],[-1,-10],[-10,-3],[-8,30],[-3,-25],[-5,4],[-26,1],[-13,-16],[-9,15],[0,-25]],[[2398,6992],[7,-18],[10,4],[10,13],[11,41],[1,40],[-6,36],[-1,37],[8,50],[19,37],[-2,-22],[5,-1],[2,22],[12,15],[-5,10],[10,20],[-5,11],[-12,7],[-26,-12],[-12,-18],[3,16],[-10,-14],[-1,12],[-20,-64],[-5,-6],[-4,-21],[15,21],[4,-4],[-5,-43],[-4,-16],[-7,-59],[3,-25],[0,-46],[5,-23]],[[2485,7342],[1,-1]],[[2486,7341],[-1,1]],[[2834,6937],[-10,-14],[22,10],[-20,-17],[-41,-18],[2,16],[10,9],[26,4],[11,10]],[[3235,2543],[-127,-169]],[[3108,2374],[-33,6],[-13,-58],[-5,35],[-10,16],[-25,0],[-14,17],[-30,-76],[6,-11],[-1,-21],[-7,-47],[-4,-9],[-28,-29],[-2,-10],[3,-26],[-6,-24],[2,-33],[4,-22],[-5,-24],[1,-17],[7,-15],[-2,-18],[-14,-3],[-10,-54],[-12,-37],[-10,-60],[3,-72],[-12,-26],[-7,-70],[9,-58],[10,-91],[0,-36],[-18,-79],[3,-48],[-1,-11],[-20,-46],[-1,-72],[3,-36],[6,-30],[-15,-22],[-9,-95],[-5,-29],[1,-60]],[[2847,973],[-22,-3]],[[2825,970],[-9,7],[-8,-17],[-12,4],[-7,40],[-1,22],[4,43],[16,49],[-7,68],[0,52],[-7,29],[3,16],[6,-3],[6,12],[15,109],[13,49],[6,52],[10,39],[-4,37],[9,31],[-8,137],[1,19],[10,35],[2,43],[-5,30],[8,80],[6,19],[8,106],[-1,35],[8,38],[-3,30],[1,64],[3,20],[-6,12],[0,24],[8,13],[5,89],[0,76],[-2,117],[-3,32],[-8,39],[-22,28],[-7,35],[-7,7],[-41,54],[-22,23],[-33,60],[-16,35],[-13,45],[0,44],[-13,53],[-18,90],[-10,19],[0,30],[-39,189],[-21,74],[-7,31],[-16,28],[-19,24],[11,10],[1,22],[-12,43],[-4,23],[3,25],[21,49],[10,13]],[[3108,2374],[39,-106],[17,-26],[15,-7],[9,-10],[21,-36],[39,-45],[-9,-47],[-8,-28],[3,-27],[-14,-34],[2,-8],[15,10],[21,-11],[16,-3],[17,11],[13,-15],[4,16],[17,33],[5,15],[6,59]],[[3370,1528],[-11,-37],[-8,-18],[-16,-20],[-10,-3],[-11,11],[-27,-13],[-11,22],[-18,13],[-13,-7],[-15,28],[-6,-27]],[[3224,1477],[12,-27],[18,-18],[7,-16]],[[3261,1416],[-5,-28],[1,-23]],[[3257,1365],[0,0]],[[3257,1365],[2,-9]],[[3259,1356],[0,0]],[[3259,1356],[14,-20]],[[3273,1336],[3,-29],[-13,-46],[-10,-25],[-8,-33],[-24,-22],[-25,-13],[-52,-11],[-27,11],[-1,-33]],[[3116,1135],[8,-16]],[[3124,1119],[-11,-46],[-1,-13]],[[3112,1060],[5,-22]],[[3117,1038],[0,0]],[[3117,1038],[-3,-18],[-9,-9]],[[3105,1011],[-42,36],[-20,0],[-2,34],[-37,-13],[-72,38],[-14,-47],[-13,-4],[-5,-38],[-23,-3]],[[2877,1014],[-30,-41]],[[6514,6628],[24,-28],[66,-197],[11,-17],[-9,-35],[7,-102],[1,-126],[25,-50],[67,-59],[82,-15]],[[6788,5999],[-18,-189]],[[6770,5810],[-15,-13],[-39,-10],[-10,16],[-12,-4],[-7,-13],[-27,0],[-31,-10],[-14,5],[-11,15],[-33,3],[-8,-2],[-8,16],[-24,0],[-3,8],[-15,11],[-9,48],[-4,37],[-11,9],[-15,0],[-13,-10],[-22,-41],[-17,22],[-12,3],[-7,12],[-14,10],[-14,39],[-13,14],[-9,3],[-8,15],[-16,71],[-2,28],[-17,48],[-11,-5],[-12,7],[-2,27],[-8,-6],[-4,-22],[-7,-6]],[[6154,6832],[58,-51],[68,14]],[[6280,6795],[0,-16],[-7,-45],[-2,-42],[3,-15],[18,-16],[16,-5],[6,-24],[9,-15],[24,-16],[11,-2],[38,15],[19,3],[7,19]],[[5501,8965],[24,-40],[24,-5],[22,7],[20,-21],[23,28],[4,32],[9,25]],[[5698,8405],[5,14],[10,-7],[19,23],[-8,14],[14,6],[-9,4],[8,15],[-9,12],[1,-12],[-11,9],[2,-28],[-15,-3],[-1,16],[-6,-9],[-14,1],[-9,25],[9,8],[3,-19],[5,11],[-6,25],[6,8],[-17,-7],[-14,14],[-3,-4],[11,-17],[4,5],[-4,-37],[7,2],[3,-20],[11,-4],[15,-20],[-16,-6],[-6,-17],[-6,16],[-13,-14],[1,-20]],[[5640,8327],[-6,-9],[-21,-1],[-4,-8],[-26,-11],[-3,-9],[-13,5],[-21,-9],[-9,18],[3,11],[-17,-7],[-5,10],[-19,19],[-4,36],[4,34],[-10,27],[4,35],[-9,9],[5,21],[8,9],[5,21],[12,-6],[6,8],[8,37],[7,-10],[47,76],[13,13],[11,-1],[-6,20],[4,24],[-4,9],[-15,3],[-11,15],[-10,1],[-18,-9],[-16,19],[-13,-16],[-7,-20],[-12,-5],[-7,-12],[6,-14],[-16,-22],[13,-23],[-10,-12],[-9,-29],[-30,-31],[-10,4],[-7,-18],[-16,-15],[-6,-14],[-12,0],[2,-18],[-6,-13],[-12,6],[6,-26],[-4,-31],[-9,-9],[4,-62],[21,-6],[14,-29],[11,-6],[7,-28],[-29,-26],[-28,14],[-15,2],[-3,-9],[10,2],[17,-17],[26,3],[2,-9],[-17,-21],[-1,17],[-10,-26],[-8,-7],[-18,-1],[8,-23],[0,-31],[-8,1],[6,-33],[-8,-26],[0,-19],[-17,-57],[-8,10],[-8,-6],[-16,3],[-11,-16],[-4,-17],[4,-11],[-4,-12],[-9,5],[-15,-8],[-14,3],[5,23],[-16,42],[13,19],[-16,27],[-12,45],[-8,21],[6,27],[-17,10],[-1,54]],[[5283,8231],[3,18],[-12,6],[-14,-4],[3,-30],[-12,11],[-8,-19],[2,-14],[-8,-13],[8,-4],[12,16],[22,8],[8,28],[-4,-3]],[[5670,8390],[3,3]],[[5402,8105],[-1,15],[10,21],[15,7],[-5,-15],[-3,-33],[-9,-8],[-3,-14],[-4,27]],[[5275,7872],[-3,-19],[-9,10],[-10,-2]],[[5253,7861],[0,7],[-12,16],[13,7],[14,-23],[7,4]],[[5273,7901],[2,-10],[-8,-9],[-8,8],[1,15],[8,10],[5,-14]],[[5353,8025],[-1,23],[19,60],[2,-3],[-20,-80]],[[5460,8297],[0,0]],[[5460,8305],[0,0]],[[5444,8316],[0,0]],[[5452,8314],[0,13],[11,-9],[-11,-4]],[[5466,8312],[0,0]],[[5681,8513],[0,0]],[[5676,8400],[-8,6],[13,1],[-5,-7]],[[5694,8401],[-5,-2],[1,23],[7,-7],[-3,-14]],[[5723,8439],[-13,-10],[-8,20],[17,3],[4,-13]],[[8888,3770],[2,-259],[-6,-26],[6,-45],[0,-137]],[[8890,3303],[-19,45],[-9,29],[-5,2],[-25,-7],[7,42],[-14,42],[10,9],[-13,27],[-21,88],[-12,22],[-50,38],[-7,3],[-17,18],[-1,19],[-10,-2],[-10,9],[-6,13],[-3,42],[-5,-17],[-5,-41],[-13,-20],[-6,27],[5,14],[-4,21],[-16,26],[-5,16],[20,-8],[12,24],[5,-10],[13,1],[2,35],[-15,-10],[-31,2],[-7,17],[-5,32],[-21,9],[4,10],[0,28],[18,14],[12,22],[10,-4],[19,-21],[18,-10],[7,-36],[-5,-36],[9,-61],[4,-11],[3,21],[6,-43],[14,-17],[14,21],[15,60],[23,12],[1,19],[17,26],[4,1],[49,-55],[37,-30]],[[8601,3692],[-14,14],[-11,21],[-9,4],[-3,-19],[-13,13],[-3,12],[-15,-21],[-10,35],[3,6],[22,-2],[7,-10],[17,12],[17,-11],[10,-26],[2,-28]],[[8484,3692],[-14,18],[-2,24],[18,4],[10,-20],[1,-15],[-13,-11]],[[8811,3355],[-14,6],[15,57],[10,11],[10,-19],[-6,-26],[-11,-28],[-4,-1]],[[8379,3367],[-7,-16],[-29,-28],[-12,6],[-9,-10],[-12,8],[-17,0],[-2,26],[20,14],[25,-25],[4,10],[11,3],[5,-6],[20,35],[3,-17]],[[8236,3356],[-7,19],[8,8],[5,-13],[21,-10],[3,-29],[-20,-3],[-2,13],[-10,-15],[-25,-16],[-9,8],[0,26],[8,12],[16,-6],[9,-14],[7,15],[-4,5]],[[8155,3338],[-16,24],[-2,9],[18,7],[12,-17],[-12,-23]],[[7832,3970],[-13,-46],[4,-17],[10,-16],[11,-2],[5,-16],[1,-38],[7,-18],[7,-1],[-6,-30],[2,-7],[9,15],[12,-10],[6,-22],[9,-22],[-7,-65],[2,-45],[0,-44],[-4,-42],[-13,28],[-4,-25],[-14,21],[-2,-3],[5,-24],[-2,-7],[-30,77],[-30,59],[-10,42],[-13,20],[-9,22],[-15,49],[-5,51],[-19,81],[-8,26],[-16,26],[-12,83],[-3,25],[-17,29],[-11,10],[-3,35],[-7,29],[-15,41],[-10,-5],[-23,65],[-7,30],[-4,33],[8,11],[8,-7],[13,-23],[16,-6],[18,8],[15,-47],[7,-11],[-1,-22],[14,-30],[35,-54],[0,-24],[7,-2],[10,-31],[11,-17],[-1,21],[7,-6],[12,-39],[11,-8],[8,-36],[9,-23],[16,-6],[12,-18],[7,-22]],[[8512,3970],[-6,40],[3,18],[-3,14],[4,40],[6,26],[6,-23],[-9,-47],[3,-15],[7,18],[2,17],[13,18],[2,-31],[-13,-28],[13,-14],[2,-16],[-19,11],[-5,-19],[3,-31],[12,-44],[-2,-6],[-12,28],[-7,23],[0,21]],[[7913,3743],[-16,20],[-5,37],[-7,12],[-10,7],[6,29],[6,-18],[6,24],[5,-41],[9,-27],[9,-10],[-5,-15],[2,-18]],[[7874,3476],[-1,6],[14,2],[1,22],[7,31],[17,-6],[3,-15],[7,3],[2,18],[11,-9],[12,-22],[12,7],[9,-24],[2,-17],[42,-9],[10,7],[3,21],[9,9],[7,-23],[34,-12],[8,-17],[-1,-15],[5,-18],[11,-12],[14,-2],[11,6],[9,-14],[-6,-30],[8,-25],[-36,32],[-19,-11],[-46,12],[-21,24],[-28,20],[-13,1],[-12,-11],[-13,5],[-10,16],[-25,4],[-5,5],[7,20],[-19,17],[-20,4]],[[8394,3225],[5,44],[9,15],[18,20],[9,15],[4,20],[6,5],[20,3],[30,13],[3,-8],[-8,-16],[-47,-42],[-8,-12],[-22,-46],[-19,-11]],[[8303,3223],[-25,37],[-14,13],[6,12],[19,4],[19,-33],[3,-13],[-8,-20]],[[8226,4259],[3,-26],[-17,-9],[7,-34],[14,-52],[-4,-29],[7,-23],[17,-30],[7,-25],[-16,-5],[-10,8],[-9,-18],[-6,-55],[3,-34],[-2,-28],[-9,5],[-13,-31],[-6,-21],[-9,-20],[5,-12],[3,-23],[-9,-2],[6,-18],[-12,-61],[-7,-19],[-28,-35],[-6,50],[-8,18],[-14,-19],[-4,17],[-9,10],[-10,19],[-6,-32],[-9,1],[-15,-18],[0,28],[-4,34],[-4,-13],[-19,-14],[-4,13],[-15,-7],[-1,43],[-4,61],[-4,24],[-17,32],[7,11],[-10,22],[2,24],[-9,29],[-1,35],[4,32],[9,45],[7,-4]],[[7997,4103],[4,-26],[16,-41],[9,-12],[12,13],[17,-10],[12,16],[12,32],[6,2],[19,-19],[11,-4],[6,12],[17,11],[5,10],[12,58],[-1,24],[11,19],[3,12],[-1,32],[6,39],[9,6],[32,-6],[12,-12]],[[8286,3970],[6,40],[10,18],[5,-11],[10,37],[14,-3],[9,-17],[17,0],[15,-14],[8,7],[24,-2],[17,15],[0,18],[12,31],[3,1],[0,-25],[-3,-18],[-18,-54],[-22,-10],[-13,16],[-15,2],[-61,-4],[-5,-12],[-8,-47],[4,-32],[11,-19],[3,-20],[16,-7],[11,40],[16,-9],[21,17],[7,12],[7,-14],[-1,-23],[-13,10],[-15,-41],[-14,-14],[-4,-12],[-9,6],[0,-12],[17,-40],[11,-40],[-3,-33],[1,-13],[13,-31],[0,-17],[-14,0],[-5,-10],[-3,-22],[-14,12],[4,40],[-18,38],[-2,16],[5,32],[-2,16],[-9,1],[-13,-19],[4,-42],[-4,-54],[5,-29],[-5,-31],[3,-25],[-22,-16],[-5,27],[4,26],[2,63],[-1,28],[-7,17],[-12,-7],[-4,55],[14,53],[2,15],[-1,38],[6,38],[5,2],[0,28],[3,34]],[[7157,6329],[-193,238],[-99,-257],[-52,-234],[-11,-33]],[[6802,6043],[-14,-44]],[[959,8958],[-537,-370],[-106,-4],[-2,14],[-11,23],[13,4],[1,21],[-11,11],[-24,-13],[-19,-23],[-7,-2],[-24,11],[-20,2],[-17,-6],[-33,7],[-7,7],[0,30],[21,1],[5,6],[-13,8],[-58,24],[13,12],[20,7],[29,18],[13,12],[31,16],[19,-4],[-2,-26],[31,-8],[14,0],[18,12],[10,12],[20,-6],[13,2],[2,16],[-33,12],[-17,1],[-4,25],[-18,5],[-33,4],[-2,17],[-20,25],[-66,44],[14,18],[1,16],[40,4],[24,9],[10,12],[6,20],[18,36],[19,20],[29,11],[36,0],[0,12],[-10,19],[40,1],[29,7],[26,27],[12,0],[13,-9],[-3,-21],[19,-6],[10,16],[19,-6],[42,-4],[24,-29],[42,-4],[39,5],[15,-4],[29,-12],[44,-4],[26,-11],[55,6],[15,-8],[31,-25],[15,-10],[24,2],[12,-4],[26,-15],[20,-16]],[[9,8548],[-9,10],[9,11],[14,-7],[22,3],[32,-21],[6,-12],[-15,0],[-7,-12],[-30,28],[-22,0]],[[2724,7168],[-13,-6],[-16,-29],[-13,12],[-32,-9],[-11,-8],[-14,-20],[-5,-14],[9,-7],[10,2]],[[2641,7062],[-16,0],[-18,-8],[-3,-10],[-30,-1],[-14,-23],[-10,-9],[-6,-13],[-10,2]],[[2545,7083],[3,-9],[15,21],[3,60],[10,29],[0,26],[-10,23],[11,0],[11,-43],[7,6],[13,-15],[6,8],[-2,15],[9,-1],[-10,31],[-15,36],[-3,17],[-24,1],[-1,8],[-46,7],[-15,4]],[[2488,7339],[-2,2]],[[2485,7342],[5,10],[-11,10],[4,18],[-8,19],[0,24],[-3,6],[-22,2],[-8,15],[-9,39],[-23,4],[-25,17],[-7,-28],[-3,15],[-10,-36],[-3,15],[-10,-13],[-9,-27]],[[3293,7765],[13,-30],[-37,-50],[-45,-8],[-17,-39],[-16,-24],[-12,-7],[-43,-10],[-45,5],[-18,-3],[-49,4],[-22,-3],[-14,-16],[-13,-48],[-28,-14],[-14,-18],[-21,-38],[-31,-74],[-12,-50],[10,24],[13,20],[14,30],[14,26],[26,31],[38,29],[27,15],[19,5],[12,-2],[18,-19],[3,-21],[-5,-14],[-14,-9],[-10,-15],[-18,6],[-17,-8],[18,-10],[6,-21],[17,16],[10,-8],[-7,-16],[-2,-16],[-12,-15],[16,0],[0,-29],[9,-33],[22,-7],[-9,-8]],[[3067,7293],[-6,-11]],[[3061,7282],[-8,-1],[-9,-16],[-25,-27],[-8,0],[-10,-13],[-3,5],[-20,5]],[[3143,7313],[22,58],[10,-14],[-9,-40],[-11,-14],[-3,-15],[9,-7],[17,31],[10,-17],[-5,-17],[-15,-13],[-15,0],[-10,27],[0,21]],[[3233,7513],[12,7],[-9,21],[7,35],[15,44],[18,43],[16,20],[17,7],[4,-10],[-15,-12],[5,-15],[-26,-72],[-2,-26],[7,6],[12,24],[14,-10],[-11,-22],[24,-28],[10,1],[4,14],[13,0],[19,-14],[-18,-33],[11,-22],[14,9],[4,-9],[-8,-17],[-14,-7],[9,-33],[6,15],[7,-5],[1,-23],[10,-7],[-10,-52],[-15,11],[-1,21],[-8,-13],[-6,8],[7,32],[-9,18],[-10,-22],[-11,-12],[-13,-28],[-11,2],[-1,11],[16,14],[14,28],[-17,6],[-4,-15],[-7,5],[1,16],[-10,-1],[-7,-16],[-14,-2],[-36,11],[-31,-7],[-4,21],[19,30],[14,16],[-15,8],[13,29]],[[2863,8556],[-18,17],[-14,4],[-10,11],[-12,24],[0,16],[-15,2],[-16,12],[-9,1],[4,-25],[-8,-2],[-21,11],[-14,-21],[-17,-2],[-34,11],[-11,9],[2,23],[5,11],[14,6],[1,22],[19,-2],[25,-11],[12,-20],[0,25],[20,4],[17,9],[16,-3],[2,9],[-14,27],[-10,12],[1,12],[7,2],[27,28],[5,17],[16,27],[-1,20],[-17,43],[-7,12],[-21,10],[-14,16],[-9,28],[-13,-13],[-11,0],[-27,-10],[-3,22],[29,5],[2,9],[-41,41],[-18,7],[-2,18],[-9,11],[-17,11],[-14,15],[-8,-5],[-31,16],[-5,-4],[12,-12],[37,-23],[6,-18],[-15,-10],[-17,3],[-25,17],[-8,2],[-4,-12],[9,-22],[-28,19],[-13,-8],[-19,11],[-11,-4],[-44,11],[-31,0],[-12,6],[0,19],[-16,7],[-5,-11],[-23,-2],[-14,6],[-17,15],[-3,22],[11,2],[30,-6],[15,7],[-22,24],[-26,7],[-17,0],[-15,7],[5,31],[12,7],[1,7],[-13,13],[5,31],[15,30],[28,32],[35,14],[35,2],[11,-6],[-40,-49],[-5,-17],[2,-12],[16,-18],[-7,-22],[15,-29],[20,-20],[-18,-14],[-1,-10],[32,-5],[8,21],[-6,22],[-14,8],[-12,18],[14,19],[24,-2],[-16,16],[-19,10],[0,24],[11,10],[35,-1],[-28,21],[11,9],[29,11],[22,10],[33,-6],[30,-47],[0,-5],[-16,-43],[0,-23],[13,-4],[14,10],[4,15],[18,1],[5,-5],[2,-24],[14,-2],[-3,28],[9,19],[13,9],[22,0],[28,-10],[15,3],[8,-5],[12,-19],[17,-17],[-23,-27],[-2,-7],[11,-11],[20,19],[12,-9],[11,-29],[22,34],[24,-8],[12,-12],[-18,-30],[15,2],[20,9],[0,-23],[10,-11],[17,9],[17,3],[18,-16],[-8,-12],[-24,-14],[-3,-9],[7,-8],[31,12],[10,12],[12,-8],[15,-28],[-28,-2],[-5,-4],[5,-13],[17,-2],[19,-13],[3,-10],[-27,2],[-22,9],[-4,-6],[16,-19],[-3,-7],[-20,-4],[3,-9],[47,-29],[8,-28],[10,7],[24,-11],[20,6],[21,-28],[5,-11],[-19,-7],[-1,-14],[47,4],[-5,-18],[18,-6],[12,13],[25,-28],[-8,-21],[-10,-2],[-13,9],[-10,-7],[16,-20],[1,-9],[-14,-7],[-8,-17],[-16,23],[-3,-36],[4,-29],[-5,-2],[-18,14],[-7,22],[-12,-9],[-10,20],[5,22],[-20,7],[-34,39],[-10,2],[-14,-10],[0,-8],[17,-28],[-13,-5],[-21,27],[14,-48],[15,-3],[15,-45],[6,-14],[12,9],[15,-22],[17,-12],[-8,-4],[1,-13],[23,-31],[2,-36],[-17,37],[-7,8],[2,-17],[13,-41],[0,-10],[-12,4],[11,-37],[-15,16],[-11,22],[-23,5],[-18,22],[-18,31],[2,-25],[-23,20],[-11,1],[12,-30],[11,-14],[23,-21],[17,-20],[10,-18],[11,-38],[-24,11],[-35,22],[-19,4],[-14,8],[-11,21],[-15,4],[-35,21],[-9,11],[11,26]],[[7352,5499],[4,-35],[-9,-35],[-14,-29],[-21,-15],[-8,-11]],[[7304,5374],[-19,117],[-20,0],[-14,-13],[-7,-24],[-17,-24],[-23,-124],[-7,-31],[-10,-10]],[[7187,5265],[-8,15],[2,21],[-8,11],[-6,35],[1,28],[-13,13],[1,16],[-15,-11],[-4,13],[-7,-9],[-5,7],[-7,-11],[0,-16],[-9,1],[-4,-16],[-8,-6],[2,-28],[-5,-27],[6,-13],[-1,-19],[-10,-6],[-5,-22],[-14,-7],[-5,-22],[2,-60],[-8,-31],[-2,-60],[-8,-22]],[[7049,5039],[-14,-11],[-11,-2],[-9,-23]],[[7015,5003],[-15,5],[5,9],[-2,24],[-10,1],[-9,39],[-12,85],[-10,106],[-6,87],[-3,59],[10,45],[0,10],[-10,24],[-3,50],[1,20],[-10,-1],[-6,-20],[5,-20],[-5,-29],[-6,-12],[-25,-24],[-16,9],[-7,12],[-31,74],[-7,23],[17,-3],[14,7],[12,29],[-2,6]],[[6884,5618],[41,64],[28,0],[57,-74],[18,0],[91,154],[41,47],[4,13]],[[7164,5822],[8,28],[12,-52],[57,-63],[17,14],[5,-17],[22,-7],[0,53],[12,4],[13,-16],[0,-41],[11,11],[7,-19],[0,-23],[10,-28],[12,-47],[4,-91],[-2,-29]],[[5473,7203],[-2,3]],[[5385,7067],[-16,29],[-18,14],[-8,-6],[-4,16],[-15,20],[-7,22],[11,-1],[-16,23],[-1,27],[-17,29],[-4,-27],[-9,-14],[-6,21],[-4,30],[8,8]],[[5279,7258],[-8,17],[2,23],[-7,11],[6,17],[-34,14],[-8,16],[-10,-13],[5,-24],[-10,-12],[0,-20],[-9,3],[-2,-20],[-7,7],[-4,-14],[-4,12]],[[5189,7275],[-3,-5],[-2,34],[3,7],[0,30],[-3,7]],[[5184,7348],[0,3]],[[5184,7351],[-2,10]],[[5182,7361],[-8,-11]],[[5174,7350],[-7,7]],[[5167,7357],[0,5]],[[5167,7362],[-8,4]],[[5159,7366],[-3,-1]],[[5156,7365],[1,15]],[[5157,7380],[1,17]],[[5158,7397],[3,4]],[[5161,7401],[10,-5],[5,-13],[6,20],[12,-3]],[[5194,7400],[10,-8],[11,13],[16,1],[1,6],[15,-1],[7,-15],[2,18],[-9,28],[17,17],[3,17],[7,-4],[9,8],[-6,21],[-8,4],[-15,29],[-11,12],[-2,23],[-7,9]],[[5234,7578],[-4,18]],[[5230,7596],[11,10],[14,6],[7,13],[33,21],[18,-3],[7,8]],[[5320,7651],[6,-14],[10,-2],[5,-10],[13,-3],[-7,-11],[15,-23],[8,10],[0,14],[10,-10],[9,0],[2,-22],[8,5],[14,-10],[7,-18],[-1,40],[24,-23],[5,18],[20,7],[3,13],[15,0],[16,22],[10,23],[5,-7],[23,-2],[1,-14],[8,12],[-1,38]],[[5548,7684],[11,10]],[[7937,5021],[-16,-17]],[[7921,5004],[-9,16],[-13,-11]],[[7899,5009],[2,-21]],[[7901,4988],[0,-10]],[[7901,4978],[-8,1],[-21,18],[-21,8]],[[7851,5005],[-21,6],[-20,-19]],[[7810,4992],[-16,-46],[11,-80]],[[7805,4866],[-4,-22],[-8,6],[-12,29],[-9,6],[-7,-8],[-13,9],[2,49],[-1,6],[-19,3],[-9,-16],[2,-19],[-5,-34],[2,-32],[-20,-115],[-4,-43],[2,-38],[5,-15],[12,7],[5,-14],[-1,-25],[8,-13],[4,-47],[2,-32],[7,-33],[27,-17],[4,-20],[11,-23]],[[7786,4415],[-8,-22],[-1,-19],[-8,-3],[-5,21],[-7,-22],[-4,11],[2,27],[-9,12],[-2,15],[-13,-6]],[[7731,4429],[0,19],[-5,-7],[-9,14],[0,26],[-5,20],[-5,-2],[-8,40],[-13,28],[-8,-7],[-3,32],[2,24],[11,84],[-1,1]],[[7687,4701],[1,12],[26,106],[1,10],[-14,78],[1,29],[-3,37],[-15,35],[-10,59],[13,20],[-3,39],[9,22],[-12,56],[-17,35],[-2,34],[-13,33],[3,164],[12,42],[12,18],[-15,164]],[[7783,5597],[5,-25],[15,-38],[9,-52],[8,-14],[9,-5],[7,16],[8,3],[17,-54],[0,-16],[-10,-19],[-10,-1],[-3,-28],[26,-42],[17,-46],[21,-69],[13,-47],[14,-22],[-1,-37],[7,-15],[4,-33],[-2,-32]],[[2979,5269],[-1,32],[4,8],[31,-5],[7,-10],[-7,-22],[-14,1],[-13,-8],[-7,4]],[[4832,7095],[12,-7],[-2,-12],[19,-12],[8,-11],[6,4],[7,-10],[21,-1],[0,10],[21,-10],[1,-16],[10,1],[19,-9],[16,8],[4,-3]],[[4974,7027],[2,-37],[-27,-30],[-3,-10],[-22,-10],[-12,-10],[-5,-17],[2,-9],[-8,-5],[-8,-25],[-11,-26],[-7,-33],[7,-34],[10,-16],[-18,-22],[-6,-18],[-6,-30],[2,-11],[-16,-5],[-13,-18],[-3,-25],[-9,-16],[-11,6],[-10,-5],[-42,-1],[-8,-17],[-14,-6],[-5,-24],[-7,-5],[-16,20],[-2,21],[-10,32],[-17,15],[-7,-1]],[[4674,6655],[7,43],[11,21],[-5,10],[-10,4],[2,15],[11,33],[-14,41],[15,13],[0,37],[3,63],[15,16],[3,15],[-16,32],[-11,-7],[-23,1],[-7,15],[-18,-15]],[[4637,6992],[-2,9],[6,30],[-8,29],[-9,5],[-1,11],[8,17],[20,5],[2,19],[7,9],[10,-1],[14,-12],[19,0],[14,10],[12,-9],[21,-8],[27,-2],[13,-4],[11,12],[7,-1],[11,-15],[13,-1]],[[2557,5586],[10,9],[-11,13],[-23,-4],[-15,-30],[-13,-1],[-10,-27],[-14,-5],[9,21],[-1,19],[5,16],[16,20],[20,15],[26,8],[18,0],[20,-8],[27,-19],[12,-26],[33,-20],[19,-26],[5,-18],[49,-36],[-1,-24],[17,1],[6,-5],[19,-31],[-16,-6],[-22,-15],[-25,8],[-30,-10],[-6,2],[14,32],[2,13],[-6,13],[-24,8],[-9,11],[-1,24],[-6,22],[-18,0],[-11,4],[-30,31],[-22,5],[-13,16]],[[2845,5314],[5,20],[-2,63],[6,9],[10,-4],[9,7],[5,-10],[12,-10],[9,2],[7,-24],[31,-34],[8,-22],[-9,-27],[-9,22],[-27,0],[-10,-18],[-11,19],[-11,-12],[-9,-47],[-8,22],[-6,44]],[[5058,7299],[3,1]],[[5061,7300],[-3,-1]],[[5062,7315],[-5,-14]],[[5057,7301],[-5,-56],[32,-38],[-5,-23],[2,-31],[4,-5],[-2,-17],[13,7],[1,-10]],[[5097,7128],[-25,-45],[-20,-9],[-11,6],[-11,16],[-18,2],[-10,10],[-17,-13],[-11,-26],[-2,-13],[2,-29]],[[4832,7095],[10,15],[7,75],[1,41],[3,27],[9,-13],[-11,26],[5,24],[-5,21],[-13,10],[-12,29],[4,14],[-17,20],[4,13],[-11,-1],[-32,30],[-11,-5],[-10,17],[11,2],[-8,11],[7,10],[-12,-2],[0,14],[22,13],[11,-3],[2,9],[13,4],[8,-20],[13,6],[4,-6],[21,6],[-3,7],[0,33],[-9,21],[-2,13],[20,0],[2,-27],[5,5],[22,-8],[16,12],[-7,4],[3,12],[10,11],[21,13],[8,16],[1,43],[12,13],[14,6]],[[4958,7656],[10,-29],[7,9],[5,-21],[11,-14],[15,-6],[-1,-20],[14,0],[6,12],[0,-25],[6,-2],[11,-20],[10,2]],[[5052,7542],[17,-5]],[[5069,7537],[10,-19],[5,2]],[[5084,7520],[34,-16]],[[5118,7504],[-12,-26],[-5,-31],[-3,-35],[5,-20]],[[5103,7392],[-18,-34],[-9,-12]],[[5076,7346],[-6,-1]],[[5070,7345],[-10,-15],[2,-15]],[[5063,7309],[2,0]],[[5065,7309],[1,-2]],[[5066,7307],[-4,-7]],[[5062,7300],[-6,-2]],[[5056,7298],[4,12]],[[5060,7310],[2,-2]],[[5062,7308],[1,1]],[[5154,7042],[1,-38],[-8,-50],[-13,15],[1,23],[-7,18],[3,26],[19,17],[4,-11]],[[3105,1011],[-21,-10],[-11,2],[-31,24],[-6,-11],[1,-19],[5,-22],[-1,-46],[10,-18],[15,4],[-5,13],[16,7],[3,-43],[-11,-11],[-6,17],[-14,-2],[-11,-10],[2,-7],[20,-10],[-21,-22],[-7,-20],[1,-47],[-11,-27],[6,-19],[-28,-9],[-16,-21],[-14,-44],[0,-25],[4,-19],[19,-35],[25,-16],[2,-9],[-3,-37],[-7,-19],[-34,-44],[-9,-22],[-3,-24],[1,-17],[-5,-25],[-25,-23],[-9,-20],[-4,-42],[2,-15]],[[2924,268],[-59,-15],[-9,33],[-16,169],[-4,200],[16,201],[25,158]],[[3224,1477],[12,-27],[18,-18],[7,-16]],[[3259,1356],[14,-20]],[[3259,1356],[-2,9]],[[3257,1365],[2,-9]],[[3116,1135],[8,-16]],[[3117,1038],[-5,22]],[[3112,1060],[5,-22]],[[6074,5537],[0,101],[17,143],[42,62],[88,-26],[77,-85]],[[6323,5692],[11,-41],[20,-51],[39,-31],[6,-23],[4,-77],[-10,-28],[-36,-31],[-182,-96],[-50,104],[-48,51]],[[7687,4701],[-5,6],[-1,26],[6,22],[4,41],[4,15],[-7,1],[1,29],[-2,49],[-3,27],[-8,39],[-11,70],[-2,28],[-5,103],[-6,6],[-4,30],[-10,29],[-3,-1],[-1,-32],[-7,-27],[-22,-25],[-11,-35],[-3,24],[-7,-12],[-6,7],[2,20],[-19,-15],[-1,15],[8,50],[2,53]],[[7570,5244],[19,0],[6,28],[-19,143],[-39,124],[-5,34],[-7,-16],[-11,9]],[[7514,5566],[1,35],[-8,25],[-2,35],[-4,19],[-4,-13],[-2,16],[-10,25],[-6,4],[1,15],[7,0],[-1,48],[6,0],[-8,19],[3,31],[-3,6],[3,19],[-3,4],[-41,-10],[0,29]],[[7048,6111],[116,-289]],[[6884,5618],[-19,-3],[-25,17],[-16,35]],[[6824,5667],[18,33],[33,6],[-16,219],[-8,17]],[[6851,5942],[72,38],[40,116]],[[6963,6096],[6,17],[79,-2]],[[6963,6096],[-67,-13],[-59,-113]],[[6837,5970],[-35,73]],[[7200,6164],[-5,-27],[-18,35],[-12,6],[2,12],[-14,19],[-5,-4],[-15,35],[-6,-10],[-3,16],[-52,12],[-19,-41],[53,-26],[-13,-30]],[[7093,6161],[-45,-50]],[[6155,2801],[15,14],[7,-4],[9,15],[20,2],[-2,12],[15,24],[9,-1],[-3,16],[9,23],[6,-11],[7,19],[-6,20],[10,22],[-3,29],[5,10],[7,-17],[2,13],[12,29],[4,37],[-2,19],[7,15],[11,-32],[8,-9],[4,-34],[5,-80],[10,-65],[0,-12],[-9,-34],[-12,40],[-5,-18],[3,-29],[6,-30],[-14,-53],[0,-43],[-2,-31],[-36,-275],[-17,-146],[-6,-51],[-12,-32],[-17,-3],[-13,-11],[-6,-15],[-10,-3],[-7,20],[-16,5],[-11,23],[-3,34],[-7,21],[0,24],[4,35],[-15,72],[6,66],[9,13],[19,83],[3,46],[-10,31],[5,22],[-7,28],[-5,62],[13,59],[0,35],[6,1]],[[6250,2744],[-15,8],[-23,-59],[-39,-355],[7,-68],[13,0],[34,34],[37,222],[0,43],[-14,175]],[[4824,6500],[4,-17],[9,-16],[2,-29],[0,-68],[2,-15],[15,-43]],[[4856,6312],[-4,-34],[-14,-139],[10,-73],[-10,-47],[-92,34],[-95,-6],[-8,-10],[-50,36],[13,36],[6,23],[1,32],[-5,25],[0,39],[14,49],[3,44],[16,39],[9,16],[28,26],[10,12],[14,42],[16,92],[11,10],[11,-32],[16,-19],[33,1],[12,16],[5,-18],[18,-6]],[[5922,4588],[24,-47],[25,30],[29,9],[10,49],[-5,107]],[[6005,4736],[28,-9],[4,-44]],[[6037,4683],[38,-80],[31,-133],[-10,-79],[-24,-80],[31,-8],[17,-53],[11,-71],[-42,-80],[-111,-53],[-56,115],[-11,221],[56,0],[0,80],[-87,35],[4,80],[38,11]],[[7093,6161],[10,-7],[8,-31],[19,0],[2,-6],[-5,-87],[4,-16],[7,0],[5,34],[5,10],[2,31],[20,-50],[6,3],[9,-16],[9,-5],[3,-17],[13,-17]],[[7210,5987],[-19,-110],[26,-59],[12,-9],[14,-35],[0,42],[-10,22],[6,19],[3,27],[34,-32],[9,21],[-14,46],[-2,27]],[[7269,5946],[7,11],[15,-11],[0,-22],[9,-5],[11,-18],[8,9],[7,-21],[5,8],[20,-17],[8,10],[9,-16],[21,5],[4,22]],[[7393,5901],[10,-8],[8,19],[27,-16],[5,7],[17,-1]],[[7460,5902],[13,-1]],[[7514,5566],[3,-52],[-14,-28]],[[7503,5486],[-5,26],[-3,39],[-8,46],[-4,13],[-9,-11],[-31,0],[0,-46],[-4,15],[-2,-22],[-6,-10],[-4,18],[-6,-21],[-5,9],[-1,-17],[-8,0],[-5,26],[-5,-23],[-4,1],[-5,25],[-12,-27],[-24,-28]],[[4824,6500],[20,12],[10,29],[20,17],[10,-9],[8,21],[17,25],[8,6],[41,8],[8,10],[15,-4],[12,13],[18,0],[22,-12],[25,12],[8,18],[17,-19],[11,17],[7,-1],[10,-19],[21,8]],[[5132,6632],[-9,-27],[-1,-14],[0,-112],[-2,-13],[-18,-40],[-1,-16],[8,-54],[5,-3]],[[5114,6353],[-49,-83],[-154,8],[-55,34]],[[5187,7728],[-2,19],[1,33],[12,-7],[3,19]],[[5201,7792],[9,13],[20,3],[20,-22],[8,-5],[0,12],[13,7],[5,14],[3,23],[-12,7],[-4,-9],[-3,15],[-11,-6],[4,17]],[[5275,7872],[3,-22],[19,-13],[1,20]],[[5298,7857],[24,14],[16,4],[17,21],[33,19],[18,3],[6,-29],[24,-12],[28,30],[-14,-3],[3,23],[30,-3],[6,11],[0,28],[-5,21],[-2,31]],[[5534,7852],[-36,-29],[60,-95]],[[5557,7692],[-9,-8]],[[5320,7651],[2,19],[-2,24],[-11,-2],[0,12],[9,2],[0,15],[-19,-8],[1,28],[-12,0],[-9,-15],[-12,-1],[0,15],[-8,-1],[1,-14],[-27,2],[-3,9],[-7,-9]],[[5223,7727],[-13,-22],[-9,-2],[0,-13]],[[5201,7690],[-3,2]],[[5198,7692],[-10,-2],[-2,12],[9,11],[-8,15]],[[5298,7857],[0,0]],[[8787,6660],[-9,-17],[1,-27],[36,39],[11,17],[4,21],[10,13],[9,36],[7,19],[8,58],[-7,29],[5,16],[-1,34],[15,29],[6,-19],[14,11],[-3,17],[-8,11],[9,13],[10,-12],[1,-55],[6,-14],[9,-46],[-3,-40],[-10,-24],[-2,-27],[-11,-11],[-6,-25],[3,-47],[-1,-22],[-8,-25],[-3,-46],[8,-22],[-13,-19],[-2,-27],[-14,-14],[-1,9],[6,38],[-9,-3],[-7,-20],[-11,-11],[-1,-24],[-8,-3],[-1,25],[-7,-6],[-9,-27],[-11,1],[-14,-5],[-6,18],[-9,11],[-6,-26],[11,-19],[-20,-18],[-13,-48],[-19,25],[-3,32],[10,24],[-3,11],[-8,-6],[-14,7],[-17,-18],[-7,4],[-32,-22],[-8,11],[-5,-14],[0,-21],[-18,10],[-17,2],[3,20],[13,4],[9,15],[29,63],[9,5],[0,-14],[23,12],[27,8],[11,8],[6,-23],[16,20],[2,27],[19,50],[0,36],[4,10],[15,9],[0,-11]],[[8648,6346],[-9,30],[9,13],[10,28],[5,-8],[14,6],[10,21],[6,1],[15,-13],[-1,-26],[-15,-36],[-7,17],[-6,1],[-11,-13],[-7,-39],[-5,-9],[-8,27]],[[8598,6222],[2,20],[-5,3],[-9,-36],[-5,14],[4,25],[-4,29],[11,23],[1,19],[-7,26],[-4,1],[-7,-24],[-15,40],[5,11],[19,3],[7,24],[12,0],[3,-12],[9,-8],[8,6],[3,-12],[-7,-15],[12,-30],[-8,-19],[-4,-25],[-3,-41],[-10,-23],[-6,-22],[-5,6],[3,17]],[[8866,6985],[0,12],[-9,12],[-2,26],[22,30],[-3,21],[6,10],[13,-16],[7,6],[0,39],[11,13],[2,52],[-7,40],[10,18],[33,-70],[14,-22],[14,-15],[17,-8],[21,29],[-8,-33],[11,-44],[-13,-17],[-12,-6],[-12,6],[-9,-12],[-14,-41],[-4,-20],[-36,42],[-15,1],[-14,-19],[-6,21],[-14,-13],[1,-10],[15,-16],[11,-19],[-5,-7],[-11,2],[-14,-29],[-4,17],[4,20]],[[9104,7235],[-15,-17],[-10,-4],[-11,-29],[-11,-10],[9,20],[-1,7],[22,31],[12,3],[11,18],[4,-12],[-10,-7]],[[9047,7175],[-11,-13],[-9,-22],[-10,-8],[9,16],[10,30],[11,-3]],[[9059,7133],[0,0]],[[9038,7106],[0,0]],[[4746,4819],[-27,34],[-40,-8],[-41,-34],[-77,-30],[-23,32]],[[4538,4813],[107,202],[7,136],[37,0],[6,136]],[[4695,5287],[27,60],[50,-17],[51,-162],[-68,-307]],[[4755,4861],[-9,-42]],[[5091,5219],[-67,145],[0,272],[100,102],[67,-68],[10,-85],[-7,-298],[-103,-68]],[[510,8256],[-87,-52]],[[423,8204],[1,12],[-25,-10],[-8,1],[-7,19],[-11,-9],[2,-30],[-7,2],[-20,33],[-18,5],[-12,-3],[-7,-16],[-15,-4],[-9,2],[-3,41],[4,17],[-2,14],[-11,32],[-33,-23],[-14,-3],[-16,30],[-13,15],[-2,9],[8,19],[25,-14],[12,6],[-10,25],[-19,-7],[-25,23],[-13,0],[-8,35],[10,6],[1,15],[6,7],[4,21],[11,16],[16,37],[5,6],[28,-15],[10,4],[14,22],[16,9],[22,2],[4,5],[222,-280],[-15,-7],[-11,-17]],[[9134,3510],[-10,18],[-5,-7],[-9,19],[-8,7],[-1,16],[13,1],[16,-6],[10,7],[3,17],[12,-22],[17,13],[8,31],[8,1],[4,13],[-1,36],[11,-8],[4,11],[5,-30],[-3,-22],[-8,-14],[5,-16],[-7,-15],[-15,2],[-6,-24],[-22,-24],[-21,-4]],[[8888,3770],[43,-37],[30,-22],[18,-27],[13,-1],[7,-24],[17,-25],[10,-23],[-4,-31],[4,-14],[9,-4],[24,-25],[13,-7],[11,-45],[-24,-11],[-1,-16],[14,-49],[19,-32],[3,-28],[9,-34],[4,-4],[17,3],[-3,-25],[3,-6],[18,-12],[-7,-15],[3,-8],[21,-19],[2,-32],[-14,0],[-6,24],[-13,3],[-22,13],[-19,0],[-14,19],[-6,25],[-15,21],[-24,85],[-25,13],[-16,12],[-10,-8],[-10,14],[4,-24],[-4,-10],[-9,1],[3,-16],[-14,-2],[-20,5],[14,-14],[14,-23],[3,-13],[-21,-27],[-9,3],[-38,5]],[[5194,4734],[-16,77],[0,76],[23,119]],[[5201,5006],[34,60],[37,68],[77,0],[16,-129],[4,-135],[-10,-102]],[[5359,4768],[-47,-76]],[[5312,4692],[-84,-9],[-34,51]],[[2896,18],[-18,-8],[3,31],[11,5],[19,-2],[5,-10],[9,0],[-8,22],[-15,11],[-8,24],[21,19],[-3,14],[-23,-9],[-4,7],[6,21],[13,17],[11,21],[6,-10],[14,-2],[12,-16],[-12,-21],[4,-8],[13,-2],[8,-23],[24,-46],[16,-20],[15,-7],[18,-1],[-2,-14],[-37,-11],[-15,12],[-34,4],[-24,-6],[-13,11],[-12,-3]],[[2779,866],[1,52],[5,23],[10,4],[5,-21],[-10,-22],[6,-25],[-5,-43],[-10,4],[-5,13],[3,15]],[[2797,201],[20,0],[1,-26],[-7,-28],[-6,6],[1,27],[-10,-2],[1,23]],[[2924,268],[8,-40],[12,-36],[-17,-1],[-7,9],[-19,-24],[-14,-3],[-9,-9],[-5,-32],[-3,-42],[-12,-4],[-13,13],[21,53],[-8,10],[-18,-18],[-20,-5],[-1,18],[32,18],[-8,5],[-17,0],[3,30],[-10,16],[-9,-12],[-8,6],[4,23],[-10,-7],[-8,17],[7,15],[-18,26],[11,6],[10,34],[-15,-3],[-4,22],[8,13],[-9,26],[10,15],[-2,13],[-9,-13],[-1,49],[5,19],[-2,34],[22,-10],[2,13],[-11,14],[-11,-4],[-11,3],[6,36],[6,-1],[3,20],[-13,16],[-16,2],[0,16],[-12,-5],[0,8],[16,21],[9,25],[11,2],[4,-17],[-13,-16],[2,-16],[12,13],[1,-26],[11,32],[3,43],[4,14],[8,7],[-8,7],[0,14],[18,24],[3,23],[-13,18],[2,34],[-1,27],[14,20],[-6,19],[-1,25],[9,11],[-1,19],[-7,9],[4,21]],[[5531,5077],[12,91],[124,114],[48,-18],[24,-265],[-26,-79],[-136,-26],[-32,57],[-14,126]],[[5785,5507],[15,-47],[49,-70],[21,-115],[-28,-168],[10,-150],[-24,-151],[-42,0],[-7,124],[7,186],[-28,70],[-34,168],[0,115],[25,97]],[[5194,4734],[-13,-76],[-27,-34],[-20,0],[-43,144],[-41,9],[-26,102],[10,221],[56,28],[111,-122]],[[5558,3483],[48,18],[19,100],[95,-13],[49,-244],[-20,-39],[-31,4],[-15,-39],[-21,-5],[-19,13],[-27,-47],[-21,21],[-5,-30],[-56,4]],[[5554,3226],[-7,48],[11,209]],[[4889,7822],[5,-19],[-7,-25],[9,-5],[12,14],[18,-7],[6,-12],[3,-24],[-5,-21],[-14,-15],[-10,-18],[-12,-8],[31,-7],[0,-17],[-19,-14],[-14,-14],[-15,6],[-14,-7],[-8,7],[-28,-8],[2,-10],[-15,0],[-11,11],[-16,-7],[-2,-19],[-9,-11],[-10,14],[-20,-13],[-9,-18],[-14,12],[15,15],[6,16],[12,16],[1,15],[8,14],[13,3],[22,-4],[9,34],[-12,-13],[-10,0],[-18,15],[-24,2],[-7,12],[5,10],[22,14],[5,13],[-1,33],[-14,0],[9,18],[10,9],[30,4],[-4,18],[5,47],[-11,-2],[-9,20],[12,30],[-12,7],[-15,-12],[-10,7],[-4,-13],[-15,8],[2,11],[12,35],[-8,17],[8,17],[-2,17],[-12,-18],[-13,-10],[-1,14],[10,43],[-8,8],[-8,-18],[-6,5],[12,38],[-3,19],[8,9],[-9,17],[5,11],[15,-2],[-8,25],[12,5],[-6,17],[6,12],[12,-12],[19,8],[19,1],[0,-18],[-28,-32],[0,-20],[37,-1],[20,2],[5,-12],[-6,-28],[-14,-39],[-14,-10],[12,-11],[-16,-15],[-17,1],[5,-7],[16,-3],[12,8],[14,-11],[15,-25],[4,-39],[5,-17],[15,-10],[16,-37],[0,-33],[11,-13]],[[3133,5197],[0,0]],[[3133,5237],[0,0]],[[3109,5204],[0,0]],[[3108,5215],[0,0]],[[3120,5174],[0,0]],[[4723,7972],[7,14],[1,-16],[-8,2]],[[9866,1280],[9,-6],[-2,33],[8,-6],[8,-55],[29,-28],[11,-2],[20,27],[9,-6],[1,-21],[-5,-41],[-14,-4],[-2,-27],[-15,-1],[-9,-16],[4,-30],[-32,-101],[-19,-29],[-13,26],[13,72],[-13,23],[-26,27],[-5,14],[24,31],[3,17],[0,32],[5,27],[-6,27],[1,19],[-15,53],[-4,27],[-8,11],[6,-29],[-28,85],[-2,28],[-9,22],[11,3],[-1,-15],[10,-26],[4,4],[21,-22],[11,-33],[-8,-9],[13,-26],[-2,-13],[7,-23],[-9,-4],[16,-17],[3,-18]],[[9774,804],[-20,-30],[-11,5],[8,-20],[-3,-28],[-15,5],[11,-15],[-12,-63],[-16,-30],[-18,-25],[-20,8],[-8,-4],[-7,15],[-16,7],[-8,13],[-3,-10],[-10,-3],[-10,8],[1,19],[8,4],[-5,16],[10,-9],[-4,24],[12,-5],[-4,26],[22,42],[1,10],[13,18],[14,9],[21,26],[10,28],[29,34],[2,12],[9,15],[1,37],[18,21],[4,47],[6,21],[10,-6],[7,-17],[7,-34],[12,21],[10,-2],[1,-29],[4,-23],[-11,-35],[-17,-36],[-23,-37],[6,-13],[10,-11],[-9,-6],[-7,9],[-10,-9]],[[7786,4415],[7,-4],[13,-38],[16,-55],[0,-45],[-1,-28],[0,-55],[4,-29],[11,-33],[9,-56],[-16,4],[-5,-5],[-20,36],[-23,33],[-16,32],[-2,32],[-6,23],[-11,26],[-2,47],[-6,34],[-7,83],[0,12]],[[7997,4103],[6,-15],[16,-7],[15,-20],[9,2],[-7,17],[14,79],[7,9],[32,20],[6,11],[6,33],[7,11],[11,36],[8,14],[10,-33],[20,22],[-5,41],[11,0],[2,17],[-6,12],[2,13],[12,1],[2,19],[16,45],[7,39],[9,-18],[4,14],[3,-16],[10,-16],[1,-11],[-5,-33],[14,8],[-3,-23],[18,4],[19,-34],[-11,-18],[-16,2],[-3,-19],[11,-22],[-8,-17],[-15,-11]],[[7951,5519],[-13,-20],[-2,-22],[-16,2],[-1,-19],[-11,-38],[-12,-17],[-3,-13],[-9,-62],[24,-60],[2,-33],[19,-43],[20,-48],[8,-2],[4,-13],[7,-52],[8,-19],[8,-67],[7,-91],[-7,-30],[1,-61],[-11,-36],[-15,-13],[-22,-43],[-10,5],[-8,15],[-2,-14]],[[7917,4725],[-17,40]],[[7900,4765],[-10,28],[3,14],[12,18],[32,37],[2,17],[1,60],[-6,33],[3,49]],[[4538,4813],[-7,398],[87,110],[44,26],[33,-60]],[[5922,4588],[-14,448],[3,97],[56,9]],[[6012,4992],[-7,-256]],[[8591,7020],[-17,-30],[-5,-14],[-1,-28],[-4,-43],[-8,-3],[-21,-41],[-22,-14],[-7,-18],[-4,-29],[3,-10],[25,-48],[2,15],[8,-37],[20,-62],[4,-40],[-3,-48],[6,-3],[-4,-37],[-9,-26],[-16,4],[-5,-10],[2,-14],[-12,11],[-11,-27],[-3,17],[-5,-7],[4,-13],[-10,-4],[5,16],[-9,-10],[-3,-14],[-4,13],[-5,-21],[-9,21],[2,41],[4,35],[9,18],[-7,18],[-2,42],[-5,4],[5,19],[8,0],[3,16],[-10,30],[-9,5],[-8,-17],[-5,19],[-5,4],[-8,-25],[-6,20],[-9,12],[-2,15],[7,23],[10,8],[-7,18],[7,39],[-10,19],[-11,-6],[-12,22]],[[8482,6368],[-12,2],[4,14],[14,7],[4,-7],[-10,-16]],[[8486,6444],[0,0]],[[8498,6453],[0,0]],[[8516,6458],[0,0]],[[8470,6449],[0,0]],[[8516,6465],[0,0]],[[8464,6470],[0,0]],[[8465,6480],[0,0]],[[8524,6483],[0,0]],[[8466,6485],[0,0]],[[8521,6481],[0,0]],[[8543,6480],[-7,7],[6,7],[1,-14]],[[8468,6499],[0,0]],[[8477,6597],[0,0]],[[8470,6627],[0,0]],[[8604,6672],[0,0]],[[8427,6706],[0,0]],[[5554,3226],[-14,-35],[-135,-21],[-22,213],[12,57],[97,47],[66,-4]],[[7392,5981],[-4,-25]],[[7388,5956],[-1,-28],[6,-27]],[[7269,5946],[-13,9],[-3,-9],[-14,11],[-3,13],[-7,-2],[-13,20],[-6,-1]],[[8305,5019],[-11,27],[-6,41],[2,37],[-2,27],[13,-23],[2,27],[-1,33],[2,15],[2,70],[5,28],[13,7],[16,-17],[7,-2],[6,13],[3,-18],[-4,-14],[2,-41],[9,-23],[-10,-57],[-17,-30],[-6,-44],[6,-30],[8,-56],[11,-14],[8,28],[8,-2],[5,-28],[8,-14],[6,19],[11,-14],[-10,-17],[12,-40],[-4,-6],[-12,10],[-4,25],[-18,37],[-4,-8],[5,-25],[-3,-9],[-9,25],[-13,18],[-17,-18],[-12,19],[-3,14],[9,20],[8,-10],[5,7],[-23,33],[-3,-20]],[[8326,4851],[-10,26],[-6,43],[-5,17],[19,1],[8,-20],[-1,-43],[-5,-24]],[[8446,4774],[-13,26],[0,25],[-15,27],[-2,15],[20,8],[8,-17],[2,-53],[4,-25],[-4,-6]],[[8348,4726],[4,93],[13,-21],[13,5],[-1,-27],[-17,-37],[-12,-13]],[[8263,4694],[-5,1],[12,43],[2,36],[4,-9],[7,-36],[-20,-35]],[[8378,4624],[-15,31],[-1,24],[10,16],[6,59],[9,5],[2,-13],[-6,-37],[-4,-46],[5,-24],[-6,-15]],[[8217,4581],[-4,1],[12,42],[16,28],[12,35],[-1,-32],[-15,-26],[-3,-20],[-12,-15],[-5,-13]],[[8467,4448],[-9,42],[-4,3],[-9,-46],[7,-47],[-7,-33],[-6,17],[2,24],[-5,2],[-5,-21],[-16,22],[-7,17],[-3,38],[6,29],[-8,29],[-10,9],[-12,-22],[-9,-2],[-2,24],[-5,-7],[-14,-59],[-4,23],[7,42],[9,15],[10,6],[1,15],[10,13],[10,3],[5,-35],[10,7],[10,33],[9,-10],[2,36],[7,-15],[6,20],[7,4],[-3,42],[2,11],[14,-44],[4,-26],[-4,-24],[10,-4],[0,-50],[3,-14],[-2,-28],[-7,-39]],[[6200,4156],[-20,-43],[-28,-36],[-24,-48],[-36,-94],[-24,-78],[0,-21],[-14,-18],[-5,4],[-5,-38],[-9,-3],[-5,-13],[-1,-27],[-17,-64],[2,-17],[-5,-21],[-7,-12],[-10,-62],[0,-51],[9,-32],[9,-19],[-8,-54],[6,-14],[-3,-53],[8,-77],[5,-15],[16,-27],[4,-12],[-46,-17],[-20,333],[15,159],[66,242],[80,190],[58,106],[44,149],[45,61],[-3,-30],[-14,-57],[-26,-88],[-34,-95],[-3,-8]],[[9004,1620],[30,42],[19,17],[17,8],[42,0],[25,-25],[13,-51],[-7,-77],[-5,-21],[-16,-12],[-19,-6],[-9,-25],[0,-47],[-4,-54],[-30,-2],[-21,2],[-19,12],[-10,14],[-1,33],[-11,46],[-3,31],[0,23],[12,23],[-16,27],[-8,24],[18,-2],[3,20]],[[6236,7115],[6,20],[-4,-26],[0,-36],[6,-11],[18,-55],[2,-12],[11,-17],[10,-29],[3,-24],[13,-27],[11,-1],[8,-22],[-12,6],[-13,-12],[-9,-84],[-6,10]],[[3223,4475],[2,-30],[4,19],[10,-3],[17,-31],[10,-38],[9,12],[24,-16],[3,16],[35,-2],[21,-20]],[[7187,5265],[-1,-31],[-13,-54],[-8,0],[-11,-30]],[[7154,5150],[-10,-35],[-13,-9],[0,-33],[11,-56],[2,-44],[-2,-36],[-6,-16],[-8,-8]],[[7128,4913],[-5,39],[-7,2]],[[7116,4954],[-5,46],[-20,17]],[[7091,5017],[13,6],[4,9],[-5,28],[-13,0],[-17,-28]],[[7073,5032],[-11,7],[-13,0]],[[8598,1991],[17,-42],[24,-26],[14,0],[19,7],[10,-17],[14,-11],[17,-23],[11,-31],[8,-11],[15,0],[14,6],[16,-38],[14,-24],[8,-35],[-1,-18],[-18,-37],[-9,-10],[-16,-8],[-9,20],[-27,37],[-48,42],[-40,9],[-23,19],[-21,26],[-8,20],[-5,61],[1,27],[23,57]],[[8333,2385],[2,-11],[22,-18],[10,-1],[6,31],[12,44],[12,-3],[8,-16],[6,-22],[0,-29],[8,4],[24,24],[5,11],[17,0],[16,-39],[14,-69],[27,-58],[-52,-9],[-16,-29],[-10,12],[-28,15],[-26,-55],[-10,-29],[-30,65],[-21,55],[-7,23],[5,28],[-1,68],[7,8]],[[7901,4978],[0,10]],[[7899,5009],[11,9],[11,-14]],[[7900,4765],[-2,-15],[-15,7],[-32,-42]],[[7851,4715],[-6,15],[-18,0],[4,18],[-4,21],[-14,-12],[-2,34],[-8,49],[2,26]],[[7805,4866],[-10,75],[15,51]],[[7810,4992],[15,15],[26,-2]],[[7851,5005],[20,-7],[21,-17],[9,-3]],[[8511,2482],[44,-30],[8,9],[10,-1],[18,-13],[9,-13],[4,-23],[-6,-32],[0,-19],[5,-20],[13,-10],[-3,-51],[-8,-66],[-12,-35],[-33,28],[-11,4],[-30,29],[-23,37],[-16,69],[-10,29],[1,19],[12,20],[11,41],[9,6],[8,22]],[[5652,2625],[21,48],[70,-39],[15,-109],[-22,-144],[-86,9],[-17,92],[19,143]],[[5359,4768],[30,-13],[80,-92],[-3,-113],[-67,-48],[-82,113],[-5,77]],[[5756,4071],[20,65],[28,-48],[8,-65],[-29,-148],[-10,-222],[-48,0],[-10,52],[13,257],[28,109]],[[8951,3088],[0,0]],[[9040,2607],[0,0]],[[9051,2583],[0,0]],[[9075,2554],[0,0]],[[9233,2010],[0,0]],[[9209,1601],[-12,-10],[5,12],[7,-2]],[[9182,1504],[-8,-25],[1,16],[7,9]],[[9171,1453],[0,0]],[[9170,1440],[0,0]],[[9169,1429],[0,0]],[[9146,1297],[0,0]],[[9060,1180],[23,47],[16,11],[28,5]],[[9127,1243],[11,6],[-5,-13],[-35,-7],[-7,-5],[-26,-40],[-5,-4]],[[9052,1176],[7,3]],[[9059,1179],[-7,-3]],[[8996,1225],[0,0]],[[8985,1190],[-27,-29],[-19,22],[-22,17],[-10,-7],[-9,5],[-17,21],[9,7],[11,-25],[11,3],[23,-7],[17,-17],[2,-11],[15,2],[14,28],[10,5],[-8,-14]],[[8863,1257],[0,0]],[[8828,1391],[-12,-6],[-4,8],[17,7],[-1,-9]],[[8812,1482],[-3,12],[-5,-20],[4,32],[4,-24]],[[8797,1424],[0,0]],[[8768,1511],[4,12]],[[8772,1523],[4,2]],[[8776,1525],[7,12],[10,42],[6,12]],[[8799,1591],[-8,-22],[-11,-46],[-12,-12]],[[8738,1439],[5,1]],[[8743,1440],[-5,-1]],[[8699,1572],[5,-1]],[[8704,1571],[-5,1]],[[8409,1561],[6,30],[6,5]],[[8421,1596],[9,3],[21,24],[15,21],[19,-2],[18,2],[31,24],[14,17],[34,9],[19,-3],[7,5]],[[8608,1696],[9,-9]],[[8617,1687],[-14,-4],[-47,-5],[-16,-11],[-13,-14],[-26,-17],[-34,-4],[-12,-9],[-22,-28],[-17,-14],[-7,-20]],[[8385,1517],[8,3]],[[8393,1520],[-8,-3]],[[8281,1495],[-1,-4],[-11,30],[12,-26]],[[8276,1478],[0,0]],[[8225,1429],[-28,5],[-17,18],[22,-18],[23,-5]],[[8150,1799],[1,-13]],[[8151,1786],[5,-34],[11,-56],[-12,54],[-5,49]],[[8141,1900],[-1,-4]],[[8140,1896],[1,4]],[[8134,1918],[-11,32],[2,29],[-12,54],[-12,33],[-3,22],[12,-41],[6,-9],[7,-34],[4,-50],[7,-36]],[[8113,2155],[-5,23],[-1,30],[7,-46],[9,-39],[-10,32]],[[8117,2312],[0,0]],[[8144,2388],[12,-32],[-5,-1],[-8,14],[1,19]],[[8339,2617],[0,0]],[[8358,2660],[0,0]],[[8358,2670],[0,0]],[[8354,2701],[0,0]],[[8367,2751],[0,0]],[[8373,2776],[0,0]],[[8396,2733],[0,-3]],[[8396,2730],[0,3]],[[8713,3102],[0,0]],[[8741,2928],[0,0]],[[8888,2715],[0,0]],[[8905,2907],[0,0]],[[8908,3023],[0,0]],[[9229,1989],[0,0]],[[9216,1969],[9,1],[-6,-17],[-19,-4],[-5,-20],[-10,35],[5,0]],[[9190,1964],[26,5]],[[8208,1799],[28,-39]],[[8236,1760],[-10,5],[-13,16],[-8,22],[-11,-101],[8,-10],[0,-37],[23,-18],[-27,16],[3,35],[-9,20],[13,96],[3,-5]],[[8200,1812],[-8,41]],[[8192,1853],[4,-16]],[[8196,1837],[4,-25]],[[8161,2356],[0,0]],[[8251,1924],[21,-18]],[[8272,1906],[-14,6]],[[8258,1912],[-8,13]],[[8250,1925],[1,-1]],[[8241,1754],[0,0]],[[8323,1755],[1,-14],[-8,21]],[[8316,1762],[-7,42],[-14,53]],[[8295,1857],[-14,37]],[[8281,1894],[5,-14]],[[8286,1880],[15,-29]],[[8301,1851],[12,-33],[10,-63]],[[8649,3050],[-8,-32],[-12,15],[-6,-19],[-16,21],[6,5],[20,-8],[9,19],[7,-1]],[[8937,3029],[0,0]],[[8960,2902],[0,0]],[[8917,2896],[0,0]],[[8912,2874],[0,0]],[[8229,1516],[0,0]],[[8222,1545],[0,0]],[[8719,2939],[3,-9],[-6,-15],[-29,52],[-5,18],[0,55],[9,-8],[0,-19],[11,-9],[3,-34],[10,-2],[4,-29]],[[8239,1593],[0,0]],[[8254,1571],[0,0]],[[8304,1595],[2,13]],[[8306,1608],[0,0]],[[8306,1608],[2,-7]],[[8308,1601],[-2,-10]],[[8306,1591],[-5,-5]],[[8301,1586],[3,9]],[[8607,2706],[0,-21]],[[8607,2685],[0,-3]],[[8607,2682],[-1,29]],[[8606,2711],[12,51],[9,20],[-20,-76]],[[8642,2795],[-8,-9]],[[8634,2786],[10,33],[3,-15],[-5,-9]],[[8390,1742],[6,-2]],[[8396,1740],[0,2]],[[8396,1742],[24,-3]],[[8420,1739],[-5,-6]],[[8415,1733],[-24,3]],[[8391,1736],[-4,3]],[[8387,1739],[3,3]],[[8251,2214],[-19,16],[-3,8]],[[8229,2238],[6,0],[17,29],[9,4],[-10,-57]],[[8921,3041],[0,0]],[[8919,3027],[0,0]],[[8919,3020],[0,0]],[[8924,3048],[0,0]],[[8649,2891],[-5,-3],[-7,30],[11,4],[10,-8],[11,-17],[-8,-9],[-12,3]],[[8891,1321],[1,-10]],[[8892,1311],[1,-17],[10,-37],[-10,-8],[-20,26],[-5,23],[13,0],[10,23]],[[8946,1350],[0,0]],[[8955,1312],[-11,5],[0,16],[8,-5],[3,-16]],[[8817,2199],[-9,-9]],[[8808,2190],[-34,-10],[-16,-15]],[[8758,2165],[-4,54]],[[8754,2219],[0,72]],[[8754,2291],[-1,13],[10,5]],[[8763,2309],[12,34],[2,-22]],[[8777,2321],[6,-33],[22,-22],[10,-2]],[[8815,2264],[1,-17]],[[8816,2247],[1,-48]],[[9130,2076],[-11,9],[14,-1],[-3,-8]],[[9101,2053],[6,-60],[-1,1]],[[9106,1994],[-5,59]],[[9046,2024],[-4,-12]],[[9042,2012],[-14,-28]],[[9028,1984],[-16,12]],[[9012,1996],[-3,42]],[[9009,2038],[-1,24],[6,4]],[[9014,2066],[6,2]],[[9020,2068],[1,-52],[26,10]],[[9047,2026],[-1,-2]],[[9133,1955],[-20,-13],[-11,0],[0,-8]],[[9102,1934],[-1,-1]],[[9101,1933],[-11,36],[-11,1]],[[9079,1970],[2,4]],[[9081,1974],[25,-8]],[[9106,1966],[9,9],[4,-22],[7,1],[4,13],[3,-12]],[[8615,1793],[0,-5]],[[8615,1788],[-6,-26]],[[8609,1762],[-1,-9],[-66,31]],[[8542,1784],[-45,-3]],[[8497,1781],[30,18],[8,0]],[[8535,1799],[0,0]],[[8535,1799],[25,3],[23,-2],[32,-7]],[[8408,2759],[0,0]],[[8890,1231],[0,0]],[[8891,1231],[0,0]],[[8897,1227],[0,0]],[[8898,1227],[0,0]],[[8592,3007],[27,-9],[-4,-5],[-15,6],[-8,8]],[[8587,3003],[0,0]],[[8228,1556],[0,0]],[[8855,2676],[0,0]],[[8896,2710],[0,0]],[[8660,3046],[0,0]],[[8660,3090],[5,14],[8,-32],[0,-24],[-13,6],[3,20],[-3,16]],[[8676,3045],[0,0]],[[8678,3040],[0,0]],[[5614,1525],[-3,-18],[-16,7],[-7,-17],[-8,-2],[-9,14],[-17,5],[-9,-12],[-17,8]],[[5528,1510],[-2,30],[-12,26],[-45,17],[-9,81],[-6,9],[-47,-34]],[[5407,1639],[-4,39],[-8,37],[-13,52],[45,-39],[30,-8],[39,17],[16,-13],[31,-64],[40,-34],[32,10]],[[5615,1636],[-1,-111]],[[8251,2214],[18,-12],[19,-31],[-3,-15],[-14,-15],[-6,-19],[-2,-25],[-18,-76],[-14,-15],[-5,-15],[-23,-35],[-26,-47],[-18,9],[-9,38],[-1,57],[-6,50],[3,6],[-1,48],[20,5],[11,7],[0,18],[9,39],[11,18],[9,2],[4,30],[11,7],[9,-5]],[[8754,2219],[3,-57],[0,-75],[-2,-43],[0,-35],[-9,-11],[-14,1],[-9,24],[-26,55],[-11,17],[-15,42],[-3,30],[-8,34],[-10,18],[-13,46],[0,35],[17,29],[16,-10],[32,-8],[50,-1],[2,-19]],[[4764,4511],[21,9],[7,87]],[[4792,4607],[34,0],[17,25],[20,-8],[-7,-85],[10,-68],[3,-116],[-16,-13],[-24,-32],[-20,25],[-8,16],[-3,-9],[-23,9],[-13,-1],[2,161]],[[6837,5970],[14,-28]],[[6824,5667],[-5,18],[-10,4],[-10,20],[-4,36],[-14,12],[-2,40],[-9,13]],[[8551,2673],[7,-23],[18,1],[24,9],[6,6],[31,-61],[12,-44],[2,-19],[8,-28],[8,-72],[-1,-34],[-5,-20],[-23,-3],[-6,-21],[0,-19],[10,-34],[-22,1],[-20,15],[-13,33],[-9,48],[5,34],[7,15],[3,32],[-18,44],[-17,20],[-16,27],[13,27],[-1,54],[-3,12]],[[6034,5046],[10,1],[29,-74],[9,-2],[8,-28],[1,-21],[7,-6],[19,-48],[4,-24],[-18,-23],[-4,-19],[-62,-119]],[[250,7950],[5,8],[8,-9],[-5,-15],[-8,16]],[[323,7993],[8,-15],[-20,0],[-13,-6],[-19,-24],[-9,0],[-1,18],[10,8],[12,20],[14,7],[18,-8]],[[151,7832],[-5,-5],[-7,35],[11,4],[11,-11],[-10,-23]],[[206,7916],[7,10],[23,16],[11,-10],[4,-13],[-10,-8],[-14,2],[-14,-23],[-11,7],[4,19]],[[659,8338],[15,-10],[1,-22],[-6,-14],[-24,9],[-7,-4],[-12,-19],[-14,-7],[-25,-29],[-14,-4],[3,14],[9,13],[-1,13],[-8,18],[86,52],[-3,-10]],[[496,8108],[11,20],[13,-15],[9,15],[1,12],[20,-3],[9,-17],[-23,-8],[-9,-26],[-11,-8],[-20,15],[0,15]],[[109,7836],[10,-19],[-15,-6],[-5,10],[10,15]],[[510,8256],[-6,-21],[24,-17],[-6,-17],[-15,-16],[-13,-25],[-27,-13],[-8,-13],[-23,-23],[6,-22],[-14,-13],[-22,-10],[-22,-24],[-6,-18],[-9,-15],[-32,-13],[-12,11],[4,17],[10,9],[10,19],[15,14],[18,-2],[-2,24],[29,38],[3,48],[9,16],[2,14]],[[8396,1742],[-4,58],[-20,84],[-2,21],[18,27],[31,56],[7,-7],[13,-31],[24,-38],[21,-23],[8,4],[12,22],[14,-39],[14,-32],[4,-20],[-1,-25]],[[8497,1781],[-22,-1]],[[8475,1780],[-33,-19]],[[8442,1761],[-22,-22]],[[7172,5109],[1,28],[-19,13]],[[7304,5374],[-24,-72],[-8,-17],[-9,-9],[-8,-27],[-29,-45],[-4,-32],[-12,-23],[-12,1],[-12,-45],[-6,9],[-8,-5]],[[4689,7955],[27,-10],[6,-26],[4,-30],[-7,-21],[-15,-9],[7,-34],[4,-39],[-10,-49],[-14,0],[-2,-7],[-22,-6],[-24,-30],[-19,-10],[-16,-3],[-1,26],[-11,-3],[-2,16],[10,8],[-16,1],[1,8],[17,-1],[4,20],[16,6],[1,9],[-13,-3],[8,34],[11,3],[-19,14],[-16,2],[0,14],[10,4],[3,18],[-13,2],[0,16],[8,14],[37,-9],[-3,12],[11,9],[2,11],[-17,0],[9,8],[5,25],[26,14],[2,7],[11,-11]],[[8415,1733],[27,28]],[[8475,1780],[67,4]],[[8542,1784],[72,-34]],[[8614,1750],[3,-13],[-7,-34]],[[8610,1703],[-2,-7]],[[8421,1596],[-6,137]],[[5234,7578],[-10,-3],[2,-13],[-7,-2],[-1,-52],[-6,-12],[-17,8],[1,-11],[-10,0],[2,-12],[9,9],[-3,-90]],[[5161,7401],[-2,53],[4,5],[-2,37],[4,32],[-5,-2],[-1,26],[-8,-2],[-7,-25],[-9,9],[-3,11],[-9,0],[5,-19],[-10,-22]],[[5084,7520],[1,33],[21,35],[-2,23],[4,17],[4,-7],[17,34]],[[5129,7655],[5,2],[1,-21],[5,14],[-2,18]],[[5138,7668],[9,21]],[[5147,7689],[7,1],[2,-22],[22,13],[6,-17]],[[5184,7664],[1,-15],[8,12],[21,1],[2,-14],[13,3],[8,-10],[-4,-8],[-7,6],[-7,-7],[-7,-22],[5,-7],[4,14],[7,0],[-7,-11],[9,-10]],[[9020,2068],[-6,18],[-12,-4],[-8,21],[7,62],[5,13],[2,38],[10,50],[13,-15],[55,-13],[10,-6],[15,-29],[4,-26],[-2,-43],[4,-30],[-9,3],[-8,-12],[1,-14],[-7,-38],[-4,-3],[-30,0],[-13,-14]],[[5776,1843],[-29,-101],[-48,118],[-5,26],[8,34],[96,158],[14,-26],[9,-7],[-4,-58],[-4,-27],[-8,-10],[2,-25],[-5,-26],[-19,-34],[-7,-22]],[[7073,5032],[18,-15]],[[7116,4954],[-11,-9],[-33,5],[-9,-9],[-6,-33],[2,-17],[20,-9],[12,5],[1,-28],[12,-18],[16,15]],[[7120,4856],[4,-34],[-10,-44],[3,-61],[-2,-19],[-20,-39],[-3,-11]],[[7092,4648],[-10,4],[8,30],[3,22],[-3,9],[-14,11],[-7,34],[-12,5],[-4,20],[-7,15],[-3,36],[-28,169]],[[4789,4921],[20,34],[54,-17],[45,-79],[-24,-161],[-65,18],[-5,95],[-25,110]],[[4674,6655],[-10,-13],[-24,7],[-9,-10],[5,39],[-1,70],[-11,-6],[-1,15],[10,8],[-3,13],[-4,-13],[-10,-3],[4,39],[8,30],[12,97],[-7,56],[4,8]],[[5286,7046],[13,-29],[11,-19],[15,-8],[16,4],[6,-12],[-10,-17],[4,-7],[27,-23],[31,-36],[14,-36],[-5,-25],[-10,14],[-4,22],[-13,3],[-5,15],[-8,-1],[-10,-28],[-2,-29],[18,-20],[-2,-36],[-8,1],[-8,-15],[1,-19],[-7,-10],[-7,-28],[-13,5],[0,17],[9,22],[-3,6],[11,11],[-6,47],[-9,48],[-7,-8],[-15,19],[1,22],[-6,11],[-11,-8],[1,19],[-9,-6],[-9,31]],[[5277,6943],[7,9],[-2,30],[-8,4],[-6,41],[6,12],[2,-10],[10,17]],[[5311,6621],[-9,3],[-12,19],[-34,35],[-10,4],[-6,13],[10,25],[8,-3],[7,11],[14,-18],[27,6],[18,11],[2,-7],[-8,-31],[-2,-28],[5,-17],[-10,-23]],[[8258,1912],[20,-14],[17,-41]],[[8316,1762],[13,-34]],[[8329,1728],[-7,-10]],[[8322,1718],[-7,-11]],[[8315,1707],[-8,-17]],[[8307,1690],[-7,-18]],[[8300,1672],[-7,-21]],[[8293,1651],[-30,47],[-15,33],[-7,23]],[[8241,1754],[-5,6]],[[8208,1799],[-5,7],[-7,31]],[[8196,1837],[-6,28],[23,22],[22,40],[9,3],[14,-18]],[[5132,6632],[22,28],[9,0],[11,-13],[4,-25],[9,3],[13,20],[-3,-30],[-12,-32],[3,-23],[11,-20],[4,-27],[-9,-32],[-7,-11],[-16,-41],[11,-32],[-28,-21],[-40,-23]],[[9155,1919],[11,4],[9,-27],[0,-68],[0,-67],[9,-33],[3,-37],[-32,-19],[-18,-17],[-18,16],[5,46],[-7,14],[-1,15],[-8,18],[-5,-2],[-12,43],[-10,-5],[-17,3],[-8,12],[6,26],[8,15],[4,22],[27,11],[36,6],[18,24]],[[5469,5160],[29,8],[23,-91],[13,-113],[-5,-39],[-77,-44],[-15,57],[12,113],[20,109]],[[1059,8067],[-5,-24],[-15,56],[1,14],[12,-7],[7,-39]],[[1015,8167],[8,3],[10,-13],[10,4],[5,-36],[-19,12],[0,-22],[-22,32],[8,20]],[[1194,7959],[-1,-14],[-14,-14],[-7,12],[3,29],[-14,41],[-17,-2],[-14,-12],[0,21],[5,15],[-22,48],[-15,15],[1,11],[-8,26],[5,8],[-11,11],[-8,18],[-20,23],[-9,44],[-9,12],[-1,-26],[6,-44],[-13,7],[-11,31],[-7,-4],[-16,7],[16,-23],[1,-7],[-21,-5],[-14,11],[-25,40],[-21,8],[-17,18],[12,8],[-6,19],[-15,-9],[-28,4],[11,31]],[[1120,7992],[2,-21],[11,-13],[0,-31],[-24,38],[-8,18],[1,15],[-8,27],[26,-22],[0,-11]],[[8339,2617],[27,-13],[18,-12],[13,-39],[6,-26],[1,-52],[-27,-79],[-9,-48],[-11,3],[-22,15],[-8,22],[-2,48],[-4,22],[-20,34],[-8,31],[27,29],[9,22],[10,43]],[[7120,4856],[-3,18],[6,32],[5,7]],[[7172,5109],[-5,-9],[-6,-34],[3,-93],[-3,-16],[4,-13],[-7,-14],[0,-33],[-6,-21],[3,-41],[-4,-38],[3,-78],[-1,-8],[-16,-4],[-9,-51],[7,-15],[-24,-21],[-7,-44],[-10,-15],[-5,33],[-1,38],[4,16]],[[4764,4511],[-22,11],[4,102],[-14,0],[-3,127],[17,68]],[[4755,4861],[35,-58],[-5,-109],[7,-87]],[[5528,1510],[-17,-9],[-9,-18],[-23,0],[-17,-8],[-11,-27],[-16,19],[-4,22],[-9,-1],[-8,18],[-2,-15],[-6,11],[5,30],[-17,60],[10,7],[3,40]],[[8289,2286],[14,-2],[20,8],[23,-71],[14,-23],[18,-52],[1,-52],[-13,2],[-16,-6],[-5,-13],[-21,-16],[-39,36],[-12,13],[-9,0],[5,27],[14,23],[7,30],[2,20],[-3,35],[-5,39],[5,2]],[[8640,2574],[23,8],[15,10],[7,20],[-10,29],[3,30],[14,-8],[-5,12],[12,3],[29,-7],[26,-42],[7,-15],[-19,-86],[-19,-7],[-30,-53],[-5,-6],[-21,-1],[-11,38],[-16,75]],[[8617,1687],[-7,16]],[[8614,1750],[-5,12]],[[8615,1788],[5,7],[29,-6],[7,-8],[23,-9],[37,-34],[21,-25],[16,-33],[-13,-13],[-24,-35],[-16,-31]],[[8700,1601],[-1,9],[-11,29],[-20,0],[-12,18],[-10,-5],[-11,7],[-18,28]],[[6485,5808],[4,-11],[0,-36],[11,-39],[10,-21],[26,-35],[16,-3],[23,-66],[11,-19],[-8,-34],[-20,-50],[-10,-50],[-16,-1],[-4,-17],[0,-62],[1,-20],[-14,78],[-3,50],[11,51],[0,46],[-6,27],[-29,93],[-8,35],[0,66],[5,18]],[[8477,2226],[29,16],[20,0],[15,-9],[10,-50],[2,-26],[-1,-50],[-4,-11],[-20,1],[-15,-35],[-9,-4],[-19,21],[-24,40],[-9,46],[-1,31],[14,28],[12,2]],[[4981,4563],[25,-30]],[[5006,4533],[-7,-87],[-14,-14],[-24,-3],[-30,-8],[-11,-11],[-7,-23],[-24,-8],[-6,-6],[-11,33],[6,70],[29,4],[39,70],[35,13]],[[8407,2216],[9,10],[28,-15],[7,-13],[2,-27],[10,-49],[13,-23],[30,-44],[-17,0],[-13,10],[-8,15],[-17,23],[-7,0],[-10,-16],[-10,-52],[-5,-45],[-18,23],[-16,27],[-8,21],[-3,24],[-1,39],[5,33],[29,59]],[[8954,2356],[6,19],[12,9],[30,3],[33,-35],[10,-43],[-1,-31],[9,-41],[3,-56],[-9,-3],[-18,10],[-16,37],[-15,27],[-20,6],[-17,-6],[-8,29],[-3,24],[4,51]],[[5231,6343],[12,-10],[18,3],[28,-8],[8,-15],[16,-8],[7,-13],[3,-27],[14,-37],[13,-9],[31,-12],[16,-17],[26,-39],[-92,22],[-26,-20],[-66,160],[-8,30]],[[9054,818],[-22,23],[-7,12],[-15,55],[11,-7],[-1,17],[-17,46],[-7,39],[0,22],[34,-21],[14,-12],[10,1],[16,11],[9,-1],[13,17],[6,-12],[1,-51],[-9,-49],[-5,-35],[-12,-8],[-7,-13],[-9,-31],[-3,-3]],[[8449,2106],[28,-37],[17,-16],[4,-19],[5,-67],[-1,-26],[3,-34],[-19,-23],[-18,12],[-48,80],[0,60],[4,32],[16,39],[9,-1]],[[5070,4485],[-40,13]],[[5030,4498],[-24,35]],[[4981,4563],[10,57],[58,39],[55,-96],[-34,-78]],[[5257,3423],[-7,54],[-12,43],[12,22],[12,-13],[2,26],[23,60],[14,12],[13,-89],[-2,-86],[-3,-12],[-13,12],[-9,-12],[0,-24],[7,-38],[-2,-51],[2,-31],[-36,6],[2,16],[8,17],[1,30],[-2,18],[-10,40]],[[8808,2190],[9,0],[3,-39],[10,-52],[-23,-7],[0,-13],[11,-86],[-10,-21],[-33,-8],[-9,31],[-14,14],[3,49],[0,64],[-3,41],[6,2]],[[8301,1851],[-14,31],[4,9],[35,5],[7,-6],[14,1],[20,14],[6,-16],[23,-100],[0,-49]],[[8390,1742],[-49,-13],[-16,0],[-2,26]],[[6218,4943],[-8,-5],[-22,0],[-24,-42],[-8,0],[-7,-13],[-17,2],[-10,19],[-5,22],[2,24],[-17,137],[3,37],[-4,48],[21,-2],[29,-182],[21,-19],[31,19],[10,-11],[5,-34]],[[8293,1651],[7,21]],[[8307,1690],[8,17]],[[8315,1707],[7,11]],[[8329,1728],[30,30],[28,-19]],[[8391,1736],[-6,-33]],[[8385,1703],[-2,-21]],[[8383,1682],[-3,-25]],[[8380,1657],[-2,-20]],[[8378,1637],[0,-9]],[[8378,1628],[0,-19]],[[8378,1609],[-3,-20]],[[8375,1589],[-2,-26]],[[8373,1563],[-13,0],[-25,20],[-20,-4],[-7,22]],[[8306,1608],[-13,43]],[[8609,2262],[0,51],[6,4],[29,-3],[1,-8],[-6,-23],[8,-41],[21,-43],[10,-66],[15,-36],[-6,-9],[-25,-25],[-8,19],[-46,50],[1,21],[-6,24],[-9,8],[11,39],[4,38]],[[8609,2136],[20,-21],[25,-8],[8,-17],[9,-84],[3,-39],[4,-30],[-1,-14],[-35,-1],[-23,15],[-10,18],[-10,32],[5,56],[-3,48],[8,45]],[[8492,2050],[24,26],[14,26],[21,6],[2,-71],[6,-22],[26,-27],[10,-1],[1,-11],[-13,-26],[-7,-25],[-20,1],[-34,-5],[-20,-14],[-2,51],[-8,92]],[[8545,2209],[32,-8],[27,-21],[7,-35],[-8,-56],[4,-26],[0,-27],[-7,-44],[-7,-6],[-22,2],[-11,19],[-13,45],[-1,48],[1,69],[-2,40]],[[5615,1636],[7,2],[32,35],[25,55],[15,-4],[19,-69],[-5,-13],[-36,-69],[-20,-33],[-8,-9],[-30,-6]],[[8776,1525],[-13,-3],[-13,33],[-7,27],[-24,56],[5,18],[17,18],[27,12],[12,17],[11,21],[9,-8],[25,-33],[5,-22],[-34,-33],[3,-37]],[[4906,5083],[42,-23],[29,-157],[-34,-18],[-38,35],[-15,138],[16,25]],[[5187,7728],[-3,-19],[-6,2],[-9,-13],[-3,10],[-7,-10],[-13,8],[-5,-5],[-3,32]],[[5138,7733],[0,3]],[[5138,7736],[-2,12]],[[5136,7748],[-10,6],[0,-19],[-10,-11],[-8,8],[0,22],[-16,-16],[-5,3]],[[5087,7741],[-2,13],[-8,2],[2,12],[7,-1],[6,24],[-1,19]],[[5091,7810],[-6,7],[5,19],[20,3],[2,-20],[-7,-25],[9,-40],[9,-4],[1,20],[-6,25],[17,5],[-9,13],[0,25],[4,13],[16,0],[7,-16],[18,-8],[-2,10],[12,1],[6,20],[4,-20],[7,21],[-1,-48],[4,-19]],[[8995,2706],[15,1],[6,-44],[16,-53],[11,-26],[15,-12],[-2,-31],[12,-1],[1,-17],[-1,-31],[-4,-8],[-21,20],[-14,-3],[-8,-10],[-19,9],[-23,-6],[2,62],[10,42],[0,63],[4,45]],[[8763,2309],[-16,-8],[-25,-6],[-28,0],[-3,30],[1,33],[12,18],[8,23],[11,18],[23,44],[14,17],[5,-2],[10,-24],[4,-56],[1,-39],[-17,-48]],[[8385,1517],[-12,0],[-16,-10],[-13,15],[-9,0],[-32,-11],[-15,0],[-7,-16]],[[8281,1495],[-21,42],[-6,34]],[[8254,1571],[-2,13],[43,-4],[6,6]],[[8306,1591],[20,17],[12,0],[27,-18],[34,-8],[8,-25],[-9,-31],[-5,-6]],[[5069,7537],[3,26],[-6,3],[-6,20]],[[5060,7586],[6,12],[-1,15],[-8,18]],[[5057,7631],[-1,20],[7,27],[-7,29],[12,2],[12,9],[7,23]],[[5136,7748],[2,-12]],[[5138,7733],[-10,-9],[3,-20],[16,-9],[0,-6]],[[5138,7668],[0,13],[-8,-8],[-1,-18]],[[7570,5244],[-2,36],[-13,76],[-3,-18],[-11,16],[10,6],[-2,25],[-11,31],[-13,6],[1,19],[-8,2],[-7,15],[-8,28]],[[8735,2017],[12,-1],[23,-18],[5,-29],[0,-54],[10,-80],[-17,-14],[-7,14],[-18,-6],[-11,4],[-12,17],[-13,34],[3,9],[9,67],[2,33],[6,19],[8,5]],[[5435,6153],[10,14],[13,37],[-5,47],[4,31],[8,19],[20,24],[17,13],[25,-7],[13,-17],[4,-25],[17,-5],[-46,-71],[-26,0],[-24,-54],[-30,-6]],[[5080,7316],[-1,-1]],[[5079,7315],[3,-5]],[[5082,7310],[-2,-11]],[[5080,7299],[2,-6]],[[5082,7293],[5,-10]],[[5087,7283],[4,-4]],[[5091,7279],[11,9]],[[5102,7288],[8,-5]],[[5110,7283],[8,16],[-2,9]],[[5116,7308],[10,14]],[[5126,7322],[0,-15]],[[5126,7307],[5,-9]],[[5131,7298],[0,0]],[[5131,7298],[-4,-44],[3,-17],[16,-12]],[[5146,7225],[0,-23],[5,-18],[16,-18],[-5,-5],[-23,15],[-6,-1],[-20,-33],[-16,-14]],[[5057,7301],[-1,-3]],[[5056,7298],[2,1]],[[5061,7300],[1,0]],[[5066,7307],[-1,2]],[[5063,7309],[3,6],[14,1]],[[9003,1789],[17,3],[12,20],[7,0],[3,-13],[19,-32],[0,-17],[6,-27],[2,-39],[-32,-31],[-29,-32],[-2,-29],[-23,3],[2,43],[6,41],[10,27],[7,46],[-6,22],[1,15]],[[8745,2533],[5,-15],[0,-30],[6,-15],[-34,-80],[-14,-49],[-25,26],[-18,6],[-3,16],[1,62],[-4,19],[21,0],[14,12],[23,40],[14,8],[14,0]],[[5945,2694],[-11,-21],[-27,-74],[-16,-29],[-13,80],[-3,53],[-23,68],[-18,68],[26,-15],[36,-76],[24,0],[25,-54]],[[5184,7664],[8,4],[-2,15],[8,9]],[[5201,7690],[4,-21],[9,3],[-2,22],[15,-2],[5,18],[-5,18],[-4,-1]],[[9014,2066],[-27,-16],[-27,1],[6,59],[2,36],[22,41],[3,13],[10,-8],[10,-17],[10,13],[6,22],[9,-3],[15,12],[3,-44],[-4,-9],[-3,-43],[-21,-48],[-14,-9]],[[8956,1895],[6,5],[28,-2],[29,-11],[-11,-41],[-3,-70],[7,-34],[-13,-45],[-12,-6],[-23,7],[-8,22],[0,92],[3,21],[-3,62]],[[7161,4641],[1,29],[16,-28],[12,-48],[-1,-16],[7,-11],[4,-24],[10,-44],[2,-17],[-8,-45],[-11,-27],[-18,-11],[-10,9],[-6,32],[-4,41],[-1,75],[-3,22],[2,17],[-3,21],[6,-1],[5,26]],[[7181,4446],[8,-8],[8,10],[1,48],[-6,22],[-1,43],[-12,0],[0,45],[-5,5],[-3,-31],[-9,-8],[-1,-42],[20,-84]],[[8681,2092],[16,2],[10,-17],[20,-51],[3,-16],[-5,-16],[-8,-94],[-12,-23],[-15,8],[-9,14],[-10,25],[-2,58],[-6,59],[0,29],[18,22]],[[8783,2642],[14,4],[7,-9],[-11,-80],[18,-17],[10,-1],[8,-17],[4,-24],[-15,-4],[-11,-10],[-8,-15],[-14,-8],[-33,17],[-11,40],[-1,20],[7,32],[6,39],[11,25],[19,8]],[[3067,7293],[9,-13],[7,3],[32,-14],[12,14],[7,-17],[6,4],[7,-13],[-4,-12],[12,-7],[-30,-16],[-29,-26],[-2,9],[-13,-23],[-9,4],[-10,-9],[-13,-23],[-4,-18],[-7,-11],[-7,2],[-4,-17],[-7,3],[-6,22],[-2,-8],[-5,28],[6,25],[-6,0],[49,65],[3,-17],[26,20],[-42,2],[15,18],[3,14]],[[8416,2491],[13,22],[11,3],[28,-7],[10,-6],[0,-19],[-12,-68],[-14,-36],[-28,-25],[-18,0],[-2,43],[-5,15],[-11,7],[0,16],[7,33],[8,22],[13,0]],[[5238,7197],[-3,-4],[2,-27],[10,-26],[26,-29],[13,-65]],[[5277,6943],[-22,12],[-9,12],[-20,34]],[[5226,7001],[6,45],[0,31],[4,20],[-5,10],[-3,50],[-5,13],[-4,-9],[-7,3],[-7,-9]],[[5205,7155],[2,17],[-3,16],[5,18],[-5,16]],[[5204,7222],[12,-12],[5,12],[10,2],[7,-27]],[[5420,3688],[43,-5],[40,14],[8,-18],[2,-78],[-63,-44],[-6,26],[-27,26],[3,79]],[[5057,7631],[-9,-1],[4,28],[-10,12],[-6,-3],[-4,12],[-9,6],[-18,-12],[-11,4]],[[4994,7677],[-9,10],[23,40],[14,64],[8,-1],[0,-44],[14,18],[3,12],[-9,3],[2,25],[14,17],[25,6],[12,-17]],[[5076,7837],[0,0]],[[5025,7807],[0,0]],[[5032,7816],[0,0]],[[5045,7826],[0,0]],[[5050,7826],[0,0]],[[5067,7830],[0,0]],[[8433,2779],[-1,43],[5,11],[16,-4],[5,5],[5,34],[4,48],[18,18],[17,-4],[4,-53],[8,-9],[3,-19],[9,3],[-3,-22],[-8,-11],[-19,-2],[-4,-6],[-2,-34],[-10,-24],[-7,-4],[-10,8],[-9,-20],[-21,42]],[[5070,4485],[17,-53],[-9,-62],[0,-37],[12,-35],[-9,-17],[-21,3],[-14,22],[-8,44],[3,16],[-8,12],[-8,26],[5,94]],[[5103,7392],[-5,2],[27,16],[5,9],[9,-12],[7,2],[12,-12]],[[5157,7380],[-1,-15]],[[5156,7365],[3,1]],[[5159,7366],[8,-4]],[[5167,7362],[0,-5]],[[5174,7350],[8,11]],[[5184,7351],[-3,-12]],[[5181,7339],[-2,-10]],[[5179,7329],[-2,6]],[[5177,7335],[-5,-7]],[[5172,7328],[0,-7]],[[5172,7321],[3,-3]],[[5175,7318],[-3,-12]],[[5172,7306],[-3,10]],[[5169,7316],[-11,-5]],[[5158,7311],[-3,5]],[[5155,7316],[0,10]],[[5155,7326],[-5,-1]],[[5150,7325],[-1,-19]],[[5149,7306],[-6,-14]],[[5143,7292],[-1,-5]],[[5142,7287],[3,-5]],[[5145,7282],[-5,-5]],[[5140,7277],[-1,9]],[[5139,7286],[-1,9]],[[5138,7295],[-7,3]],[[5131,7298],[-5,9]],[[5126,7322],[-10,-14]],[[5110,7283],[-8,5]],[[5102,7288],[-11,-9]],[[5087,7283],[-5,10]],[[5080,7299],[2,11]],[[5082,7310],[-3,5]],[[5080,7316],[-6,10],[-12,-18]],[[5060,7310],[2,5]],[[5070,7345],[6,1]],[[5133,7411],[0,0]],[[5141,7287],[0,0]],[[7473,5901],[-13,1]],[[7388,5956],[3,16]],[[8251,1924],[11,25],[14,55],[25,-5],[18,-13],[13,0],[13,-27],[14,-49],[3,-16],[-19,-8],[-23,3],[-22,-3],[-12,-6]],[[8281,1894],[-9,12]],[[8888,2354],[4,12],[30,-40],[25,21],[8,0],[1,-44],[5,-48],[-9,-42],[-5,-13],[-21,35],[-24,-3],[-24,15],[0,45],[4,38],[6,24]],[[8892,1311],[-1,10]],[[8891,1321],[0,57],[13,86],[9,13],[36,-19],[6,-11],[9,-53],[11,-9],[0,-15],[-7,-11],[-19,-10],[-16,4],[-16,-35],[-12,0],[-13,-7]],[[8304,1595],[-5,-14],[-42,0],[-15,3],[-3,9]],[[8239,1593],[-10,31],[-4,43],[5,31],[15,50],[6,-19],[52,-81],[3,-10],[0,-30]],[[9022,2489],[-4,-28],[0,-24],[4,-35],[8,-28],[0,-25],[-15,11],[-15,22],[-19,-3],[-15,-8],[-12,-17],[3,25],[0,42],[-5,32],[-1,42],[16,-1],[31,12],[22,-5],[2,-12]],[[8257,1950],[-10,23],[-8,36],[26,107],[10,-3],[20,-18],[6,-10],[17,-14],[3,-40],[11,-48],[-18,3],[-22,14],[-16,1],[-11,-45],[-8,-6]],[[8535,1799],[-2,24],[-5,21],[-23,67],[16,19],[47,4],[9,-4],[-2,-31],[3,-29],[5,-26],[11,-27],[21,-24]],[[8505,2812],[12,15],[7,0],[16,-15],[11,-5],[9,-22],[-2,-12],[-13,-6],[7,-83],[-8,14],[-13,8],[-7,-28],[-15,-23],[-14,-15],[-9,-1],[-7,25],[-16,5],[9,24],[6,3],[25,26],[5,9],[-5,38],[2,43]],[[9190,1964],[-9,4],[-4,18],[-14,23],[-14,1],[-23,-13],[4,79]],[[9130,2076],[4,11],[12,10],[1,22],[24,3],[18,-43],[3,-28],[11,-15],[13,-57],[0,-10]],[[4958,7656],[14,16],[19,1],[3,4]],[[5060,7586],[-8,-5],[-2,-21],[2,-18]],[[8915,2894],[20,9],[19,1],[14,-10],[-1,-79],[-13,2],[-13,-21],[23,-25],[-17,-40],[-3,-13],[-30,33],[-4,56],[1,58],[4,29]],[[8259,2506],[3,13],[23,-18],[8,20],[18,-40],[9,-11],[10,-56],[-1,-36],[-7,-5],[-16,6],[-13,-2],[-23,5],[-13,24],[4,52],[-2,48]],[[9036,1811],[17,2],[25,-7],[15,4],[8,-9],[4,-30],[14,-15],[2,-23],[6,-4],[1,-30],[-6,-30],[-11,6],[-35,4],[-11,4],[-1,36],[-5,14],[-1,32],[-19,35],[-3,11]],[[8515,2568],[6,11],[22,5],[10,-22],[19,-20],[15,-29],[8,-21],[-5,-41],[-8,-13],[-14,24],[-12,-15],[-30,17],[-11,22],[0,82]],[[8933,2229],[12,-8],[25,-72],[-7,-24],[-23,-65],[-13,6],[-9,-39],[-7,20],[-14,21],[-4,12],[9,48],[19,51],[6,31],[6,19]],[[8841,2374],[2,11],[27,-8],[8,-19],[15,-1],[-9,-32],[-4,-25],[-1,-66],[1,-24],[-27,-21],[-11,32],[-8,40],[-7,24],[9,32],[5,57]],[[8970,2135],[-2,-50],[-5,-39],[1,-56],[5,-30],[-20,-12],[-15,-15],[-5,-19],[-7,9],[-13,46],[-5,30],[13,23],[7,48],[10,6],[6,-11],[24,76],[6,-6]],[[9106,1994],[-4,-9],[4,-19]],[[9081,1974],[-7,4],[-4,15],[-6,-12],[-4,35],[-14,-10],[0,18]],[[9046,2024],[9,13],[5,18],[8,58],[14,60],[9,19],[11,-37],[-3,-47],[2,-20],[0,-35]],[[8954,2484],[5,-53],[0,-22],[-24,-16],[-10,2],[-15,11],[-8,-3],[-15,-15],[-14,78],[4,24],[8,21],[16,16],[6,-26],[8,-15],[23,-5],[14,10],[2,-7]],[[8839,1467],[-2,76],[12,15],[23,12],[14,-6],[36,-38],[-8,-39],[-10,-27],[-10,16],[-12,-6],[-24,1],[-8,-39],[-14,5],[3,30]],[[3133,4837],[0,0]],[[3137,4858],[0,0]],[[3140,4868],[0,0]],[[3195,4914],[0,0]],[[3142,4879],[0,0]],[[3145,4886],[0,0]],[[3147,4907],[0,0]],[[3149,4918],[0,0]],[[3155,4960],[-3,14],[4,15],[-1,-29]],[[3045,5292],[0,0]],[[3050,5294],[0,0]],[[3047,5253],[0,0]],[[2691,5256],[-12,9],[-17,30],[16,11],[17,-8],[21,-20],[-1,-18],[-10,10],[-14,-14]],[[2521,5025],[-4,-39],[-7,-26],[0,-54],[-6,-77]],[[2378,5305],[-2,-13],[8,6],[0,-14],[-5,-41],[2,-8],[-3,-26],[2,-11],[-5,-41],[-9,-12],[-5,-26]],[[8376,2635],[13,6],[16,-25],[8,33],[6,9],[14,-27],[-2,-27],[9,-66],[-3,-20],[-18,-37],[-15,-1],[-13,73],[-18,48],[3,34]],[[8486,2625],[4,21],[16,6],[5,16],[15,19],[2,17],[11,2],[17,-27],[2,-21],[-2,-52],[-12,-23],[-30,-12],[-19,11],[-10,13],[-7,-1],[-4,16],[12,15]],[[8847,1839],[4,5],[18,-5],[-2,-33],[-8,-56],[5,-36],[4,-56],[-39,-5],[-7,29],[-4,46],[3,38],[26,73]],[[8366,2003],[15,63],[12,-25],[26,-41],[2,-12],[-5,-16],[-18,-41],[-23,-22],[-9,-14],[-10,3],[-9,39],[-7,20],[26,46]],[[8960,1708],[3,-9],[-16,-38],[-13,-21],[-21,-44],[-23,-37],[-22,7],[-12,-5],[-19,-18],[-4,14],[0,21],[10,21],[18,9],[37,28],[17,24],[13,30],[1,16],[8,3],[23,-1]],[[8816,2247],[-2,45],[-1,46],[6,39],[21,-3],[5,-11],[-4,-49],[-3,-22],[-6,-11],[7,-41],[11,-32],[2,-15],[-12,-64],[-9,-32],[-10,24],[-4,47],[0,31]],[[8858,1785],[2,8],[27,25],[23,15],[14,0],[-5,-45],[-7,-29],[-16,-43],[-21,-33],[-11,-24],[-8,70],[2,56]],[[5279,7258],[-4,10],[-7,-5],[-8,6],[-1,-10],[-19,-14],[-8,-13],[10,-24],[-4,-11]],[[5204,7222],[-9,-2]],[[5195,7220],[-1,22],[-4,0],[-1,33]],[[9133,1955],[-4,17],[2,31],[11,8],[15,3],[13,-9],[4,-19],[-3,-8],[-1,-27],[3,-52],[-14,21],[-14,-21],[-17,-15],[-34,-2],[-12,-6],[20,58]],[[8690,2901],[7,9],[16,-29],[19,-20],[1,-27],[-1,-43],[-14,-39],[-13,-22],[-4,17],[-23,55],[4,46],[0,33],[8,20]],[[9135,1420],[-3,-33],[1,-87],[-14,-3],[-19,-22],[-7,8],[-7,23],[-1,72],[5,59],[11,0],[25,-15],[9,-2]],[[7917,4725],[2,-27],[-8,-38],[-7,0],[-9,-26],[-12,-11],[-8,-27],[-13,-12],[2,71],[4,36],[-6,14],[-11,10]],[[8959,2765],[9,17],[7,0],[12,-45],[12,-24],[-4,-15],[-5,-55],[2,-56],[-9,-25],[-6,-6],[-11,37],[-3,30],[-4,79],[-13,26],[3,26],[10,11]],[[8488,2587],[4,6],[24,-17],[0,-83],[-9,-32],[-11,-19],[-6,-20],[-20,-32],[-18,9],[18,61],[6,49],[12,78]],[[8772,1971],[4,5],[34,5],[16,-63],[-3,-50],[-4,-31],[-26,2],[-10,-6],[-10,67],[-1,71]],[[8621,2675],[23,21],[30,-4],[0,-31],[6,-26],[8,-20],[-1,-23],[-8,-10],[-31,-5],[-8,8],[-8,23],[-27,54],[16,13]],[[9042,2012],[17,2],[10,-11],[10,-33]],[[9101,1933],[1,-9],[-11,-31],[-9,-14],[-9,-2],[-19,20],[-15,30],[-10,35],[-1,22]],[[8607,2706],[21,81],[6,-1]],[[8642,2795],[6,11],[6,-18],[15,-6],[6,6],[1,-40],[2,-25],[-7,-29],[-22,-4],[-20,-16],[-22,6],[0,5]],[[8347,2094],[17,4],[11,-4],[10,-26],[-3,-20],[-22,-73],[-17,-20],[-18,47],[-7,38],[-1,26],[6,13],[24,15]],[[8373,1563],[2,26]],[[8378,1609],[0,19]],[[8378,1637],[2,20]],[[8383,1682],[2,21]],[[8409,1561],[-3,-7],[-9,10],[-24,-1]],[[8786,1840],[63,5],[-16,-56],[-13,-36],[0,-29],[4,-41],[-16,14],[-11,16],[-10,65],[-19,45],[18,17]],[[8819,1839],[4,67],[-2,16],[-11,47],[8,29],[22,-1],[12,9],[12,1],[-5,-72],[-6,-36],[0,-60],[-34,0]],[[8738,1439],[-13,77],[-9,26],[-6,30],[-6,-1]],[[8699,1572],[-3,18],[4,11]],[[8700,1601],[1,9],[17,30],[10,-16],[6,-22],[14,-23],[6,-32],[18,-24]],[[8768,1511],[-16,-30],[-9,-41]],[[8434,2639],[18,4],[10,-31],[13,-8],[3,-8],[11,-1],[-2,-42],[-6,-44],[-4,-11],[-14,2],[-30,11],[4,15],[-1,33],[-6,35],[0,31],[4,14]],[[8895,1354],[-9,-3],[-23,1],[-4,11],[-11,63],[-3,6],[9,30],[2,18],[30,-2],[12,3],[7,-19],[1,-16],[-10,-49],[-1,-43]],[[8877,2243],[5,6],[25,-11],[14,2],[13,-5],[0,-13],[-18,-64],[-14,-59],[-8,-22],[-19,25],[8,49],[1,20],[-6,34],[-1,38]],[[8250,1925],[-17,-7],[-14,-23],[-30,-34],[-13,47],[21,45],[27,39],[5,19],[11,-1],[4,-20],[14,-30],[1,-15],[-9,-20]],[[8947,2206],[9,47],[10,9],[29,-2],[10,-7],[5,-17],[15,-30],[-1,-19],[-7,-12],[-8,0],[-14,19],[-5,-14],[-21,-36],[-16,36],[-6,26]],[[8888,1561],[16,25],[52,107],[9,13],[16,-6],[-7,-26],[-27,-57],[-6,-18],[-2,-22],[6,-57],[-12,23],[-3,-20],[-10,-6],[-26,28],[-6,16]],[[8266,2381],[3,7],[26,-4],[19,9],[11,-8],[5,-13],[1,-40],[-7,-46],[-13,-8],[-24,2],[-10,54],[-12,22],[1,25]],[[8976,1692],[24,11],[-13,-78],[0,-22],[-6,-17],[-17,-41],[-22,-28],[-1,29],[-4,20],[3,52],[16,28],[9,26],[11,20]],[[8908,2000],[8,-48],[7,-25],[-27,-34],[-12,-8],[-35,1],[3,41],[8,63],[18,-13],[11,0],[19,23]],[[8607,2682],[18,-9],[-38,-24],[-29,-5],[-11,64],[-3,60],[10,9],[4,-17],[25,-19],[4,-16],[19,-14]],[[8810,1640],[12,19],[43,1],[-2,-35],[-3,-23],[-15,-10],[-9,-18],[5,-58],[0,-32],[-16,-14],[-10,91],[1,30],[-6,49]],[[8396,2733],[9,-11],[15,-6],[23,-3],[8,-33],[7,-15],[-11,-30],[-20,-4],[-8,27],[-6,-9],[-6,-39],[-20,33],[-10,-2],[8,43],[7,12],[4,34]],[[5226,7001],[-13,27],[-11,12],[-10,22],[-12,54],[12,2],[-1,39],[14,-2]],[[9052,1176],[-13,3],[5,64],[-6,29],[29,31],[10,-35],[15,23],[11,-17],[14,-5],[9,-10],[1,-16]],[[9060,1180],[-1,-1]],[[8141,1900],[33,22],[7,-19],[11,-50]],[[8200,1812],[-14,-20],[-35,-6]],[[8150,1799],[-2,53],[-8,44]],[[8800,2642],[11,-8],[28,-39],[9,-24],[17,-53],[-29,-17],[-9,5],[-1,16],[-17,20],[-18,4],[0,22],[9,74]],[[8777,2321],[-2,25],[2,64],[20,1],[20,-23],[6,-11],[-9,-41],[4,-61],[-3,-11]],[[5175,7318],[-3,3]],[[5172,7321],[0,7]],[[5172,7328],[5,7]],[[5177,7335],[2,-6]],[[5181,7339],[3,9]],[[5195,7220],[-16,-2],[-18,15],[-15,-8]],[[5131,7298],[7,-3]],[[5139,7286],[1,-9]],[[5145,7282],[-3,5]],[[5143,7292],[6,14]],[[5150,7325],[5,1]],[[5155,7316],[3,-5]],[[5158,7311],[11,5]],[[5169,7316],[3,-10]],[[8922,1819],[0,16],[39,-9],[-4,-36],[-1,-44],[-22,-10],[-5,-15],[2,-16],[-36,2],[0,9],[20,64],[7,39]],[[9012,1996],[3,-18],[-2,-23],[-10,-9],[-29,9],[-8,10],[-5,34],[2,53],[31,3],[14,8],[1,-25]]]}