{"type":"Topology","bbox":[-180,-55.07004205135937,180,83.57906683535938],"transform":{"scale":[0.036003600360036005,0.013866297518423717],"translate":[-180,-55.07004205135937]},"objects":{"countries":{"type":"GeometryCollection","geometries":[{"type":"MultiPolygon","arcs":[[[0,1,2]]],"id":"luxembourg","properties":{"name":"Luxembourg","subjecto":"Luxembourg","partof":"Luxembourg","prec":3}},{"type":"MultiPolygon","arcs":[[[3,4,5,6,7,8,9,10,11]],[[12,13]]],"id":"switzerland","properties":{"name":"Switzerland","subjecto":"Switzerland","partof":"Switzerland","prec":3}},{"type":"MultiPolygon","arcs":[[[14]],[[15]],[[16]],[[17]],[[18]],[[19]],[[20]],[[21]],[[22]],[[23]],[[24]],[[25]],[[26]],[[27]],[[28]],[[29]],[[30]],[[31]],[[32]],[[33]],[[34]],[[35]],[[36]],[[37]],[[38]],[[39]],[[40]],[[41]],[[42]],[[43]],[[44]],[[45]],[[46]],[[47]],[[48]],[[49]],[[50]],[[51]],[[52]],[[53]]],"id":"united_kingdom_of_great_britain_and_irel","properties":{"name":"United Kingdom of Great Britain and Ireland","subjecto":"United Kingdom of Great Britain and Ireland","partof":"United Kingdom of Great Britain and Ireland","prec":3}},{"type":"MultiPolygon","arcs":[[[54,55]]],"id":"bhutan","properties":{"name":"Bhutan","subjecto":"Bhutan","partof":"Bhutan","prec":3}},{"type":"MultiPolygon","arcs":[[[56,57,58]]],"id":"qatar","properties":{"name":"Qatar","subjecto":"Qatar","partof":"Qatar","prec":3}},{"type":"MultiPolygon","arcs":[[[59]]],"id":"cuba","properties":{"name":"Cuba","subjecto":"Cuba","partof":"Cuba","prec":3}},{"type":"MultiPolygon","arcs":[[[60]],[[61]],[[62]],[[63]],[[64]],[[65,66,67,68,69,70,71,72,73,74,75,76],[77]],[[78]],[[79]],[[80]],[[81]],[[82]],[[83]],[[84]],[[85]],[[86,87]]],"id":"united_states","properties":{"name":"United States","subjecto":"United States","partof":"United States","prec":3}},{"type":"MultiPolygon","arcs":[[[88,89]]],"id":"haiti","properties":{"name":"Haiti","subjecto":"Haiti","partof":"Haiti","prec":3}},{"type":"MultiPolygon","arcs":[[[-89,90]]],"id":"dominican_republic","properties":{"name":"Dominican Republic","subjecto":"Dominican Republic","partof":"Dominican Republic","prec":3}},{"type":"MultiPolygon","arcs":[[[91]],[[92]],[[93]],[[94]],[[95]],[[96]],[[97]],[[98]]],"id":"philippines","properties":{"name":"Philippines","subjecto":"Philippines","partof":"Philippines","prec":3}},{"type":"MultiPolygon","arcs":[[[99]]],"id":"puerto_rico","properties":{"name":"Puerto Rico","subjecto":"Puerto Rico","partof":"Puerto Rico","prec":3}},{"type":"MultiPolygon","arcs":[[[100,101,102,103]]],"id":"nicaragua","properties":{"name":"Nicaragua","subjecto":"Nicaragua","partof":"Nicaragua","prec":3}},{"type":"MultiPolygon","arcs":[[[104,105,106,-104]]],"id":"costa_rica","properties":{"name":"Costa Rica","subjecto":"Costa Rica","partof":"Costa Rica","prec":3}},{"type":"MultiPolygon","arcs":[[[107,108,109]]],"id":"sierra_leone","properties":{"name":"Sierra Leone","subjecto":"Sierra Leone","partof":"Sierra Leone","prec":3}},{"type":"MultiPolygon","arcs":[[[110]]],"id":"ceylon","properties":{"name":"Ceylon","subjecto":"Ceylon","partof":"Ceylon","prec":3}},{"type":"MultiPolygon","arcs":[[[111,112,113,-106]]],"id":"panama","properties":{"name":"Panama","subjecto":"Panama","partof":"Panama","prec":3}},{"type":"MultiPolygon","arcs":[[[114,115,116,117]]],"id":"guyana","properties":{"name":"Guyana","subjecto":"Guyana","partof":"Guyana","prec":3}},{"type":"MultiPolygon","arcs":[[[118,119,-109]]],"id":"liberia","properties":{"name":"Liberia","subjecto":"Liberia","partof":"Liberia","prec":3}},{"type":"MultiPolygon","arcs":[[[120,121,122,123,124,125,126,127,128]]],"id":"belgian_congo","properties":{"name":"Belgian Congo","subjecto":"Belgium","partof":"Belgian Congo","prec":3}},{"type":"MultiPolygon","arcs":[[[129,-129,130]],[[-127,131,132,133]]],"id":"angola","properties":{"name":"Angola","subjecto":"Portugal","partof":"Angola","prec":3}},{"type":"MultiPolygon","arcs":[[[134,135,136]]],"id":"malawi","properties":{"name":"Malawi","subjecto":"United Kingdom of Great Britain and Ireland","partof":"Malawi","prec":3}},{"type":"MultiPolygon","arcs":[[[137,138,139,140,141]]],"id":"bolivia","properties":{"name":"Bolivia","subjecto":"Bolivia","partof":"Bolivia","prec":3}},{"type":"MultiPolygon","arcs":[[[142,143,144,145,-135,146,147]]],"id":"mozambique","properties":{"name":"Mozambique","subjecto":"Portugal","partof":"Mozambique","prec":3}},{"type":"MultiPolygon","arcs":[[[148]]],"id":"madagascar_france","properties":{"name":"Madagascar (France)","subjecto":"France","partof":"France","prec":3}},{"type":"MultiPolygon","arcs":[[[149,150,151,152,-133,153,154]]],"id":"german_south_west_africa","properties":{"name":"German South-West Africa","subjecto":"German South-West Africa","partof":"German South-West Africa","prec":3}},{"type":"MultiPolygon","arcs":[[[155,156,-141,157]],[[158]],[[159]],[[160,161,162]]],"id":"chile","properties":{"name":"Chile","subjecto":"Chile","partof":"Chile","prec":3}},{"type":"MultiPolygon","arcs":[[[163,164,-155]]],"id":"botswana","properties":{"name":"Botswana","subjecto":"United Kingdom of Great Britain and Ireland","partof":"Botswana","prec":3}},{"type":"MultiPolygon","arcs":[[[165,-139,166]]],"id":"paraguay","properties":{"name":"Paraguay","subjecto":"Paraguay","partof":"Paraguay","prec":3}},{"type":"MultiPolygon","arcs":[[[-165,167,-145,168,-143,169,-150],[170]],[[-152,171]]],"id":"south_africa","properties":{"name":"South Africa","subjecto":"United Kingdom of Great Britain and Ireland","partof":"South Africa","prec":3}},{"type":"MultiPolygon","arcs":[[[-144,-169]]],"id":"swaziland","properties":{"name":"Swaziland","subjecto":"Swaziland","partof":"Swaziland","prec":3}},{"type":"MultiPolygon","arcs":[[[-171]]],"id":"lesotho","properties":{"name":"Lesotho","subjecto":"Lesotho","partof":"Lesotho","prec":3}},{"type":"MultiPolygon","arcs":[[[172]],[[173]]],"id":"new_zealand","properties":{"name":"New Zealand","subjecto":"New Zealand","partof":"New Zealand","prec":3}},{"type":"MultiPolygon","arcs":[[[-162,174]],[[-158,-140,-166,175,176,177]],[[178,-163]]],"id":"argentina","properties":{"name":"Argentina","subjecto":"Argentina","partof":"Argentina","prec":3}},{"type":"MultiPolygon","arcs":[[[179]]],"id":"iceland","properties":{"name":"Iceland","subjecto":"Iceland","partof":"Iceland","prec":3}},{"type":"MultiPolygon","arcs":[[[180,181,182,-1,183]]],"id":"belgium","properties":{"name":"Belgium","subjecto":"Belgium","partof":"Belgium","prec":3}},{"type":"MultiPolygon","arcs":[[[184]],[[185]],[[186]],[[187,188,189,190]]],"id":"spain","properties":{"name":"Spain","subjecto":"Spain","partof":"Spain","prec":3}},{"type":"MultiPolygon","arcs":[[[191,192,193,194,195]]],"id":"georgia","properties":{"name":"Georgia","subjecto":"Georgia","partof":"Georgia","prec":3}},{"type":"MultiPolygon","arcs":[[[196,197,198,199]]],"id":"montenegro","properties":{"name":"Montenegro","subjecto":"Montenegro","partof":"Montenegro","prec":3}},{"type":"MultiPolygon","arcs":[[[200,-200,201,202]]],"id":"albania","properties":{"name":"Albania","subjecto":"Albania","partof":"Albania","prec":3}},{"type":"MultiPolygon","arcs":[[[203,-191]]],"id":"portugal","properties":{"name":"Portugal","subjecto":"Portugal","partof":"Portugal","prec":3}},{"type":"MultiPolygon","arcs":[[[204,205,-193,206,207]],[[208,209]]],"id":"azerbaijan","properties":{"name":"Azerbaijan","subjecto":"Azerbaijan","partof":"Azerbaijan","prec":3}},{"type":"MultiPolygon","arcs":[[[210,-209,211,-194,-206]]],"id":"armenia","properties":{"name":"Armenia","subjecto":"Armenia","partof":"Armenia","prec":3}},{"type":"MultiPolygon","arcs":[[[-210,-211,-205,212,213,214,215,216,217]]],"id":"persia","properties":{"name":"Persia","subjecto":"Persia","partof":"Persia","prec":3}},{"type":"MultiPolygon","arcs":[[[218,219,220,-215]]],"id":"afghanistan","properties":{"name":"Afghanistan","subjecto":"Afghanistan","partof":"Afghanistan","prec":3}},{"type":"MultiPolygon","arcs":[[[221,222,223]]],"id":"tunisia","properties":{"name":"Tunisia","subjecto":"Tunisia","partof":"Tunisia","prec":3}},{"type":"MultiPolygon","arcs":[[[224,225,226,227,-76]]],"id":"mexico","properties":{"name":"Mexico","subjecto":"Mexico","partof":"Mexico","prec":3}},{"type":"MultiPolygon","arcs":[[[228,229,230]]],"id":"kuwait","properties":{"name":"Kuwait","subjecto":"Kuwait","partof":"Kuwait","prec":3}},{"type":"MultiPolygon","arcs":[[[231,232,233,234,235]]],"id":"rattanakosin_kingdom","properties":{"name":"Rattanakosin Kingdom","subjecto":"Rattanakosin Kingdom","partof":"Rattanakosin Kingdom","prec":3}},{"type":"MultiPolygon","arcs":[[[236,237,-226]]],"id":"belize","properties":{"name":"Belize","subjecto":"Belize","partof":"Belize","prec":3}},{"type":"MultiPolygon","arcs":[[[-227,-238,238,239,240,241]]],"id":"guatemala","properties":{"name":"Guatemala","subjecto":"Guatemala","partof":"Guatemala","prec":3}},{"type":"MultiPolygon","arcs":[[[242,-102,243,244,-240]]],"id":"honduras","properties":{"name":"Honduras","subjecto":"Honduras","partof":"Honduras","prec":3}},{"type":"MultiPolygon","arcs":[[[245,-241,-245]]],"id":"el_salvador","properties":{"name":"El Salvador","subjecto":"El Salvador","partof":"El Salvador","prec":3}},{"type":"MultiPolygon","arcs":[[[246,247,248,249,250,-113,251]]],"id":"colombia","properties":{"name":"Colombia","subjecto":"Colombia","partof":"Colombia","prec":3}},{"type":"MultiPolygon","arcs":[[[252,-236]],[[253,254,255,256]]],"id":"malaya","properties":{"name":"Malaya","subjecto":"Malaya","partof":"Malaya","prec":3}},{"type":"MultiPolygon","arcs":[[[-117,257,258,259]]],"id":"suriname","properties":{"name":"Suriname","subjecto":"Suriname","partof":"Suriname","prec":3}},{"type":"MultiPolygon","arcs":[[[260,-259,261]]],"id":"french_guiana","properties":{"name":"French Guiana","subjecto":"French Guiana","partof":"French Guiana","prec":3}},{"type":"MultiPolygon","arcs":[[[262,263]],[[264]]],"id":"equatorial_guinea","properties":{"name":"Equatorial Guinea","subjecto":"Equatorial Guinea","partof":"Equatorial Guinea","prec":3}},{"type":"MultiPolygon","arcs":[[[265,-250,266]]],"id":"ecuador","properties":{"name":"Ecuador","subjecto":"Ecuador","partof":"Ecuador","prec":3}},{"type":"MultiPolygon","arcs":[[[-142,-157,267,-267,-249,268]]],"id":"peru","properties":{"name":"Peru","subjecto":"Peru","partof":"Peru","prec":3}},{"type":"MultiPolygon","arcs":[[[-167,-138,-269,-248,269,-118,-260,-261,270,271,-176]],[[272]]],"id":"brazil","properties":{"name":"Brazil","subjecto":"Brazil","partof":"Brazil","prec":3}},{"type":"MultiPolygon","arcs":[[[273]],[[274,275]]],"id":"papua_new_guinea","properties":{"name":"Papua New Guinea","subjecto":"Papua New Guinea","partof":"Papua New Guinea","prec":3}},{"type":"MultiPolygon","arcs":[[[276]],[[277]]],"id":"australia","properties":{"name":"Australia","subjecto":"Australia","partof":"Australia","prec":3}},{"type":"MultiPolygon","arcs":[[[-177,-272,278]]],"id":"uruguay","properties":{"name":"Uruguay","subjecto":"Uruguay","partof":"Uruguay","prec":3}},{"type":"MultiPolygon","arcs":[[[279,-182,280]]],"id":"netherlands","properties":{"name":"Netherlands","subjecto":"Netherlands","partof":"Netherlands","prec":3}},{"type":"MultiPolygon","arcs":[[[281,282]]],"id":"nepal","properties":{"name":"Nepal","subjecto":"Nepal","partof":"Nepal","prec":3}},{"type":"MultiPolygon","arcs":[[[283,284,285,286]]],"id":"eritrea","properties":{"name":"Eritrea","subjecto":"Italy","partof":"Eritrea","prec":3}},{"type":"MultiPolygon","arcs":[[[287,288,289,290,291,292,-284,293]]],"id":"abyssinia","properties":{"name":"Abyssinia","subjecto":"Abyssinia","partof":"Abyssinia","prec":3}},{"type":"MultiPolygon","arcs":[[[294,295]]],"id":"gambia_the","properties":{"name":"Gambia, The","subjecto":"Gambia, The","partof":"Gambia, The","prec":3}},{"type":"MultiPolygon","arcs":[[[-294,-287,296,297]]],"id":"djibouti","properties":{"name":"Djibouti","subjecto":"France","partof":"Djibouti","prec":3}},{"type":"MultiPolygon","arcs":[[[298,299]]],"id":"portuguese_guinea","properties":{"name":"Portuguese Guinea","subjecto":"Portuguese Guinea","partof":"Portuguese Guinea","prec":3}},{"type":"MultiPolygon","arcs":[[[-270,-247,300,-115]]],"id":"venezuela","properties":{"name":"Venezuela","subjecto":"Venezuela","partof":"Venezuela","prec":3}},{"type":"MultiPolygon","arcs":[[[301,-255]]],"id":"brunei","properties":{"name":"Brunei","subjecto":"Brunei","partof":"Brunei","prec":3}},{"type":"MultiPolygon","arcs":[[[-275,302]],[[303]],[[304]],[[305]],[[306]],[[307]],[[308]],[[309]],[[310]],[[311]],[[312]],[[313]],[[314]],[[315,-257]],[[316]]],"id":"netherlands_indies","properties":{"name":"Netherlands Indies","subjecto":"Netherlands Indies","partof":"Netherlands Indies","prec":3}},{"type":"MultiPolygon","arcs":[[[317,-72,318,-70,319,-68,320,-66,321,-87,322,-74]],[[323]],[[324]],[[325]],[[326]],[[327]],[[328]],[[329]],[[330]],[[331]],[[332]],[[333]],[[334]],[[335]],[[336]],[[337]],[[338]],[[339]],[[340]],[[341]],[[342]],[[343]],[[344]]],"id":"canada","properties":{"name":"Canada","subjecto":"Canada","partof":"Canada","prec":3}},{"type":"MultiPolygon","arcs":[[[345]],[[346]],[[347,348,349,350]]],"id":"norway","properties":{"name":"Norway","subjecto":"Norway","partof":"Norway","prec":3}},{"type":"MultiPolygon","arcs":[[[351,352,353,-350]]],"id":"finland","properties":{"name":"Finland","subjecto":"Finland","partof":"Finland","prec":3}},{"type":"MultiPolygon","arcs":[[[-202,-199,354,355,356,357,358,359]]],"id":"serbia","properties":{"name":"Serbia","subjecto":"Serbia","partof":"Serbia","prec":3}},{"type":"MultiPolygon","arcs":[[[360]],[[361,-4,362,363]],[[364]],[[365]]],"id":"kingfom_of_italy","properties":{"name":"Kingfom of Italy","subjecto":"Italy","partof":"Italy","prec":3}},{"type":"MultiPolygon","arcs":[[[366,367,-358,368,369]]],"id":"romania","properties":{"name":"Romania","subjecto":"Romania","partof":"Romania","prec":3}},{"type":"MultiPolygon","arcs":[[[-357,370,-355,-198,371,-363,-12,372,373,374,375,376,-369]]],"id":"austro_hungarian_empire","properties":{"name":"Austro-Hungarian Empire","subjecto":"Austro-Hungarian Empire","partof":"Austro-Hungarian Empire","prec":3}},{"type":"MultiPolygon","arcs":[[[377,-234,378,379]]],"id":"french_indochina","properties":{"name":"French Indochina","subjecto":"France","partof":"French Indochina","prec":3}},{"type":"MultiPolygon","arcs":[[[380]],[[381,382,-380,383,384,385,386,387]]],"id":"manchu_empire","properties":{"name":"Manchu Empire","subjecto":"Manchu Empire","partof":"Manchu Empire","prec":3}},{"type":"MultiPolygon","arcs":[[[388,389,390,391,-223,392]]],"id":"algeria","properties":{"name":"Algeria","subjecto":"France","partof":"France","prec":3}},{"type":"MultiPolygon","arcs":[[[-123,393,394,395,396,-285,-293,397]]],"id":"anglo_egyption_sudan","properties":{"name":"Anglo-Egyption Sudan","subjecto":"United Kingdom of Great Britain and Ireland","partof":"Anglo-Egyption Sudan","prec":3}},{"type":"MultiPolygon","arcs":[[[398,399,-396,400,401]]],"id":"egypt","properties":{"name":"Egypt","subjecto":"United Kingdom of Great Britain and Ireland","partof":"Egypt","prec":3}},{"type":"MultiPolygon","arcs":[[[-395,402,-393,-222,403,-401]]],"id":"libya","properties":{"name":"Libya","subjecto":"Italy","partof":"Libya","prec":3}},{"type":"MultiPolygon","arcs":[[[-391,404,405,406,407]]],"id":"morocco","properties":{"name":"Morocco","subjecto":"Morocco","partof":"Morocco","prec":3}},{"type":"MultiPolygon","arcs":[[[408,-407]]],"id":"spanish_morocco","properties":{"name":"Spanish Morocco","subjecto":"Spanish Morocco","partof":"Spanish Morocco","prec":3}},{"type":"MultiPolygon","arcs":[[[409,-405,-390,410,411,412]]],"id":"spanish_sahara","properties":{"name":"Spanish Sahara","subjecto":"Spain","partof":"Spain","prec":3}},{"type":"MultiPolygon","arcs":[[[413,-413,414,415]]],"id":"rio_de_oro","properties":{"name":"Rio De Oro","subjecto":"Rio De Oro","partof":"Rio De Oro","prec":3}},{"type":"MultiPolygon","arcs":[[[416,417,418]]],"id":"gold_coast","properties":{"name":"Gold Coast","subjecto":"United Kingdom of Great Britain and Ireland","partof":"Gold Coast","prec":3}},{"type":"MultiPolygon","arcs":[[[419,420,-417]]],"id":"togoland","properties":{"name":"Togoland","subjecto":"Togoland","partof":"Togoland","prec":3}},{"type":"MultiPolygon","arcs":[[[421,422,423]]],"id":"nigeria","properties":{"name":"Nigeria","subjecto":"United Kingdom of Great Britain and Ireland","partof":"Nigeria","prec":3}},{"type":"MultiPolygon","arcs":[[[-130,424,425,426,-121]]],"id":"french_equatorial_africa","properties":{"name":"French Equatorial Africa","subjecto":"France","partof":"French Equatorial Africa","prec":3}},{"type":"MultiPolygon","arcs":[[[-108,427,-299,428,-295,429,-416,430,-411,-389,-403,-394,-122,-427,431,-424,432,-420,-419,433,-119]]],"id":"french_west_africa","properties":{"name":"French West Africa","subjecto":"France","partof":"France","prec":3}},{"type":"MultiPolygon","arcs":[[[434,-422,-432,-426,435,-263]]],"id":"kamerun","properties":{"name":"Kamerun","subjecto":"Kamerun","partof":"Kamerun","prec":3}},{"type":"MultiPolygon","arcs":[[[436,437,-147,-137,438,-125,439]]],"id":"german_e_africa_tanganyika","properties":{"name":"German E. Africa (Tanganyika)","subjecto":"German Empire","partof":"German Empire","prec":3}},{"type":"MultiPolygon","arcs":[[[440,-437,441,-291,-290,442,443]]],"id":"british_east_africa","properties":{"name":"British East Africa","subjecto":"United Kingdom of Great Britain and Ireland","partof":"British East Africa","prec":3}},{"type":"MultiPolygon","arcs":[[[-124,-398,-292,-442,-440]]],"id":"uganda","properties":{"name":"Uganda","subjecto":"Uganda","partof":"Uganda","prec":3}},{"type":"MultiPolygon","arcs":[[[444,-290,-289,445,446,443]]],"id":"british_somaliland","properties":{"name":"British Somaliland","subjecto":"United Kingdom of Great Britain and Ireland","partof":"British Somaliland","prec":3}},{"type":"MultiPolygon","arcs":[[[-288,-298,447,-446]]],"id":"italian_somaliland","properties":{"name":"Italian Somaliland","subjecto":"Italy","partof":"Italy","prec":3}},{"type":"MultiPolygon","arcs":[[[-132,-126,-439,-136,-146,-168,-164,-154]]],"id":"rhodesia","properties":{"name":"Rhodesia","subjecto":"United Kingdom of Great Britain and Ireland","partof":"Rhodesia","prec":3}},{"type":"MultiPolygon","arcs":[[[-184,-3,448,-9,449,-5,-362,450,-189,451]],[[452,-7]]],"id":"france","properties":{"name":"France","subjecto":"France","partof":"France","prec":3}},{"type":"MultiPolygon","arcs":[[[453,454]]],"id":"arabia_nejd","properties":{"name":"Arabia (Nejd)","subjecto":"Arabia (Nejd)","partof":"Arabia (Nejd)","prec":3}},{"type":"MultiPolygon","arcs":[[[455,456,-387]]],"id":"mongolia","properties":{"name":"Mongolia","subjecto":"Mongolia","partof":"Mongolia","prec":3}},{"type":"MultiPolygon","arcs":[[[457,458,-220,459,-456,-386]]],"id":"xinjiang","properties":{"name":"Xinjiang","subjecto":"Xinjiang","partof":"Xinjiang","prec":3}},{"type":"MultiPolygon","arcs":[[[-56,460,-283,461,-458,-385,462]]],"id":"tibet","properties":{"name":"Tibet","subjecto":"Tibet","partof":"Tibet","prec":3}},{"type":"MultiPolygon","arcs":[[[463,464]]],"id":"sakhalin_ru","properties":{"name":"Sakhalin (RU)","subjecto":"Russia","partof":"Sakhalin (RU)","prec":3}},{"type":"MultiPolygon","arcs":[[[465]],[[466]]],"id":"antigua_and_barbuda","properties":{"name":"Antigua and Barbuda","subjecto":"Antigua and Barbuda","partof":"Antigua and Barbuda","prec":3}},{"type":"MultiPolygon","arcs":[[[467]]],"id":"barbados","properties":{"name":"Barbados","subjecto":"Barbados","partof":"Barbados","prec":3}},{"type":"MultiPolygon","arcs":[[[468]]],"id":"dominica","properties":{"name":"Dominica","subjecto":"Dominica","partof":"Dominica","prec":3}},{"type":"MultiPolygon","arcs":[[[469]],[[470]],[[471]]],"id":"grenada","properties":{"name":"Grenada","subjecto":"Grenada","partof":"Grenada","prec":3}},{"type":"MultiPolygon","arcs":[[[472]]],"id":"martinique","properties":{"name":"Martinique","subjecto":"Martinique","partof":"Martinique","prec":3}},{"type":"MultiPolygon","arcs":[[[473]]],"id":"montserrat","properties":{"name":"Montserrat","subjecto":"Montserrat","partof":"Montserrat","prec":3}},{"type":"MultiPolygon","arcs":[[[474]]],"id":"anguilla","properties":{"name":"Anguilla","subjecto":"Anguilla","partof":"Anguilla","prec":3}},{"type":"MultiPolygon","arcs":[[[475]],[[476]]],"id":"saint_kitts_and_nevis","properties":{"name":"Saint Kitts and Nevis","subjecto":"Saint Kitts and Nevis","partof":"Saint Kitts and Nevis","prec":3}},{"type":"MultiPolygon","arcs":[[[477]]],"id":"saint_lucia","properties":{"name":"Saint Lucia","subjecto":"Saint Lucia","partof":"Saint Lucia","prec":3}},{"type":"MultiPolygon","arcs":[[[478]],[[479]],[[480]],[[481]]],"id":"saint_vincent_and_the_grenadines","properties":{"name":"Saint Vincent and the Grenadines","subjecto":"Saint Vincent and the Grenadines","partof":"Saint Vincent and the Grenadines","prec":3}},{"type":"MultiPolygon","arcs":[[[482]],[[483]],[[484]]],"id":"united_states_virgin_islands","properties":{"name":"United States Virgin Islands","subjecto":"United States Virgin Islands","partof":"United States Virgin Islands","prec":3}},{"type":"MultiPolygon","arcs":[[[485]],[[486]],[[487]],[[488]]],"id":"guadeloupe","properties":{"name":"Guadeloupe","subjecto":"Guadeloupe","partof":"Guadeloupe","prec":3}},{"type":"MultiPolygon","arcs":[[[489]],[[490]],[[491]]],"id":"netherlands_antilles","properties":{"name":"Netherlands Antilles","subjecto":"Netherlands Antilles","partof":"Netherlands Antilles","prec":3}},{"type":"MultiPolygon","arcs":[[[492,493]]],"id":"saint_martin","properties":{"name":"Saint Martin","subjecto":"Saint Martin","partof":"Saint Martin","prec":3}},{"type":"MultiPolygon","arcs":[[[-493,494]]],"id":"saint_barthelemy","properties":{"name":"Saint Barthelemy","subjecto":"Saint Barthelemy","partof":"Saint Barthelemy","prec":3}},{"type":"MultiPolygon","arcs":[[[-399,495,-195,-212,-218,496,-231,497,498,499]]],"id":"ottoman_empire","properties":{"name":"Ottoman Empire","subjecto":"Ottoman Empire","partof":"Ottoman Empire","prec":3}},{"type":"MultiPolygon","arcs":[[[500]],[[501,-351,-354,502]],[[503]]],"id":"sweden","properties":{"name":"Sweden","subjecto":"Sweden","partof":"Sweden","prec":3}},{"type":"MultiPolygon","arcs":[[[504]],[[505]],[[506]],[[507]],[[508]],[[509]],[[510]],[[511]],[[512,513,514,515]],[[516]],[[517]],[[518]],[[519]],[[520]],[[521]],[[522]],[[523]],[[524]],[[525]],[[526]]],"id":"denmark","properties":{"name":"Denmark","subjecto":"Denmark","partof":"Denmark","prec":3}},{"type":"MultiPolygon","arcs":[[[-57,527,-454,528,-499,529]]],"id":"british_protectorate","properties":{"name":"British Protectorate","subjecto":"United Kingdom of Great Britain and Ireland","partof":"British Protectorate","prec":3}},{"type":"MultiPolygon","arcs":[[[-498,-230,530,-58,-530]]],"id":"arabia_nejd_2","properties":{"name":"Arabia (Nejd)","subjecto":"Arabia (Nejd)","partof":"Arabia (Nejd)","prec":3}},{"type":"MultiPolygon","arcs":[[[-360,531,532,-203]],[[533]],[[534]],[[535]],[[536]],[[537]],[[538]],[[539]],[[540]],[[541]],[[542]],[[543]],[[544]],[[545]],[[546]],[[547]],[[548]]],"id":"greece","properties":{"name":"Greece","subjecto":"Greece","partof":"Greece","prec":3}},{"type":"MultiPolygon","arcs":[[[549]],[[550]]],"id":"malta","properties":{"name":"Malta","subjecto":"Malta","partof":"Malta","prec":3}},{"type":"MultiPolygon","arcs":[[[-216,-221,-459,-462,-282,-461,-55,-463,-384,-379,-233,551]]],"id":"british_raj","properties":{"name":"British Raj","subjecto":"United Kingdom","partof":"British Raj","prec":3}},{"type":"MultiPolygon","arcs":[[[-464,552]],[[553]],[[554]],[[555]],[[556]],[[557]],[[558]],[[559]],[[560]],[[561]],[[562]],[[563]],[[564]],[[565]],[[566]],[[567]],[[568]],[[569]],[[570]],[[571]],[[572]],[[573]],[[574]],[[575]],[[-382,576,577]],[[578]],[[579]],[[580]],[[581]],[[582]],[[583]],[[584]],[[585]],[[586]],[[587]],[[588]],[[589]],[[590]],[[591]],[[592]],[[593]],[[594]],[[595]],[[596]],[[597]],[[598]],[[599]],[[600]],[[601]],[[602]],[[603]],[[604]],[[605]],[[606]],[[607]],[[608]],[[609]],[[610]],[[611]]],"id":"empire_of_japan","properties":{"name":"Empire of Japan","subjecto":"Empire of Japan","partof":"Empire of Japan","prec":3}},{"type":"MultiPolygon","arcs":[[[-375,612,613,-352,-349,614,-577,-388,-457,-460,-219,-214,615,-207,-192,616,-370,-377,617]]],"id":"russian_empire","properties":{"name":"Russian Empire","subjecto":"Russia","partof":"Russian Empire","prec":3}},{"type":"MultiPolygon","arcs":[[[618]],[[619]],[[620]]],"id":"russian_empire_2","properties":{"name":"Russian Empire","subjecto":"Russia","partof":"Russian Empire","prec":3}},{"type":"MultiPolygon","arcs":[[[-368,621,-532,-359]]],"id":"bulgaria","properties":{"name":"Bulgaria","subjecto":"Bulgaria","partof":"Bulgaria","prec":3}},{"type":"MultiPolygon","arcs":[[[622]],[[623,-14,624,-10,-449,-2,-183,-280,625,-515,626,-513,627,628,-613,-374]],[[629]]],"id":"german_empire","properties":{"name":"German Empire","subjecto":"German Empire","partof":"German Empire","prec":3}},{"type":"MultiPolygon","arcs":[[[630]],[[631]],[[632]],[[633]],[[634]]],"id":"american_samoa","properties":{"name":"American Samoa","subjecto":"American Samoa","partof":"American Samoa","prec":3}},{"type":"MultiPolygon","arcs":[[[635]],[[636]],[[637]],[[638]],[[639]],[[640]],[[641]],[[642]],[[643]],[[644]],[[645]],[[646]],[[647]],[[648]],[[649]],[[650]],[[651]],[[652]],[[653]],[[654]],[[655]],[[656]],[[657]],[[658]],[[659]],[[660]],[[661]],[[662]],[[663]],[[664]],[[665]],[[666]],[[667]],[[668]],[[669]]],"id":"fiji","properties":{"name":"Fiji","subjecto":"Fiji","partof":"Fiji","prec":3}},{"type":"MultiPolygon","arcs":[[[670]]],"id":"niue","properties":{"name":"Niue","subjecto":"Niue","partof":"Niue","prec":3}},{"type":"MultiPolygon","arcs":[[[671]],[[672]],[[673]],[[674]],[[675]],[[676]],[[677]],[[678]],[[679]],[[680]],[[681]],[[682]],[[683]],[[684]],[[685]]],"id":"tonga","properties":{"name":"Tonga","subjecto":"Tonga","partof":"Tonga","prec":3}},{"type":"MultiPolygon","arcs":[[[686]],[[687]]],"id":"wallis_and_futuna_islands","properties":{"name":"Wallis and Futuna Islands","subjecto":"Wallis and Futuna Islands","partof":"Wallis and Futuna Islands","prec":3}},{"type":"MultiPolygon","arcs":[[[688]],[[689]]],"id":"samoa","properties":{"name":"Samoa","subjecto":"Samoa","partof":"Samoa","prec":3}},{"type":"MultiPolygon","arcs":[[[690]]],"id":"rapa_nui","properties":{"name":"Rapa Nui","subjecto":"Chile","partof":"Rapa Nui","prec":3}},{"type":"MultiPolygon","arcs":[[[691]],[[692]]],"id":"hong_kong","properties":{"name":"Hong Kong","subjecto":"United Kingdom","partof":"British Empire","prec":3}}]}},"arcs":[[[5161,7542],[-2,18],[3,21],[7,5]],[[5169,7586],[6,-20],[6,-3],[-8,-23]],[[5173,7540],[-12,2]],[[5288,7353],[0,-23],[-7,7],[-7,-19],[-9,-7],[-5,16],[-10,-25],[-4,-23],[-14,30],[0,14],[-10,-13],[-6,-26],[-8,5],[-15,-5]],[[5193,7284],[-4,33]],[[5189,7317],[-1,6]],[[5188,7323],[-1,1]],[[5187,7324],[-7,2],[-3,-12]],[[5177,7314],[-8,-16],[-1,35],[15,32],[9,33]],[[5192,7398],[11,-3],[5,10],[10,-3],[22,15],[9,-7]],[[5249,7410],[15,-14]],[[5264,7396],[0,-30],[8,-2],[7,-13],[7,11],[2,-9]],[[5255,7409],[-2,1]],[[5253,7410],[2,-1]],[[2853,5256],[-13,9],[-16,30],[15,11],[17,-8],[21,-20],[-1,-18],[-10,10],[-13,-14]],[[2971,5496],[-3,-12],[-14,-4],[3,19],[14,-3]],[[2974,5521],[0,0]],[[2977,5586],[0,0]],[[2955,5600],[0,0]],[[2959,5601],[0,0]],[[2934,5597],[0,0]],[[2948,5610],[-1,-17],[-4,10],[5,7]],[[2942,5606],[0,0]],[[2952,5635],[0,0]],[[2901,5661],[0,0]],[[2916,5638],[0,0]],[[2895,5666],[0,0]],[[2922,5680],[0,0]],[[2878,5708],[0,0]],[[2931,5699],[0,0]],[[2835,5713],[0,0]],[[2835,5719],[0,0]],[[2876,5717],[0,0]],[[2840,5704],[6,7],[-1,-26],[-7,9],[2,10]],[[2842,5727],[0,0]],[[2908,5718],[-6,-4],[1,15],[5,-11]],[[2849,5775],[0,0]],[[2828,5789],[6,-4],[7,-46],[-8,-17],[-12,25],[7,0],[0,42]],[[2874,5803],[0,0]],[[2838,5825],[0,0]],[[2845,5866],[0,0]],[[2835,5900],[-3,-6],[-20,-11],[7,16],[16,1]],[[2840,5913],[7,-4],[13,-27],[-5,-43],[-5,9],[5,9],[2,27],[-11,24],[-6,5]],[[3024,5517],[0,0]],[[2987,5531],[0,0]],[[3014,5533],[0,0]],[[3009,5545],[0,0]],[[2992,5540],[0,0]],[[3003,5547],[0,0]],[[3302,4752],[-3,-10],[0,-41],[-9,-6],[-14,2],[11,16],[-4,32],[19,7]],[[5938,6505],[4,-13],[-11,0],[-1,-11],[-25,-13],[-9,7],[-4,24],[10,8],[7,-3],[1,18],[16,-4],[31,24],[-19,-31],[0,-6]],[[5002,7822],[5,-19],[-7,-25],[9,-5],[11,14],[18,-7],[6,-12],[2,-24],[-5,-21],[-13,-15],[-9,-18],[-12,-8],[30,-7],[0,-17],[-19,-14],[-13,-14],[-15,6],[-14,-7],[-7,7],[-27,-8],[1,-10],[-14,0],[-12,11],[-15,-7],[-1,-19],[-9,-11],[-10,14],[-20,-13],[-9,-18],[-14,12],[15,15],[6,16],[12,16],[1,15],[8,14],[12,3],[21,-4],[9,34],[-12,-13],[-9,0],[-18,15],[-23,2],[-7,12],[5,10],[21,14],[5,13],[-1,33],[-13,0],[9,18],[10,9],[29,4],[-4,18],[4,47],[-10,-2],[-9,20],[12,30],[-12,7],[-15,-12],[-9,7],[-4,-13],[-14,8],[1,11],[12,35],[-8,17],[8,17],[-2,17],[-12,-18],[-12,-10],[-2,14],[10,43],[-8,8],[-7,-18],[-6,5],[11,38],[-3,19],[8,9],[-9,17],[6,11],[14,-2],[-8,25],[12,5],[-6,17],[6,12],[11,-12],[19,8],[19,1],[0,-18],[-28,-32],[0,-20],[36,-1],[20,2],[5,-12],[-5,-28],[-15,-39],[-13,-10],[12,-11],[-16,-15],[-17,1],[5,-7],[16,-3],[11,8],[14,-11],[15,-25],[4,-39],[5,-17],[14,-10],[16,-37],[0,-33],[11,-13]],[[4840,7972],[6,14],[1,-16],[-7,2]],[[4799,7945],[16,8],[17,-8],[7,-26],[3,-30],[-7,-21],[-14,-9],[7,-34],[4,-39],[-10,-49],[-14,0],[-2,-7],[-22,-6],[-22,-30],[-19,-10],[-16,-3],[-1,26],[-10,-3],[-2,16],[9,8],[-15,1],[1,8],[16,-1],[4,20],[15,6],[2,9],[-14,-3],[9,34],[11,3],[-20,14],[-15,2],[1,14],[9,4],[3,18],[-13,2],[0,16],[8,14],[36,-9],[-3,12],[11,9],[2,11],[-17,0],[9,8],[5,25],[16,11],[7,-14],[8,3]],[[7544,5965],[0,-13],[11,-19],[-3,-28],[-20,-4],[-33,2],[-4,-7],[-27,16],[-2,20]],[[7466,5932],[16,50],[13,28],[4,-15],[32,-2],[9,-8],[4,-20]],[[6424,5732],[-5,-1]],[[6419,5731],[-4,3]],[[6415,5734],[-3,60],[6,49],[8,6],[6,-31],[0,-57],[-8,-29]],[[2717,5584],[14,11],[-10,13],[-23,-4],[-15,-30],[-12,-1],[-10,-27],[-14,-5],[9,21],[-2,19],[5,16],[16,20],[20,15],[25,8],[18,0],[19,-8],[27,-19],[12,-26],[32,-20],[19,-26],[4,-18],[49,-36],[-2,-24],[17,1],[6,-5],[18,-31],[-15,-6],[-22,-15],[-24,8],[-30,-10],[-6,2],[14,32],[2,13],[-5,13],[-24,8],[-8,11],[-2,24],[-6,22],[-18,0],[-10,4],[-29,31],[-22,5],[-17,14]],[[651,5484],[12,-13],[-10,-14],[-9,25],[7,2]],[[599,5519],[7,17],[9,-29],[-12,-1],[-4,13]],[[323,7833],[11,-4],[3,-12],[-14,-6],[-5,10],[5,12]],[[375,7847],[-12,-20],[-6,35],[10,4],[11,-11],[-3,-8]],[[666,5428],[3,6],[19,-28],[9,-24],[-6,-17],[-10,-6],[-8,-21],[-7,11],[-4,51],[6,13],[-2,15]],[[1586,7510],[51,-1],[58,1],[106,-1],[64,1],[61,-1],[13,1],[270,-2],[157,1],[-7,30],[7,1],[20,-51],[11,-14],[6,2],[18,-7],[8,-21],[8,8],[10,-18],[6,-3],[15,13],[32,2],[0,-20],[10,0]],[[2510,7431],[-23,-19],[-19,-24],[-27,-46],[7,-2],[21,13],[9,1],[-3,-22],[5,7],[12,-5],[16,14],[11,4],[28,38],[12,4],[-15,-31],[-2,-16],[7,8],[16,-8],[11,-21],[14,-5],[21,16],[28,2],[-1,-10],[8,-6]],[[2646,7323],[8,-1],[5,-14],[12,-8]],[[2671,7300],[-4,-15],[-18,6],[0,-20],[33,-34],[5,-19],[-4,-51],[-11,-22],[-3,-16],[5,-12],[10,21],[12,11],[5,-7],[8,-55],[5,-12]],[[2714,7075],[-7,-30],[-14,-27],[0,-16]],[[2693,7002],[-10,-12],[-1,-11],[24,-22],[21,7],[22,25],[13,9],[28,30],[16,23],[-2,11]],[[2804,7062],[-3,27]],[[2801,7089],[18,10],[18,-1],[9,-10],[17,2],[21,28],[-3,16],[6,12],[-8,4],[6,18]],[[2885,7168],[37,50],[77,-1],[14,-3],[6,26],[20,-2],[14,47],[14,72],[15,38],[9,-15],[20,2],[8,-18],[4,-92],[-1,-7],[10,-7],[1,-23]],[[3133,7235],[7,-27],[-6,-12],[-16,-4],[-9,-18],[-2,12],[-9,-10],[-1,-10],[-9,7],[1,17],[-13,-46],[-4,7],[-3,-14],[-9,-10],[-3,11],[-8,-8],[1,-11],[-10,-17],[-9,-39],[8,-11],[-13,-26],[8,-4],[13,-39],[9,8],[1,-11],[-20,-9],[0,13],[-14,-18],[2,22],[-8,1],[-2,-30],[-39,-10],[-15,-11],[-25,-36],[10,-14],[-6,-49],[-7,-25],[-13,-31],[-2,19],[-5,0],[-14,31],[11,-58],[4,-2],[1,-25],[-11,-37],[-12,-51],[-4,3],[4,28],[6,14],[-18,46],[8,9],[-7,10],[-1,12],[7,16],[-6,1],[9,32],[-12,-27],[-4,-35],[6,-49],[-13,13],[-13,21],[-2,-7],[10,-17],[21,-22],[-6,-17],[-13,26],[9,-27],[8,-5],[-3,-12],[3,-29],[-10,15],[-9,1],[13,-18],[14,-7],[-1,-26],[6,-31],[-11,16],[3,-11],[-18,-16],[19,4],[1,-25],[3,20],[5,-7],[-11,-36],[-20,10],[10,-13],[-5,-17],[-8,-5],[18,-4],[-9,-15],[-18,-7],[-19,-53],[-18,-9],[-16,-25],[-4,-26],[-11,-22],[-14,-19],[-10,-3],[-16,-62],[-9,-66],[2,-47],[11,-58],[12,-51],[4,-56],[10,-62],[1,-27],[-4,-59],[-4,-13],[1,-22],[-22,-9],[-1,19],[-7,34],[-10,5],[-4,38],[-5,7],[-2,23],[-5,-3],[-12,51],[8,14],[-1,15],[-6,-14],[-3,7],[5,77],[-4,15],[-9,9],[-21,59],[-12,3],[-13,-22],[-15,-9],[-5,27],[-6,12],[-10,2],[-9,17],[-19,-8],[-9,6],[0,-10],[-10,-3],[-8,30],[-3,-25],[-5,4],[-25,1],[-13,-16],[-8,15],[0,-25],[9,4],[8,-16],[-9,-12],[4,-20],[7,-5],[8,-18],[-13,-1],[-4,13],[-10,9],[0,-21],[-35,15],[-5,16],[-14,21],[-8,-2],[7,-13],[-4,-6],[-15,3],[-22,13],[-19,-5],[-8,-11],[-10,2],[-2,15],[-6,-7],[6,-24],[-21,-40],[-17,-11],[-14,5],[4,-20],[-7,-20],[-20,-18],[8,-17],[-10,-32],[0,-27],[5,-46],[5,-29]],[[2298,5833],[-14,16],[-9,-4],[-28,31],[-9,31],[-5,45],[-12,27],[-10,34],[-18,73],[-9,20],[-10,11],[-14,2],[-6,-7],[-16,-42],[-16,-3],[-27,38],[-6,18],[-9,56],[-20,33],[-20,46],[-47,1],[-4,-32],[-75,2],[-48,38],[-50,43],[-7,15],[-64,-8]],[[1745,6317],[-5,17],[0,21],[-4,20],[-14,29],[-14,9],[-3,17],[-7,-1],[-12,10],[-9,19],[-25,2],[-5,8],[1,41],[-8,7],[1,14],[-13,22],[-5,20],[-10,20],[-2,25],[4,5],[-2,18],[-9,5],[-7,17],[-2,34],[13,-18],[-12,46],[0,-20],[-13,18],[-6,28],[-16,36],[-3,28],[2,14],[-6,27],[-9,25],[0,30],[5,32],[1,28],[-3,26],[-8,48],[-2,30],[9,23],[5,24],[-6,29],[7,70],[3,52],[-2,38],[-3,4],[0,43],[-4,37],[-12,48],[2,19],[24,-14],[15,1],[12,-13],[0,-14],[-10,-25],[12,-16],[7,25],[4,34],[-7,54],[-8,17]],[[2561,7015],[7,-31],[5,-10],[9,4],[10,13],[11,41],[1,40],[-6,36],[-1,37],[8,50],[19,37],[-3,-22],[6,-1],[1,22],[12,15],[-4,10],[9,20],[-5,11],[-12,7],[-25,-12],[-11,-18],[2,16],[-9,-14],[-1,12],[-20,-64],[-5,-6],[-4,-21],[15,21],[4,-4],[-5,-43],[-4,-16],[-7,-59],[3,-25],[0,-46]],[[1298,8027],[18,-24],[-2,-18],[4,-14],[10,-13],[0,-31],[-23,38],[-7,18],[0,15],[-7,27],[7,2]],[[1236,8106],[2,7],[12,-7],[6,-39],[-5,-24],[-15,63]],[[429,7890],[-13,14],[13,22],[23,16],[10,-10],[4,-13],[-10,-8],[-14,2],[-13,-23]],[[478,7938],[-5,-4],[-8,16],[5,8],[8,-9],[0,-11]],[[505,7994],[14,7],[27,-16],[-1,-7],[-20,0],[-13,-6],[-18,-24],[-9,0],[-1,18],[10,8],[11,20]],[[221,8558],[8,11],[15,-7],[20,3],[32,-21],[6,-12],[-15,0],[-7,-12],[-29,28],[-21,0],[-9,10]],[[718,8081],[-12,12],[0,15],[11,20],[13,-15],[8,15],[1,12],[20,-3],[8,-17],[-22,-8],[-9,-26],[-10,-8],[-8,3]],[[1227,8115],[-21,32],[8,20],[7,3],[10,-13],[10,4],[5,-36],[-19,12],[0,-22]],[[1082,8991],[1,-16],[0,-93],[1,-149],[2,-91],[-1,-211],[1,-104],[3,-9],[10,-3],[30,4],[10,-2],[10,-34],[27,-43],[12,-22],[3,10],[11,7],[24,38],[17,2],[13,-33],[25,-38],[10,-19],[23,-57],[20,-62],[7,-12],[40,-36],[5,-8],[-2,-26],[5,-25]],[[1389,7959],[-2,-14],[-13,-14],[-7,12],[2,29],[-13,41],[-16,-2],[-14,-12],[-1,21],[5,15],[-21,48],[-15,15],[2,11],[-8,26],[4,8],[-10,11],[-8,18],[-19,23],[-9,44],[-9,12],[-1,-26],[6,-44],[-13,7],[-11,31],[-7,-4],[-15,7],[16,-23],[0,-7],[-20,-5],[-14,11],[-24,40],[-21,8],[-16,18],[12,8],[-6,19],[-16,-9],[-21,1],[-13,8],[-2,14],[-27,-5],[-19,4],[-27,-2],[-9,3],[-12,16],[-5,17],[-14,-12],[-11,10],[-3,10],[-16,13],[-19,7],[-19,20],[-15,-11],[1,-14],[-11,-23],[14,-10],[1,-22],[-5,-14],[-23,9],[-7,-4],[-12,-19],[-14,-7],[-24,-29],[-14,-4],[3,14],[9,13],[-9,33],[10,19],[7,29],[20,18],[28,-4],[3,6],[-27,27],[-13,-1],[-16,-25],[-24,-21],[-10,-20],[-9,-7],[0,-28],[-7,-11],[-16,-7],[-16,-29],[5,-15],[18,-11],[-6,-17],[-15,-16],[-12,-25],[-26,-13],[-9,-13],[-21,-23],[5,-22],[-14,-13],[-21,-10],[-22,-24],[-5,-18],[-10,-15],[-30,-13],[-12,11],[4,17],[9,9],[10,19],[14,14],[18,-2],[-1,24],[27,38],[3,48],[9,16],[3,26],[-24,-10],[-8,1],[-6,19],[-11,-9],[1,-30],[-7,2],[-19,33],[-17,5],[-12,-3],[-8,-16],[-14,-4],[-8,2],[-4,41],[4,17],[-2,14],[-11,32],[-32,-23],[-13,-3],[-16,30],[-13,15],[-2,9],[8,19],[25,-14],[12,6],[-11,25],[-18,-7],[-24,23],[-13,0],[-8,35],[9,6],[1,15],[7,7],[4,21],[11,16],[15,37],[5,6],[28,-15],[9,4],[14,22],[15,9],[22,2],[7,22],[-3,21],[-11,23],[12,4],[1,21],[-10,11],[-24,-13],[-18,-23],[-7,-2],[-23,11],[-20,2],[-16,-6],[-33,7],[-6,7],[-1,30],[21,1],[5,6],[-13,8],[-57,24],[13,12],[19,7],[29,18],[13,12],[30,16],[18,-4],[-1,-26],[30,-8],[13,0],[18,12],[10,12],[19,-6],[13,2],[3,16],[-33,12],[-16,1],[-4,25],[-19,5],[-31,4],[-3,17],[-19,25],[-65,44],[15,18],[1,16],[39,4],[23,9],[9,12],[6,20],[18,36],[19,20],[28,11],[35,0],[0,12],[-9,19],[38,1],[29,7],[25,27],[12,0],[12,-9],[-2,-21],[18,-6],[11,16],[17,-6],[42,-4],[23,-29],[42,-4],[37,5],[15,-4],[28,-12],[43,-4],[26,-11],[54,6],[14,-8],[31,-25],[18,-10]],[[3006,5397],[1,-63],[-4,-20],[6,-44]],[[3009,5270],[-9,19],[-26,-3],[-15,6],[-11,-14],[-14,19],[2,23],[43,-14],[12,11],[-11,20],[1,33],[-8,15],[-11,4],[-3,13],[15,8],[23,-14],[9,1]],[[3006,5397],[6,9],[9,-4],[10,7],[4,-10],[12,-10],[8,2],[7,-24],[31,-34],[7,-22],[-8,-27],[-9,22],[-27,0],[-9,-18],[-11,19],[-10,-12],[-10,-47],[-7,22]],[[8343,5019],[-11,27],[-6,41],[1,37],[-1,27],[12,-23],[3,27],[-2,33],[2,15],[2,70],[5,28],[13,7],[15,-17],[8,-2],[5,13],[3,-18],[-3,-14],[1,-41],[9,-23],[-9,-57],[-18,-30],[-5,-44],[6,-30],[8,-56],[10,-14],[8,28],[8,-2],[5,-28],[7,-14],[7,19],[10,-14],[-9,-17],[12,-40],[-4,-6],[-13,10],[-4,25],[-16,37],[-5,-8],[5,-25],[-3,-9],[-9,25],[-12,18],[-17,-18],[-12,19],[-2,14],[8,20],[8,-10],[5,7],[-22,33],[-3,-20]],[[8363,4851],[-10,26],[-5,43],[-6,17],[19,1],[8,-20],[-1,-43],[-5,-24]],[[8480,4774],[-13,26],[1,25],[-15,27],[-2,15],[19,8],[8,-17],[3,-53],[3,-25],[-4,-6]],[[8385,4726],[3,93],[13,-21],[13,5],[-1,-27],[-17,-37],[-11,-13]],[[8301,4694],[-5,1],[12,43],[2,36],[4,-9],[6,-36],[-19,-35]],[[8414,4624],[-15,31],[-1,24],[10,16],[6,59],[8,5],[2,-13],[-5,-37],[-4,-46],[5,-24],[-6,-15]],[[8257,4581],[-4,1],[11,42],[15,28],[12,35],[0,-32],[-15,-26],[-3,-20],[-11,-15],[-5,-13]],[[8500,4448],[-8,42],[-4,3],[-9,-46],[7,-47],[-7,-33],[-6,17],[2,24],[-5,2],[-4,-21],[-16,22],[-7,17],[-3,38],[6,29],[-8,29],[-9,9],[-13,-22],[-8,-2],[-2,24],[-5,-7],[-13,-59],[-4,23],[7,42],[8,15],[10,6],[1,15],[10,13],[9,3],[5,-35],[10,7],[10,33],[8,-10],[2,36],[7,-15],[7,20],[6,4],[-3,42],[2,11],[14,-44],[4,-26],[-4,-24],[10,-4],[0,-50],[3,-14],[-2,-28],[-8,-39]],[[3141,5265],[-7,4],[-1,32],[4,8],[31,-5],[6,-10],[-7,-22],[-13,1],[-13,-8]],[[2615,4770],[-5,21],[-34,91],[-12,28],[8,1]],[[2572,4911],[12,4],[8,18],[0,31],[11,2],[6,18],[9,-13],[15,32],[10,34],[13,-10],[27,26]],[[2683,5053],[2,-17],[-2,-50],[-7,-26],[-1,-54],[-5,-60],[-1,-63],[4,-27]],[[2673,4756],[-3,-9],[-10,5],[-3,15],[-16,-7],[-20,19],[-6,-9]],[[2673,4756],[16,-49],[6,-12],[11,-32]],[[2706,4663],[-9,-5],[0,-29],[6,-10],[-5,-12],[2,-17],[-5,-38]],[[2695,4552],[-3,43],[-8,8],[2,-25],[-10,19],[3,24],[-2,10],[-16,25],[-8,3],[-4,25],[-17,31],[3,-24],[8,-10],[-7,-18],[-6,17],[-13,23],[0,29],[4,20],[-7,8],[1,10]],[[4634,4610],[21,68],[25,9],[6,-2],[11,-21],[6,-20],[3,-24],[2,-45],[3,-21]],[[4711,4554],[-3,-16],[-27,-73]],[[4681,4465],[-8,17],[-14,20],[0,20],[-17,24],[-9,27],[7,21],[-6,16]],[[7237,4399],[-9,9],[-6,32],[-5,41],[0,75],[-3,22],[2,17],[-3,21],[6,-1],[7,38],[-1,17],[15,-28],[12,-48],[-1,-16],[7,-11],[4,-24],[10,-44],[1,-17],[-7,-45],[-11,-27],[-18,-11]],[[2706,4663],[7,-10],[3,-29],[20,-13],[15,0],[17,24],[6,2],[17,30],[35,-19],[16,-30],[5,-22]],[[2847,4596],[10,-49],[-5,-16],[-13,-18],[-3,-24]],[[2836,4489],[-12,66],[5,10],[10,-4],[-7,27],[-10,-11],[-5,30],[-14,16],[-7,0],[-11,-11],[0,-19],[-15,-17],[-4,-23],[10,-24],[2,-17],[-6,-1],[-13,-17],[-5,12],[-8,38],[-2,-22],[-10,14],[-3,24],[-14,3],[-6,9],[-11,-4],[-5,-16]],[[3318,4333],[-20,62],[6,24],[1,34],[18,10],[4,10],[-10,29],[0,15],[21,40],[0,23]],[[3338,4580],[26,-46],[7,-22],[3,-67],[4,19],[10,-3],[17,-31],[10,-38]],[[3415,4392],[-3,-55],[-3,-8],[-14,-3],[-1,-31],[-5,-38],[13,-49],[7,-2],[15,-98]],[[3424,4108],[-11,1],[-25,-25],[-15,-27],[-8,-2],[-22,42],[-1,33],[-7,38],[2,32],[10,58],[-6,31],[-10,4],[5,42],[-10,8],[-8,-10]],[[4711,4554],[6,20],[15,3],[5,-39],[0,-31],[12,-22],[11,33],[9,-10],[0,-38],[-6,-28],[3,-12],[12,-2],[17,-52],[-5,-61],[-1,-30]],[[4789,4285],[-18,21],[-28,38],[-20,50],[-13,25],[-21,28],[-8,18]],[[5361,3628],[8,-12],[10,28],[19,17],[3,-42],[14,24],[29,64],[-1,46],[4,51],[10,51],[15,34]],[[5472,3889],[12,22],[9,103],[2,65],[3,43],[12,54],[5,44],[1,63],[10,32],[11,21],[6,2],[15,-22],[13,-31],[17,-7],[25,-16],[9,3],[9,44],[4,6],[15,-16],[23,28],[8,3],[19,-5],[2,25],[5,5],[31,-27],[18,16]],[[5756,4344],[16,-49],[11,-22],[5,1],[10,20],[4,-1],[9,-20],[7,22],[6,2],[29,-73]],[[5853,4224],[3,-7],[-3,-74],[10,-11],[4,-16],[-2,-14],[-31,-67],[-8,-32],[-4,-49],[1,-68],[-3,-18]],[[5820,3868],[-13,-27],[-7,-58],[11,-43],[0,-48],[3,-20],[0,-68],[5,-47],[0,-50],[18,-49],[5,-26],[9,-58]],[[5851,3374],[-45,-19],[-6,-13],[-10,-41],[0,-21],[4,-67],[-8,-72],[6,-29],[11,-27],[12,-10],[10,21],[1,-6],[1,-90],[-22,4],[-4,6],[-12,45],[-11,20],[-16,17],[-9,47],[-9,-34],[-5,-3],[-33,23],[-7,33],[-17,-11],[-9,25],[-9,3]],[[5664,3175],[-15,5],[-23,-13],[-8,0],[-2,14],[2,45],[-4,20],[-10,32],[-2,14],[4,34],[1,34],[-6,39],[3,34],[-4,9],[-27,-3],[-4,28],[-27,-3],[0,-30],[-6,-43],[-24,4],[-24,-9],[-11,31],[-8,35],[-6,46],[-4,39],[-4,4],[-37,-1],[-28,4],[-31,-7],[-17,-12]],[[5342,3525],[-4,32]],[[5338,3557],[10,9],[1,32],[12,30]],[[5333,3611],[19,34],[9,-17]],[[5338,3557],[2,20],[-7,34]],[[5664,3175],[-2,-43],[2,-35],[5,-18],[-7,-27],[-2,-19],[-51,-4],[0,-29],[0,-149],[1,-61],[35,-92]],[[5645,2698],[-49,-26],[-24,0],[-9,10],[-34,0],[-8,5],[-9,22],[-5,3],[-117,1],[-8,5],[-11,25],[-10,0],[-17,-26],[-10,15],[-7,-11]],[[5327,2721],[0,106],[7,20],[6,47],[2,45],[7,62],[7,21],[6,30],[8,7],[9,33],[4,39],[0,49],[-5,48],[-12,49],[-3,25],[2,16],[8,17],[1,30],[-3,18],[-11,47],[-5,47],[-13,48]],[[5958,3135],[-5,-54],[6,-63],[5,-22],[10,-19],[15,-38],[7,-37],[-2,-89],[-15,-17],[-1,-62],[-10,19],[-15,54],[-3,20],[8,28],[-1,53],[-6,18],[-17,-7],[-15,40]],[[5919,2959],[-5,4],[-6,28],[7,62],[16,17],[1,14],[-9,15],[-1,11],[1,78],[9,11],[2,19],[-12,57]],[[5922,3275],[15,-3],[8,-17],[6,-28],[4,-74],[3,-18]],[[3067,3185],[25,-14],[5,1],[12,27],[10,-2],[23,44],[16,21],[28,2],[-2,-65],[3,-47],[14,-49],[14,-31],[18,-3],[17,-18],[9,-19],[16,-5],[5,-25],[8,-13],[14,2],[15,-9],[6,-13],[4,-141],[5,-34],[47,-3],[-2,-37],[0,-18],[15,-25],[8,-41],[-2,-54],[-3,-27],[-10,-46]],[[3385,2543],[-26,35],[-26,1],[-2,-4],[-41,-20],[-16,-59],[-2,-37],[-11,-85]],[[3261,2374],[-33,6],[-13,-58],[-5,35],[-9,16],[-25,0],[-14,17],[-29,-76]],[[3133,2314],[-16,6],[-5,69],[-6,50],[-10,36],[-3,22],[6,71],[-10,24],[-3,17],[-2,40],[-13,53]],[[3071,2702],[-2,30],[14,41],[-1,17],[-7,38],[4,39],[-4,27],[1,15],[12,41],[-4,46],[4,44],[5,24],[-12,61],[-14,60]],[[5912,2026],[-19,-2]],[[5893,2024],[-4,41],[0,26]],[[5889,2091],[-2,10],[2,68],[-3,47],[-10,53],[-6,70],[-2,6]],[[5868,2345],[32,81],[1,46],[3,16],[9,22],[5,24],[-8,28],[-3,42],[10,42],[-3,89],[-2,26],[-6,13],[-42,40],[-18,0],[-5,57],[2,20],[27,19],[49,49]],[[5958,3135],[24,-6],[16,19],[13,-25],[34,4],[10,35],[11,-16],[6,1],[31,31],[20,38]],[[6123,3216],[5,-21],[-9,-42],[2,-14],[4,-75],[-4,-29],[6,-39],[1,-69],[6,-7],[-2,-25],[-7,-18],[2,-13],[-6,-27],[-16,-50],[-9,-21],[-17,-24],[-44,-48],[-11,-21],[-27,-74],[-33,-60],[-1,-51],[12,-30],[-4,-20],[8,-73],[7,7],[0,-20],[-3,-72],[-3,-27],[6,-8],[-2,-21],[-16,-35],[-8,-11],[-34,-31],[-11,-17],[-13,-38],[11,-22],[-1,-44]],[[6240,2801],[15,14],[6,-4],[9,15],[20,2],[-2,12],[15,24],[9,-1],[-4,16],[9,23],[6,-11],[6,19],[-5,20],[10,22],[-4,29],[6,10],[6,-17],[3,13],[12,29],[3,37],[-1,19],[6,15],[11,-32],[7,-9],[5,-34],[4,-80],[10,-65],[0,-12],[-9,-34],[-12,40],[-4,-18],[3,-29],[5,-30],[-13,-53],[0,-43],[-2,-31],[-35,-275],[-16,-146],[-7,-51],[-11,-32],[-17,-3],[-13,-11],[-6,-15],[-10,-3],[-7,20],[-15,5],[-10,23],[-3,34],[-8,21],[0,24],[5,35],[-15,72],[6,66],[9,13],[18,83],[3,46],[-9,31],[4,22],[-7,28],[-5,62],[13,59],[0,35],[6,1]],[[5551,2173],[0,-112],[0,-134],[0,-7],[-20,-36],[-13,4],[-27,1],[-3,7],[-2,28],[-14,23],[-10,-24],[-9,-11]],[[5453,1912],[-19,48],[-5,20],[-11,73],[2,19],[-5,24],[-3,28],[2,43],[-7,43],[-6,73]],[[5401,2283],[9,1],[0,46],[-6,0]],[[5404,2330],[-4,36],[-17,59],[-24,123],[-12,49],[-12,41],[-8,47],[0,36]],[[5645,2698],[23,11],[20,-9],[6,-13]],[[5694,2687],[-10,-10],[-15,-6],[-15,-31],[-8,25],[-50,-19],[-15,-1],[0,-149],[0,-115],[-29,-4],[-1,-87],[0,-117]],[[3098,191],[-15,0],[-7,9],[-18,-24],[-14,-3],[-9,-9],[-5,-32],[-2,-42],[-13,-4],[-12,13],[20,53],[-8,10],[-17,-18],[-19,-5],[-1,18],[31,18],[-8,5],[-17,0],[3,30],[-10,16],[-8,-12],[-8,6],[4,23],[-9,-7],[-8,17],[6,15],[-17,26],[10,6],[10,34],[-15,-3],[-3,22],[7,13],[-9,26],[10,15],[-2,13],[-8,-13],[-2,49],[5,19],[-2,34],[22,-10],[2,13],[-11,14],[-11,-4],[-11,3],[6,36],[7,-1],[3,20],[-14,16],[-15,2],[0,16],[-12,-5],[0,8],[16,21],[8,25],[11,2],[4,-17],[-12,-16],[1,-16],[13,13],[0,-26],[11,32],[3,43],[4,14],[8,7],[-8,7],[0,14],[18,24],[3,23],[-14,18],[3,34],[-1,27],[13,20],[-5,19],[-1,25],[9,11],[-1,19],[-8,9],[4,21],[-8,7],[-8,-17],[-12,4],[-7,40],[-1,22],[4,43],[16,49],[-7,68],[0,52],[-7,29],[3,16],[6,-3],[6,12],[14,109],[13,49],[6,52],[9,39],[-3,37],[9,31],[-8,137],[1,19],[9,35],[3,43],[-5,30],[8,80],[5,19],[8,106],[-1,35],[8,38],[-3,30],[1,64],[3,20],[-6,12],[0,24],[8,13],[5,89],[0,76],[-3,117],[-4,45]],[[3045,2641],[11,9],[6,39],[9,13]],[[3133,2314],[6,-11],[-1,-21],[-7,-47],[-4,-9],[-27,-29],[-3,-10],[3,-26],[-5,-24],[2,-33],[4,-22],[-5,-24],[1,-17],[7,-15],[-2,-18],[-14,-3],[-10,-54],[-11,-37],[-10,-60],[2,-72],[-11,-26],[-7,-70],[9,-58],[10,-91],[-1,-36],[-17,-79],[3,-48],[-1,-11],[-19,-46],[-2,-72],[3,-36],[6,-30],[-15,-22],[-8,-95],[-5,-29],[1,-60],[3,-42],[-11,-24],[1,-40],[9,-8],[1,-21],[-2,-48],[6,-24],[10,-4],[4,-12],[-8,-10],[-18,-6],[16,-28],[-9,-33],[-1,-35],[2,-34],[-2,-29],[-6,-22],[-11,-13],[-3,-25],[6,-21],[-5,-46],[-25,-41],[-4,-24],[3,-43],[7,-36],[22,12],[3,-8],[3,-75],[9,-18],[26,0],[36,-4],[31,-20]],[[2951,834],[-11,4],[-4,13],[4,36],[-1,31],[5,23],[10,4],[5,-21],[-10,-22],[6,-25],[-4,-43]],[[2970,147],[-6,6],[1,27],[-10,-2],[1,23],[20,0],[0,-26],[-6,-28]],[[3090,13],[-13,-3],[-13,11],[-29,-11],[3,31],[11,5],[18,-2],[6,-10],[8,0],[-7,22],[-16,11],[-7,24],[20,19],[-2,14],[-23,-9],[-4,7],[5,21],[14,17],[11,21],[5,-10],[14,-2]],[[3091,169],[0,-37]],[[3091,132],[-1,-119]],[[5694,2687],[9,-15],[3,-22],[11,-35],[3,-31],[12,-37],[20,-27],[1,-22],[4,-10],[10,0],[3,-44],[6,-29],[23,-14],[12,-30]],[[5811,2371],[-8,-24],[-20,-14],[-16,-45],[-19,-31],[-4,-42],[-11,-19],[-15,-18],[-7,-54],[-4,-12],[-10,-8],[-18,-1],[-19,17],[-12,21],[-11,-5],[-9,-44],[-13,-36],[-18,-26],[-25,1],[-1,21],[5,38],[-3,24],[-7,31],[-9,25],[-6,3]],[[3484,2115],[-7,-59],[-5,-15],[-16,-33],[-4,-16],[-12,15],[-18,-11],[-15,3],[-20,11],[-15,-10],[-2,8],[13,34],[-2,27],[8,28],[8,47],[-38,45],[-21,36],[-8,10],[-15,7],[-16,26],[-38,106]],[[3385,2543],[4,-35],[6,-28],[2,-31],[-3,-75],[26,-14],[14,15],[21,-22],[7,-96],[6,-20],[16,14],[10,-19],[-11,-78],[1,-39]],[[5811,2371],[18,-6],[12,-13],[11,5],[16,-12]],[[5889,2091],[-18,19],[-12,-39],[-4,-29],[9,-37],[6,-10],[16,-4],[1,26],[6,7]],[[5912,2026],[-2,-39],[-5,-27],[-7,-10],[1,-25],[-4,-26],[-19,-34],[-32,-116],[-16,-44],[-25,-63],[-35,-69],[-20,-33],[-8,-9],[-29,-6],[-3,-18],[-16,7],[-7,-17],[-7,-2],[-10,14],[-16,5],[-8,-12],[-15,10],[-19,-11],[-9,-18],[-22,0],[-17,-8],[-10,-27],[-16,19],[-4,22],[-9,-1],[-8,18],[-2,-15],[-5,11],[4,30],[-16,60],[10,7],[3,40],[-5,39],[-7,37],[-15,63],[-16,92],[-13,42]],[[5773,1751],[5,2],[3,18],[24,27],[12,51],[-1,7],[-22,44],[-24,-25],[-10,-33],[-9,-19],[2,-14],[11,-40],[9,-18]],[[5401,2283],[-2,24],[5,23]],[[9869,1280],[9,-6],[-2,33],[7,-6],[8,-55],[28,-28],[11,-2],[20,27],[9,-6],[1,-21],[-5,-41],[-13,-4],[-2,-27],[-15,-1],[-9,-16],[4,-30],[-32,-101],[-18,-29],[-13,26],[13,72],[-13,23],[-25,27],[-5,14],[24,31],[2,17],[0,32],[6,27],[-6,27],[1,19],[-16,53],[-4,27],[-8,11],[7,-29],[-27,85],[-3,28],[-9,22],[11,3],[-1,-15],[10,-26],[4,4],[20,-22],[11,-33],[-7,-9],[12,-26],[-2,-13],[7,-23],[-9,-4],[16,-17],[3,-18]],[[9779,804],[-19,-30],[-11,5],[7,-20],[-2,-28],[-15,5],[11,-15],[-12,-63],[-16,-30],[-17,-25],[-20,8],[-8,-4],[-7,15],[-15,7],[-8,13],[-3,-10],[-10,-3],[-9,8],[0,19],[9,4],[-6,16],[10,-9],[-4,24],[12,-5],[-4,26],[22,42],[1,10],[12,18],[14,9],[20,26],[10,28],[29,34],[1,12],[9,15],[2,37],[17,21],[4,47],[6,21],[9,-6],[7,-17],[7,-34],[12,21],[10,-2],[0,-29],[5,-23],[-11,-35],[-17,-36],[-22,-37],[5,-13],[11,-11],[-10,-6],[-6,9],[-10,-9]],[[3091,169],[11,-16],[-11,-21]],[[3484,2115],[17,6],[9,-44],[-1,-53],[-2,-15],[-28,-35],[-25,-55],[-41,-103],[-13,-37]],[[3400,1779],[-5,-17],[-10,-108],[3,-60],[-10,-43],[1,-47]],[[3379,1504],[-5,-27],[12,-27],[17,-18],[7,-16],[-5,-40],[3,-20],[14,-20],[3,-29],[-14,-46],[-9,-25],[-8,-33],[-24,-22],[-24,-13],[-51,-11],[-26,11],[-1,-33],[8,-16],[-11,-46],[0,-13],[5,-31],[-19,-24],[-25,-2],[-30,24],[-6,-11],[0,-19],[6,-22],[-2,-46],[10,-18],[15,4],[-5,13],[15,7],[4,-43],[-11,-11],[-6,17],[-13,-2],[-11,-10],[2,-7],[19,-10],[-20,-22],[-7,-20],[1,-47],[-11,-27],[6,-19],[-27,-9],[-16,-21],[-14,-44],[1,-25],[3,-19],[19,-35],[25,-16],[1,-9],[-3,-37],[-7,-19],[-33,-44],[-8,-22],[-4,-24],[2,-17],[-6,-25],[-24,-23],[-9,-20],[-4,-42],[3,-25],[17,-67]],[[3091,132],[4,-8],[12,-2],[8,-23],[24,-46],[16,-20],[14,-7],[18,-1],[-3,-14],[-35,-11],[-15,12],[-34,4],[-10,-3]],[[4327,8698],[7,11],[19,2],[-9,19],[7,11],[12,-14],[12,4],[-10,21],[5,7],[25,-9],[9,-9],[5,-18],[-7,-23],[12,-26],[7,11],[18,14],[-1,32],[7,8],[11,-24],[11,-4],[-3,15],[17,12],[15,-22],[7,-2],[-4,23],[30,-7],[16,11],[-1,23],[15,-3],[8,-15],[26,-19],[-3,-18],[10,-9],[20,-5],[4,-23],[-5,-29],[-18,-8],[-1,-14],[-12,-20],[-13,6],[-10,-16],[-25,-20],[-29,-6],[-10,-19],[-19,-8],[-26,7],[-23,20],[-32,2],[-23,4],[-4,6],[20,18],[9,19],[-17,5],[-5,13],[-34,-5],[-3,14],[13,7],[32,8],[7,16],[-6,14],[-24,7],[-24,-11],[-15,16]],[[5070,7656],[13,16],[19,1],[2,4]],[[5104,7677],[11,-4],[18,12],[9,-6],[3,-12],[7,3],[9,-12],[-3,-28],[8,1]],[[5166,7631],[8,-18],[0,-15],[-5,-12]],[[5161,7542],[-9,-2],[-11,20],[-7,2],[1,25],[-6,-12],[-14,0],[2,20],[-15,6],[-11,14],[-5,21],[-7,-9],[-9,29]],[[4596,5994],[11,25],[9,47],[8,28],[3,-25],[-10,-15],[-3,-49],[-18,-11]],[[4567,6004],[5,1],[5,-21],[-10,-13],[-9,13],[9,20]],[[4519,6011],[12,3],[22,16],[-16,-36],[-19,-1],[1,18]],[[4755,6992],[-2,9],[6,30],[-8,29],[-8,5],[-1,11],[7,17],[20,5],[2,19],[7,9],[9,-1],[14,-12],[19,0],[13,10],[13,-9],[20,-8],[27,-2],[12,-4],[11,12],[7,-1],[11,-15],[12,-1]],[[4946,7095],[12,-7],[-2,-12],[18,-12],[9,-11],[5,4],[7,-10],[21,-1],[0,10],[20,-10],[1,-16],[10,1],[18,-9],[16,8],[4,-3]],[[5085,7027],[1,-37],[-25,-30],[-4,-10],[-21,-10],[-12,-10],[-5,-17],[2,-9],[-7,-5],[-8,-25],[-11,-26],[-6,-33],[6,-34],[9,-16],[-17,-22],[-6,-18],[-6,-30],[2,-11],[-15,-5],[-13,-18],[-3,-25],[-9,-16],[-10,6],[-10,-5],[-41,-1],[-9,-17],[-12,-6],[-6,-24],[-7,-5],[-15,20],[-2,21],[-10,32],[-16,15],[-8,-1]],[[4791,6655],[7,43],[11,21],[-5,10],[-10,4],[2,15],[11,33],[-14,41],[15,13],[0,37],[3,63],[15,16],[3,15],[-16,32],[-11,-7],[-22,1],[-7,15],[-18,-15]],[[6113,7100],[5,15],[15,-4],[9,-11],[10,-2],[14,-12],[16,3],[11,-4],[9,-17],[18,-13],[3,-14],[10,12],[13,-5],[3,8],[14,-16],[9,-1],[-2,-20],[8,-15],[15,-12]],[[6293,6992],[-7,-13],[5,-19],[7,-5],[1,-18],[-25,9],[-7,13],[-8,1],[-6,-10]],[[6253,6950],[-15,-7],[-8,1],[-23,-10]],[[6207,6934],[-17,34],[-5,1],[-12,-14],[-21,5]],[[6152,6960],[5,26],[-1,23],[-6,48],[-8,17],[-16,9],[-13,17]],[[5537,6989],[-6,7],[-6,20],[-11,11]],[[5514,7027],[2,20],[-3,24],[7,21],[10,1],[-4,12],[7,4]],[[5533,7109],[13,-24],[8,-5],[11,-21],[-10,-8],[1,-15]],[[5556,7036],[-13,4],[-7,-26],[1,-25]],[[5558,6824],[-2,19],[-19,32],[4,10],[-4,14],[5,20],[0,25],[-3,9],[5,16],[0,14],[-7,6]],[[5556,7036],[15,-41],[0,-45],[4,-22],[9,-19]],[[5584,6909],[-7,-29],[-11,-28],[-8,-28]],[[4791,6655],[-9,-13],[-23,7],[-9,-10],[4,39],[0,70],[-11,-6],[-1,15],[9,8],[-3,13],[-3,-13],[-10,-3],[3,39],[8,30],[12,97],[-6,56],[3,8]],[[6356,6734],[-13,10],[-10,29],[7,16],[-5,12],[8,13],[-14,21],[-19,-23],[-5,-15],[-11,-14]],[[6294,6783],[3,18],[-7,14],[5,10],[-18,14],[-7,19],[7,0],[2,16],[-12,16],[-3,20],[5,5],[-4,13],[-9,5],[-3,17]],[[6293,6992],[8,-3],[14,-29],[0,-10],[17,-6],[6,18],[10,12],[4,15]],[[6352,6989],[15,-40],[3,-24],[13,-27],[11,-1],[7,-22],[-9,6],[-16,-12],[-8,-84],[-4,13],[-8,-64]],[[6240,6839],[14,2],[11,-20],[11,3],[-1,-14],[10,-39]],[[6285,6771],[-15,4],[-20,31],[-10,33]],[[6294,6783],[-9,-12]],[[6240,6839],[-6,14],[-18,4],[-4,20],[5,33],[-10,24]],[[6356,6734],[-3,-42],[3,-15],[18,-16],[15,-5],[6,-24],[9,-15],[24,-16],[10,-2],[37,15],[19,3],[7,19],[-1,29]],[[6500,6665],[12,3],[14,31],[11,16],[22,0],[10,16],[20,-5],[5,-15],[19,-19],[16,-4],[16,-16],[31,-60],[18,2],[2,-7],[1,-46],[3,-23]],[[6700,6538],[-12,-87],[-10,-22],[1,-26],[11,-17],[-9,-35],[7,-102],[2,-7],[23,-16],[2,-26],[-26,-77]],[[6689,6123],[23,-85],[28,-32],[4,-56],[2,-13],[10,-11],[0,-31],[-5,-11],[-12,-3],[-19,-23],[-8,-38],[-2,-43]],[[6710,5777],[-20,4],[-11,15],[-32,3],[-8,-2],[-8,16],[-23,0],[-3,8],[-15,11],[-9,48],[-4,37],[-10,9],[-15,0],[-13,-10],[-22,-41],[-16,22],[-12,3],[-7,12],[-13,10],[-14,39],[-12,14],[-10,3],[-7,15],[-16,71],[-2,28],[-16,48],[-12,-5],[-11,7],[-2,27],[-8,-6],[-4,-22],[-7,-6]],[[6348,6135],[-13,29],[-1,34],[-10,1],[3,66],[-5,17],[-31,56],[-11,2],[0,27],[-17,42],[5,59],[14,32],[-5,25],[6,27],[-23,10],[-16,87],[-9,24],[0,21],[-8,8],[8,31],[-10,30],[2,12],[-3,30],[7,9],[0,14],[9,11]],[[6700,6538],[27,-22],[13,-1],[11,16],[2,22],[31,27],[8,12],[3,32],[5,27],[14,6],[11,18],[7,-9],[19,-9],[24,-2],[9,-26],[9,4],[15,20],[17,-7],[6,14],[1,16],[12,-3],[8,12],[1,22],[11,31],[6,-1],[8,-15],[-2,-19],[8,-3],[-4,-48],[4,-30],[11,-3],[9,16],[8,3],[16,26],[9,0],[2,-10],[20,13],[16,-12]],[[7075,6655],[-9,-3],[3,-12]],[[7069,6640],[-20,-20],[-8,5],[-31,-6],[-29,-48],[8,-35],[1,-31],[-16,-37],[2,-35],[-10,-15],[-21,5],[-5,-4],[9,-24],[3,-23],[-7,-12],[-15,-12],[-6,-41],[-2,-42],[-8,-16],[-19,13],[-12,-16],[-4,-23],[-21,-1],[-12,-26],[-6,-40],[-1,-29],[-4,-11],[-13,-9],[-42,-16],[-17,5],[-15,-7],[-16,2],[-24,15],[-19,17]],[[5318,6362],[-1,-59],[-18,-24],[-18,-37],[-2,-12],[4,-31],[-4,-25],[-14,-24]],[[5265,6150],[-15,123],[-4,15],[-10,14],[-9,42],[-10,12],[-8,54],[1,16],[18,40],[2,13],[-1,112],[2,14],[8,27]],[[5239,6632],[22,28],[9,0],[11,-13],[4,-25],[8,3],[13,20],[-3,-30],[-12,-32],[3,-23],[11,-20],[3,-27],[-7,-32],[-8,-11],[-15,-41],[11,-32],[10,-12],[9,5],[3,-20],[7,-8]],[[2298,5833],[-11,-53],[-5,-63],[1,-60],[-2,-75],[10,-82],[26,-92],[16,-71],[4,-10],[22,-7],[13,-31],[10,-2],[32,23],[27,14],[0,-17],[11,-7],[7,15],[-7,14],[14,20],[34,20],[0,129],[4,6],[22,11],[20,14],[20,-8],[12,3],[7,-16],[0,-24],[-20,-56],[0,-23],[-6,-21],[6,-1],[-6,-86],[-8,37],[-4,-11],[-1,-18]],[[2546,5305],[-5,0],[-10,-43],[-5,9],[-3,-14]],[[2523,5257],[-51,1],[-1,-40],[-12,-1],[11,-25],[30,-8],[0,-52],[-49,0],[-14,-58],[3,-54]],[[2440,5020],[-21,47],[-32,66],[-22,15],[-8,-1],[-24,-31],[-9,-9],[-12,3],[-15,13],[-16,6],[-27,39],[-31,22],[-35,38],[-21,44],[-19,4],[-23,19],[-20,51],[-20,27],[-7,16],[-14,54],[11,19],[-4,12],[6,22],[-2,28],[-9,31],[2,24],[-8,20],[-19,57],[-25,68],[-14,25],[-3,24],[-13,19],[-10,27],[-11,2],[-2,22],[5,24],[-11,31],[-5,-8],[-6,32],[-12,12],[-6,18],[-1,28],[-18,19],[-12,28],[-9,40],[-17,62],[-12,62],[0,26],[-16,14],[-1,15],[-8,11],[-6,-12],[-18,21],[-4,-50],[7,-20],[1,-51],[8,-27],[8,-9],[14,-39],[8,-39],[13,-16],[4,-45],[12,-15],[10,-61],[9,7],[3,-14],[4,-48],[15,-73],[1,-36],[8,-17],[8,12],[10,-45],[9,-8],[0,-28],[-11,-23],[-3,1],[-6,37],[-32,61],[-15,32],[-7,23],[2,41],[-9,44],[-16,23],[-8,22],[-8,-3],[-25,34],[-16,44],[16,-5],[10,20],[1,26],[-5,21],[-20,43],[-17,27],[-7,43],[-6,4],[-2,31],[-16,60],[3,20],[-10,21],[-6,26]],[[6330,6127],[3,-29],[-11,-15],[5,-7],[9,6],[9,-59]],[[6345,6023],[-21,0],[-7,28],[-26,10],[11,33]],[[6302,6094],[6,27],[22,6]],[[7781,4429],[0,19],[-5,-7],[-8,14],[-1,26],[-5,20],[-5,-2],[-7,40],[-13,28],[-7,-7],[-4,32],[2,24],[11,84],[-1,1]],[[7738,4701],[1,12],[25,106],[1,10],[-13,78],[1,29],[-4,37],[-14,35],[-10,59],[13,20],[-3,39],[9,22],[-12,56],[-16,35],[-3,34],[-9,29],[9,4],[3,64],[6,26],[14,-2],[13,10],[5,19],[12,17],[11,7]],[[7777,5447],[12,-17],[-1,-40],[3,-17],[16,8],[4,-46],[-8,-64],[-1,-30],[7,-15],[20,51],[4,1],[18,-20],[9,11],[7,32],[19,-11],[4,-27],[14,-42],[1,-49],[5,-27],[12,-42],[7,-39],[-1,-45],[-11,-21],[-18,11],[-17,-1],[-19,-6],[-7,-14],[-11,-40],[-3,-22],[3,-42],[6,-23],[0,-21]],[[7851,4840],[-9,10],[-12,29],[-9,6],[-7,-8],[-13,9],[3,49],[-2,6],[-18,3],[-9,-16],[3,-19],[-6,-34],[2,-32],[-20,-115],[-3,-43],[2,-38],[5,-15],[11,7],[5,-14],[-1,-25],[8,-13],[4,-47],[2,-32],[7,-33],[26,-17],[4,-20],[11,-23]],[[7835,4415],[-8,-22],[-1,-19],[-8,-3],[-5,21],[-6,-22],[-4,11],[1,27],[-9,12],[-1,15],[-13,-6]],[[2546,5305],[-2,-13],[8,6],[0,-14],[-5,-41],[2,-8],[-3,-26],[3,-11],[-6,-41],[-8,-12],[-6,-26]],[[2529,5119],[-8,-1],[2,139]],[[2529,5119],[8,-13],[1,18],[10,-17]],[[2548,5107],[-19,-39],[-6,-8],[-1,-35],[-5,-10]],[[2517,5015],[-6,-2],[2,-13],[-10,-13],[-3,-15]],[[2500,4972],[0,5],[-35,1],[-7,7],[-18,35]],[[2548,5107],[19,12],[15,-7],[19,-1],[13,14],[7,-9],[27,5],[14,-13],[1,-28],[17,-10],[3,-17]],[[2572,4911],[-4,24],[-6,10]],[[2562,4945],[1,24],[-12,15],[-5,-12],[-21,37],[-8,6]],[[2562,4945],[-5,-24],[-19,6],[-38,31],[0,14]],[[3022,4831],[-1,3],[-23,-17],[-1,-38],[-8,-1],[-12,-58],[-6,-46],[-8,-39],[12,3],[15,-67],[1,-13],[-1,-48],[15,-36],[35,6],[15,-16],[20,-59],[17,10],[25,7],[8,-3],[-5,-17],[-1,-32],[-6,-28],[3,-60],[16,-70],[-15,-37],[7,-16],[10,-38]],[[3134,4121],[-17,-28],[-11,-6],[-43,4],[-1,-44],[13,-9],[7,-28],[-19,4],[-7,-9],[0,-53],[13,-24],[0,-25],[5,-25],[-4,-46],[-9,-144],[-2,-18]],[[3059,3670],[-10,27],[-10,1],[15,70],[-24,36],[-9,-14],[-12,19],[-10,-18],[-19,-1],[-7,5],[-3,31],[-11,6],[-4,34],[-19,34],[-5,30],[-18,28],[-11,3]],[[2902,3961],[-18,35],[-11,-13],[-8,-2],[-12,9],[-10,34],[-36,47]],[[2807,4071],[-3,22],[15,17],[-4,18],[5,21],[13,1],[6,7],[19,88],[-10,28],[5,40],[-6,56],[7,13],[1,13],[-7,16],[3,24],[-1,18],[-14,36]],[[2847,4596],[7,-13],[11,-40],[4,14],[-4,25],[2,16],[11,21],[6,24],[13,8],[4,71],[3,16],[11,23],[8,8],[9,-21],[3,11],[3,32],[24,-3],[17,27],[10,8],[9,31],[10,14],[7,-1],[9,-15],[-2,-21]],[[7835,4415],[7,-4],[13,-38],[15,-55],[1,-45],[-2,-28],[0,-55],[4,-29],[10,-33],[10,-56],[-16,4],[-5,-5],[-20,36],[-22,33],[-16,32],[-2,32],[-5,23],[-12,26],[-1,47],[-6,34],[-7,83],[0,12]],[[8041,4103],[6,-15],[16,-7],[14,-20],[9,2],[-6,17],[13,79],[7,9],[31,20],[6,11],[6,33],[7,11],[11,36],[7,14]],[[8168,4293],[10,-33],[20,22],[-5,41]],[[8193,4323],[11,0],[1,17],[-6,12],[3,13],[12,1],[1,19],[16,45],[7,39],[8,-18],[4,14],[4,-16],[9,-16],[1,-11],[-5,-33],[14,8],[-3,-23],[17,4],[19,-34],[-10,-18],[-16,2],[-3,-19],[11,-22],[-8,-17],[-15,-11]],[[8265,4259],[-12,12],[-31,6],[-9,-6],[-6,-39],[1,-32],[-2,-12],[-11,-19],[1,-24],[-12,-58],[-5,-10],[-16,-11],[-6,-12],[-11,4],[-19,19],[-6,-2],[-11,-32],[-12,-16],[-16,10],[-12,-13],[-9,12],[-16,41],[-4,26]],[[3415,4392],[8,12],[24,-16],[2,16],[35,-2],[20,-20]],[[3504,4382],[-8,-29],[-7,-43],[4,-55],[7,-27],[0,-14],[-5,-48],[-6,-31]],[[3489,4135],[-13,15],[-16,-14],[-13,8],[-5,-15],[8,-33],[-26,12]],[[3566,4276],[0,-14],[-14,-54],[-11,-57],[-9,-29],[-21,14],[-11,-20],[-11,19]],[[3504,4382],[23,-19],[25,-53],[14,-34]],[[5274,4120],[37,0],[1,-83],[-45,-1]],[[5267,4036],[0,14],[-7,6],[13,51],[1,13]],[[5238,4193],[-6,1],[0,17],[7,24],[6,-3],[-7,-39]],[[2771,3721],[6,14],[7,35],[-1,45],[-15,-40],[-12,13],[-5,14],[6,17],[-2,18],[2,30],[-6,30],[17,27],[-4,12],[2,19],[8,20],[1,55],[20,15],[12,26]],[[2902,3961],[9,-50],[-13,-58],[-15,-49],[-13,-24],[-28,-24],[-10,-17],[-11,-37],[-12,-82],[-4,-10],[-8,0],[-11,40],[-16,3],[-2,23],[3,11],[0,34]],[[3045,2641],[-6,26],[-22,28],[-7,35],[-7,7],[-39,54],[-21,23],[-33,60],[-15,35],[-13,45],[0,44],[-13,53],[-17,90],[-11,19],[1,30],[-38,189],[-21,74],[-7,31],[-15,28],[-20,24],[12,10],[0,22],[-12,43],[-3,23],[3,25],[20,49],[10,13]],[[3059,3670],[-3,-17],[-16,11],[-16,-21],[-9,3],[-23,-26],[-14,-20],[-11,-67],[3,-32],[-20,-38],[-3,-20],[2,-18],[25,-106],[-5,-26],[18,-5],[7,-16],[1,-22],[23,-1],[22,36],[-2,-87],[9,-25],[20,12]],[[3134,4121],[3,-20],[6,-57],[5,-1],[15,-25],[5,2],[9,23],[4,-31],[3,0],[18,45],[15,15],[8,35],[8,4],[11,18],[-7,12],[-12,2],[-2,8],[-5,67],[-13,45],[3,7],[15,-19],[19,-1],[12,-27],[4,4],[3,36],[27,12],[29,42],[1,16]],[[3566,4276],[5,7],[6,-18],[9,-89],[6,-45],[7,-28],[13,-7],[2,-37],[-7,-11],[-14,-57],[-15,-25],[-10,-25],[-12,-64],[-1,-19],[12,9],[17,24],[9,-55],[7,-6],[21,3],[9,9],[-3,-41],[5,18],[23,51],[10,43],[22,9],[9,-17],[12,-8],[24,-24],[7,-28],[9,11],[7,-10],[10,-38],[-7,-35],[3,-28],[10,26],[25,25],[7,-1],[21,-27],[34,-11],[24,9],[14,-11],[26,-43],[29,-67],[16,-31],[15,-12],[27,-4],[5,-6],[12,-100],[4,-69],[-6,-76],[-7,-42],[-6,-28],[-34,-80],[-10,-8],[-5,-20],[-2,-25],[-6,-34],[-17,-68],[-6,-7],[-1,14],[-8,12],[-1,-26],[-7,-53],[-1,-44],[5,-120],[-7,-83],[1,-45],[-14,-33],[-4,-38],[3,-47],[-4,-21],[-8,-20],[-10,-49],[-12,-45],[-4,-28],[2,-30],[-15,-12],[-11,-21],[-1,-27],[-28,-8],[-23,5],[-21,-2],[-3,-20],[-13,-17],[-9,-26],[-9,9],[-12,-11],[-30,-53],[-17,-26],[-6,-22],[-17,-10],[6,-33],[-3,-26],[-4,-10],[5,-21],[1,-73],[-5,-49],[-6,-24],[-17,-33],[-10,-34],[-15,-80],[-10,-33],[-18,-46],[4,27],[13,37],[8,38],[-1,8],[-10,-4],[-7,7],[-6,-54],[-5,-16],[-12,-23],[-9,-81],[-15,-55],[-14,-32]],[[3516,1528],[-4,35],[9,33],[-18,64],[-19,34],[-14,12],[-10,32],[-12,-15],[-15,52],[-10,15],[-23,-11]],[[3605,3846],[-7,4],[-5,30],[4,73],[8,5],[24,-7],[6,6],[20,-14],[-4,-17],[-2,-31],[-7,-26],[-13,-16],[-16,-1],[-8,-6]],[[9153,3510],[-9,18],[-5,-7],[-9,19],[-8,7],[-1,16],[12,1],[16,-6],[10,7],[3,17],[12,-22],[16,13],[8,31],[8,1],[4,13],[-1,36],[11,-8],[4,11],[5,-30],[-4,-22],[-8,-14],[6,-16],[-7,-15],[-15,2],[-6,-24],[-22,-24],[-20,-4]],[[8914,3303],[0,137],[-5,45],[5,26],[-2,259]],[[8912,3770],[43,-37],[29,-22],[18,-27],[12,-1],[7,-24],[16,-25],[10,-23],[-4,-31],[5,-14],[8,-4],[23,-25],[14,-7],[10,-45],[-23,-11],[-1,-16],[14,-49],[18,-32],[3,-28],[9,-34],[4,-4],[16,3],[-3,-25],[3,-6],[18,-12],[-7,-15],[3,-8],[20,-19],[2,-32],[-13,0],[-6,24],[-13,3],[-21,13],[-19,0],[-14,19],[-5,25],[-15,21],[-23,85],[-25,13],[-15,12],[-10,-8],[-10,14],[3,-24],[-3,-10],[-9,1],[2,-16],[-13,-2],[-20,5],[14,-14],[14,-23],[3,-13],[-21,-27],[-8,3],[-38,5]],[[9074,818],[-20,23],[-7,12],[-15,55],[11,-7],[-1,17],[-17,46],[-6,39],[-1,22],[34,-21],[13,-12],[10,1],[15,11],[9,-1],[13,17],[6,-12],[1,-51],[-9,-49],[-5,-35],[-12,-8],[-7,-13],[-8,-31],[-4,-3]],[[8953,3184],[8,-12],[3,-17],[2,-43],[10,-15],[-5,-29],[8,-11],[4,-29],[1,-42],[8,-58],[9,-9],[9,16],[4,-21],[18,-28],[1,-44],[3,-25],[0,-35],[15,-51],[4,-48],[-2,-28],[11,-60],[21,-31],[9,-3],[5,-21],[16,-23],[15,-2],[-4,-33],[4,-14],[11,-15],[12,-99],[13,-22],[-2,30],[19,-22],[4,-14],[1,-56],[11,-25],[15,-16],[9,-42],[7,-5],[6,-40],[10,-19],[5,-43],[0,-56],[-3,-24],[12,-57],[3,-51],[-4,-23],[-4,-55],[-8,-56],[1,-52],[-4,-26],[-8,-31],[-2,-22],[-8,-26],[-11,-10],[-11,-37],[-4,-50],[-11,-36],[-2,-39],[-15,-32],[-6,-67],[-1,-52],[-3,-21],[-10,-21],[-34,-7],[-7,-5],[-34,-54],[-14,-3],[6,-21],[-27,33],[-1,20],[-15,27],[-15,-13],[9,-15],[-12,-8],[-27,-29],[-18,22],[-22,17],[-10,-7],[-9,5],[-16,21],[-18,38],[-5,28],[1,34],[-3,29],[-8,24],[-3,31],[-6,1],[-10,-13],[-12,-6],[-4,8],[6,15],[4,45],[-13,41],[-6,-24],[-5,-46],[-21,-11],[5,29],[8,-1],[4,13],[-1,32],[10,42],[1,26],[5,5],[2,19],[-8,32],[-2,-23],[-10,-18],[-10,-46],[-10,-8],[-17,-34],[-11,-49],[-5,11],[-5,44],[-6,29],[-8,26],[-6,30],[-12,1],[-3,17],[4,20],[-11,29],[-20,0],[-12,18],[-9,-5],[-10,7],[-20,31],[-12,-7],[-46,-5],[-16,-11],[-13,-14],[-25,-17],[-33,-4],[-12,-9],[-22,-28],[-17,-14],[-17,-55],[-7,-10],[-17,1],[-16,-10],[-12,15],[-9,0],[-32,-11],[-14,0],[-12,-33],[-18,-2],[-13,-35],[-19,-12],[-27,5],[-17,18],[-9,22],[-16,15],[-2,48],[12,-1],[7,29],[3,44],[-1,40],[-5,39],[-14,62],[-4,48],[0,32],[-8,57],[-18,63],[1,29],[-11,54],[-13,33],[-1,26],[9,-37],[9,-7],[-5,37],[-8,24],[1,10],[9,-27],[7,-32],[5,-2],[-1,18],[4,19],[-16,60],[-5,23],[-2,42],[9,37],[2,21],[-4,66],[8,38],[5,-41],[6,3],[5,34],[24,36],[22,44],[8,11],[33,5],[10,21],[18,7],[7,22],[8,3],[10,-8],[20,11],[18,22],[14,41],[5,30],[18,33],[-4,61],[14,36],[5,23],[7,-20],[11,-52],[3,34],[9,-10],[1,24],[-9,15],[1,22],[11,-1],[8,-8],[12,2],[-10,17],[2,43],[8,14],[9,-13],[4,44],[0,17],[9,9],[10,-1],[7,35],[5,10],[7,-20],[9,40],[9,-20],[10,-9],[12,-37],[3,-48],[10,35],[21,-8],[12,-20],[6,33],[-11,23],[-1,14],[10,20],[0,15],[14,33],[-1,15],[6,28],[14,10],[-3,13],[9,15],[10,-12],[24,5],[10,12],[-4,30],[-16,27],[9,6],[8,-17],[8,0],[17,-30],[24,-13],[10,5],[4,-20],[7,-3],[7,14],[14,-13],[4,-15],[6,4],[4,29],[12,-24],[-6,-13],[-5,-43],[-6,-1],[-12,-18],[4,-29],[-2,-23],[-12,-34],[-2,-16],[7,-20],[13,-20],[16,-41],[11,-1],[19,-26],[14,-32],[19,-11],[8,-32],[16,-23],[12,-3],[15,17],[9,44],[5,36],[3,43],[9,45],[-7,34],[5,47],[-4,22],[2,55],[9,24],[-6,17],[7,38],[5,57],[6,17]],[[3516,1528],[-11,-37],[-7,-18],[-16,-20],[-10,-3],[-11,11],[-26,-13],[-11,22],[-17,13],[-13,-7],[-15,28]],[[5198,7806],[2,-15],[-5,-24],[-7,1],[-2,-12],[10,-8],[-7,-30],[-12,-9],[-11,-2],[6,-29],[-7,-27],[1,-20]],[[5104,7677],[-7,14],[21,36],[10,49],[11,7],[6,-16],[-6,-5],[-2,-20],[15,-8],[7,12],[-4,14],[2,16],[-10,3],[2,25],[16,14],[22,4],[11,-16]],[[7449,5982],[-4,-54],[5,-27],[-4,-22],[-20,-5],[-9,16],[-7,-10],[-20,17],[-5,-8],[-7,21],[-7,-9],[-12,18],[-8,5],[0,22],[-15,11],[-7,-11],[-12,9],[-3,-9],[-14,11],[-3,13],[-6,-2],[-13,20],[-3,-6],[-16,22],[-3,17],[-9,5],[-9,16],[-5,-3],[-9,20],[7,27],[2,34],[17,33]],[[7250,6153],[7,-16],[5,27],[5,4],[14,-7],[2,-19],[10,-9],[10,-19],[13,-12],[8,-26],[11,9],[5,-27],[18,-29],[8,8],[-2,-22],[17,0],[6,-16],[14,-12],[4,13],[13,-9],[4,-12],[15,-1],[4,9],[8,-5]],[[6175,4863],[-9,26],[-6,5],[-5,29],[-16,26],[-4,19],[-8,22],[-8,4],[-10,18],[-7,-3],[-9,11],[-10,-8],[-4,14],[-7,-14],[-10,-3],[-7,20],[-8,10],[-10,-54],[-6,28],[-9,-14],[-9,1]],[[6013,5000],[0,68],[9,65],[6,61],[13,7],[5,20],[17,18],[10,35]],[[6073,5274],[10,-72],[6,-53],[8,-62],[8,-27],[3,29],[13,-43],[10,1],[28,-74],[9,-2],[8,-28],[1,-21],[7,-6],[11,-28]],[[6195,4888],[-7,-29],[-9,10],[-4,-6]],[[6192,4757],[-5,-26],[1,-13],[13,-52],[17,-43],[14,-17],[72,-63],[23,2],[3,-5]],[[6330,4540],[-51,-137],[-30,-84],[-31,1],[-20,-17],[-10,-30],[-4,-3]],[[6184,4270],[-19,-6],[-5,-17]],[[6160,4247],[-14,4],[-15,20],[-22,-29],[-11,-29],[-19,10],[-22,5],[-29,50],[-8,9],[-15,9]],[[6005,4296],[-11,5]],[[5994,4301],[-1,42],[-14,22],[-5,14],[-13,71],[-24,64],[-19,13],[2,46],[19,-3],[6,10],[2,54],[7,107],[16,11],[4,70],[11,48],[5,12],[13,11],[8,74],[2,33]],[[6175,4863],[-13,-50],[-2,-21],[2,-38],[18,11],[12,-8]],[[4542,4950],[21,0],[1,10],[16,6],[5,-14],[7,0],[3,-12],[11,9],[3,-17],[-15,-7],[-20,25],[-2,-11],[-17,-6],[0,-14],[-21,1]],[[4534,4920],[0,15],[8,15]],[[6195,4888],[8,-20],[4,-24],[-18,-23],[-8,-15],[21,-7]],[[6202,4799],[-10,-42]],[[4539,4859],[6,5],[20,1],[12,18],[42,-1],[0,-53],[-6,-16],[-16,-8],[-14,-33]],[[4583,4772],[-10,9],[0,21],[7,21],[-6,9],[-14,-6],[-7,9],[-6,17],[-8,7]],[[3022,4831],[-11,-5],[-11,-17],[8,-61],[-11,-62],[14,-59],[6,4],[9,18],[-1,38],[-11,52],[-2,22],[13,12],[37,30],[-5,19],[-7,-3],[-4,18],[10,16],[10,-49],[26,-12],[8,-26],[2,-21],[9,-13],[42,10],[9,-4],[5,-16],[17,-18],[13,-2],[10,10],[13,26],[38,9],[15,-5],[-5,-11],[-16,1],[0,-13],[15,-25],[2,-21],[6,21],[15,-12],[4,-11],[17,-22],[-9,-17],[-5,-28],[-13,-14],[14,-5],[8,6],[21,-2],[11,-9]],[[8168,4293],[10,8],[9,30],[6,-8]],[[8914,3303],[-18,45],[-9,29],[-5,2],[-24,-7],[7,42],[-15,42],[11,9],[-13,27],[-20,88],[-13,22],[-48,38],[-7,3],[-17,18],[0,19],[-11,-2],[-10,9],[-5,13],[-3,42],[-5,-17],[-4,-41],[-13,-20],[-6,27],[5,14],[-4,21],[-16,26],[-5,16],[20,-8],[11,24],[6,-10],[12,1],[2,35],[-15,-10],[-30,2],[-7,17],[-4,32],[-21,9],[3,10],[1,28],[17,14],[12,22],[9,-4],[19,-21],[18,-10],[6,-36],[-4,-36],[8,-61],[5,-11],[3,21],[6,-43],[13,-17],[14,21],[14,60],[23,12],[1,19],[16,26],[4,1],[49,-55],[35,-30]],[[8632,3692],[-13,14],[-11,21],[-9,4],[-3,-19],[-13,13],[-3,12],[-15,-21],[-9,35],[3,6],[21,-2],[7,-10],[16,12],[17,-11],[10,-26],[2,-28]],[[8517,3692],[-14,18],[-1,24],[17,4],[11,-20],[0,-15],[-13,-11]],[[8837,3355],[-14,6],[15,57],[10,11],[9,-19],[-5,-26],[-11,-28],[-4,-1]],[[8414,3367],[-6,-16],[-28,-28],[-12,6],[-9,-10],[-11,8],[-17,0],[-3,26],[20,14],[24,-25],[4,10],[11,3],[6,-6],[19,35],[2,-17]],[[8275,3356],[-7,19],[8,8],[5,-13],[20,-10],[3,-29],[-19,-3],[-2,13],[-10,-15],[-24,-16],[-9,8],[0,26],[8,12],[15,-6],[9,-14],[7,15],[-4,5]],[[8196,3338],[-16,24],[-1,9],[17,7],[12,-17],[-12,-23]],[[7880,3970],[-13,-46],[4,-17],[10,-16],[10,-2],[5,-16],[2,-38],[6,-18],[7,-1],[-6,-30],[2,-7],[9,15],[12,-10],[5,-22],[9,-22],[-6,-65],[2,-45],[0,-44],[-4,-42],[-13,28],[-4,-25],[-13,21],[-3,-3],[5,-24],[-2,-7],[-29,77],[-30,59],[-9,42],[-13,20],[-9,22],[-14,49],[-5,51],[-19,81],[-7,26],[-17,26],[-11,83],[-3,25],[-17,29],[-11,10],[-2,35],[-7,29],[-15,41],[-9,-5],[-23,65],[-7,30],[-4,33],[8,11],[8,-7],[12,-23],[16,-6],[17,8],[16,-47],[6,-11],[-1,-22],[14,-30],[34,-54],[0,-24],[7,-2],[10,-31],[11,-17],[-1,21],[6,-6],[12,-39],[11,-8],[7,-36],[10,-23],[16,-6],[11,-18],[7,-22]],[[8544,3970],[-5,40],[2,18],[-2,14],[4,40],[6,26],[5,-23],[-8,-47],[3,-15],[7,18],[2,17],[12,18],[2,-31],[-12,-28],[13,-14],[1,-16],[-18,11],[-5,-19],[2,-31],[12,-44],[-2,-6],[-12,28],[-6,23],[-1,21]],[[7959,3743],[-15,20],[-6,37],[-6,12],[-11,7],[7,29],[6,-18],[6,24],[5,-41],[8,-27],[9,-10],[-5,-15],[2,-18]],[[7921,3476],[-1,6],[13,2],[2,22],[7,31],[16,-6],[3,-15],[7,3],[2,18],[11,-9],[12,-22],[11,7],[8,-24],[3,-17],[41,-9],[10,7],[2,21],[9,9],[7,-23],[34,-12],[7,-17],[-1,-15],[5,-18],[11,-12],[14,-2],[10,6],[9,-14],[-5,-30],[7,-25],[-35,32],[-18,-11],[-46,12],[-20,24],[-28,20],[-12,1],[-12,-11],[-12,5],[-10,16],[-25,4],[-4,5],[6,20],[-18,17],[-20,4]],[[8429,3225],[5,44],[9,15],[18,20],[8,15],[5,20],[5,5],[20,3],[29,13],[3,-8],[-8,-16],[-46,-42],[-7,-12],[-22,-46],[-19,-11]],[[8340,3223],[-24,37],[-14,13],[6,12],[19,4],[18,-33],[4,-13],[-9,-20]],[[8265,4259],[3,-26],[-17,-9],[8,-34],[13,-52],[-3,-29],[6,-23],[16,-30],[7,-25],[-15,-5],[-10,8],[-9,-18],[-6,-55],[3,-34],[-2,-28],[-9,5],[-13,-31],[-5,-21],[-9,-20],[5,-12],[3,-23],[-8,-2],[5,-18],[-12,-61],[-7,-19],[-27,-35],[-6,50],[-7,18],[-14,-19],[-4,17],[-9,10],[-10,19],[-6,-32],[-9,1],[-14,-18],[0,28],[-4,34],[-4,-13],[-18,-14],[-4,13],[-15,-7],[-1,43],[-4,61],[-4,24],[-17,32],[7,11],[-10,22],[2,24],[-8,29],[-1,35],[4,32],[9,45],[6,-4]],[[8324,3970],[6,40],[9,18],[5,-11],[10,37],[14,-3],[9,-17],[16,0],[15,-14],[8,7],[23,-2],[17,15],[0,18],[11,31],[4,1],[0,-25],[-4,-18],[-17,-54],[-21,-10],[-14,16],[-14,2],[-59,-4],[-6,-12],[-7,-47],[4,-32],[11,-19],[3,-20],[15,-7],[11,40],[15,-9],[21,17],[6,12],[8,-14],[-1,-23],[-13,10],[-15,-41],[-13,-14],[-4,-12],[-9,6],[0,-12],[17,-40],[10,-40],[-3,-33],[1,-13],[13,-31],[0,-17],[-14,0],[-5,-10],[-2,-22],[-14,12],[3,40],[-17,38],[-2,16],[5,32],[-2,16],[-9,1],[-12,-19],[3,-42],[-4,-54],[5,-29],[-5,-31],[3,-25],[-21,-16],[-5,27],[4,26],[2,63],[-1,28],[-7,17],[-12,-7],[-3,55],[14,53],[2,15],[-2,38],[6,38],[5,2],[0,28],[3,34]],[[2885,7168],[-13,-6],[-16,-29],[-12,12],[-31,-9],[-12,-8],[-14,-20],[-4,-14],[9,-7],[9,2]],[[2804,7062],[-16,0],[-18,-8],[-2,-10],[-30,-1],[-13,-23],[-11,-9],[-5,-13],[-16,4]],[[2714,7075],[13,20],[3,60],[10,29],[0,26],[-10,23],[11,0],[11,-45],[7,8],[12,-15],[6,8],[-2,15],[9,-1],[-10,31],[-15,36],[-3,17],[-23,1],[-1,8],[-45,7],[-15,4],[-1,-7]],[[2646,7323],[7,13],[-8,26],[4,18],[-8,19],[1,24],[-4,6],[-22,2],[-7,15],[-9,39],[-22,4],[-25,17],[-7,-28],[-3,15],[-10,-36],[-2,15],[-10,-13],[-11,-28]],[[1586,7510],[-9,15],[0,25],[-9,-8],[-8,11],[-4,22],[-14,-11],[-9,16],[-4,40],[-13,-3],[-21,15],[-7,24],[-7,-7],[-22,2],[-6,16],[6,38],[-15,3],[13,26],[14,21],[-19,-5],[-9,8],[-1,31],[-10,0],[-12,35],[2,25],[-7,-2],[-11,-16],[-15,30],[-9,44],[13,31],[-4,23]],[[1082,8991],[20,2],[12,-4],[25,-15],[20,-17],[15,-8],[42,-10],[20,-12],[-6,20],[-8,11],[-1,14],[17,14],[18,3],[31,-5],[32,25],[30,8],[10,14],[23,4],[11,-4],[-6,-14],[-18,-8],[-13,-12],[-31,-14],[-9,-17],[-22,-9],[-9,-15],[11,-9],[18,-24],[-1,29],[15,8],[14,22],[22,1],[26,25],[26,6],[8,11],[22,14],[4,17],[-17,27],[11,-3],[18,-19],[16,-43],[23,-25],[14,-7],[7,5],[-5,30],[19,8],[5,-11],[-2,-23],[22,-2],[14,15],[7,16],[20,1],[19,-8],[39,-25],[67,-30],[28,-7],[31,2],[11,-3],[25,-21],[8,-19],[-36,-9],[-4,-23],[41,-12],[44,-3],[20,4],[34,13],[12,-1],[17,-16],[19,-6],[20,-18],[0,-10],[-11,-11],[27,-36],[-2,23],[13,6],[-13,27],[-3,21],[1,24],[40,10],[9,17],[7,1],[33,-18],[24,1],[8,-13],[15,-10],[24,-7],[14,0],[11,7],[46,-1],[13,2],[15,9],[24,-25],[6,0],[3,27],[-18,12],[-17,2],[1,15],[22,0],[38,-21],[-3,-38],[2,-17],[28,-21],[-7,51],[5,24],[19,0],[15,28],[19,7],[-6,27],[-14,-6],[-13,3],[7,17],[23,7],[15,-18],[0,40],[-10,-3],[-19,5],[-11,11],[-9,-3],[-16,6],[-22,14],[-9,11],[-1,15],[15,20],[-21,19],[8,26],[12,11],[13,-8],[4,12],[-11,21],[9,12],[28,2],[16,-9],[16,-15],[8,-23],[-3,-19],[15,-18],[25,-32],[-5,-11],[-12,-1],[-11,-27],[19,-10],[22,3],[33,-11],[0,-81],[7,12],[8,37],[9,14],[6,-1],[23,-27],[8,-27],[-2,-14],[-14,2],[-3,-23],[4,-13],[28,-46],[23,15],[3,21],[17,26],[8,46],[3,6],[21,0],[2,17],[-24,22],[1,29],[7,9],[23,0],[43,-20],[16,-22],[14,3],[5,-7],[3,-33],[-14,-11],[-9,18],[-13,-9],[5,-27],[9,-24],[25,-36],[-6,-31],[-23,-31],[-9,-2],[-14,-17],[-9,9],[-21,31],[-13,10],[-9,-9],[17,-17],[19,-29],[-34,-2],[-12,24],[-38,-3],[-3,-7],[24,-22],[-2,-6],[-33,-47],[-15,-6],[-11,8],[-13,18],[-24,16],[-13,3],[0,-14],[30,-32],[21,-14],[28,-6],[-8,-35],[-26,-37],[-20,-7],[-11,4],[-13,13],[-1,-21],[4,-18],[-4,-3],[-92,26],[26,-28],[20,-5],[17,-9],[29,-6],[0,-26],[-40,-7],[-24,5],[-4,-9],[15,-14],[-6,-14],[-13,-10],[-23,-29],[2,-23],[-15,-15],[-14,-39],[-10,-61],[-2,-32],[4,-45],[7,-12],[15,-4],[14,3],[8,-11],[16,-62],[2,-22],[-1,-29],[8,-1],[24,14],[37,1],[7,-18],[27,-14],[24,-29],[12,-30],[44,-22],[20,-20],[19,-12],[25,4],[33,-12],[5,-6],[-5,-51],[6,-20],[-1,-47],[-4,-26],[14,-19],[3,-12],[0,-27],[12,-4],[12,-15],[9,-19],[5,-25],[8,0],[21,-33],[-7,31],[9,24],[12,-32],[4,29],[-3,15],[7,17],[1,18],[-9,56],[0,18],[-6,33],[8,1],[-5,23],[-13,15],[-4,30],[27,16],[37,50],[19,48],[3,38],[-3,34],[-6,28],[-17,32],[-26,32],[-4,11],[12,21],[10,42],[13,12],[-8,48],[3,21],[-22,3],[14,30],[6,27],[-11,15],[-4,26],[4,14],[14,16],[10,-2],[36,-20],[27,-3],[30,16],[19,-16],[34,-45],[-3,-13],[26,-23],[24,-12],[14,8],[4,-23],[-7,-11],[-2,-15],[11,-79],[-4,-17],[-10,1],[-2,-22],[5,-9],[14,13],[18,3],[13,-22],[3,-23],[6,6],[27,10],[9,31],[7,-5],[8,-23],[6,46],[13,21],[-8,16],[3,14],[12,3],[9,27],[9,-12],[17,-36],[7,-26],[17,-36],[-3,-21],[7,1],[4,-25],[16,-14],[5,-21],[-10,-8],[10,-18],[10,-6],[4,-21],[-6,-6],[-22,2],[11,-35],[14,-8],[27,-37],[3,-17],[-6,-25],[6,-2],[19,8],[9,-5],[22,-22],[31,-14],[-2,-9],[-18,-13],[-19,-9],[-15,-21],[-13,-2],[-8,-11],[-3,-29],[30,17],[15,25],[15,16],[15,3],[12,-18],[-5,-15],[5,-13],[13,12],[21,-22],[3,-14],[-9,-40],[13,-30],[-37,-50],[-43,-8],[-17,-39],[-16,-24],[-12,-7],[-42,-10],[-43,5],[-18,-3],[-48,4],[-22,-3],[-13,-16],[-13,-48],[-28,-14],[-13,-18],[-20,-38],[-30,-74],[-13,-50],[10,24],[13,20],[13,30],[14,26],[25,31],[38,29],[27,15],[18,5],[11,-2],[18,-19],[4,-21],[-6,-14],[-13,-9],[-10,-15],[-18,6],[-17,-8],[18,-10],[6,-21],[16,16],[11,-8],[-8,-16],[-1,-16],[-12,-15],[16,0],[-1,-29],[9,-33],[22,-7],[-9,-8],[9,-13],[7,3],[31,-14],[12,14],[6,-17],[7,4],[6,-13],[-4,-12],[12,-7],[-29,-16],[-29,-26],[-1,9],[-13,-23],[-9,4],[-10,-9],[-13,-23],[-3,-18],[-7,-11],[-7,2],[-4,-17],[-7,3],[-6,22],[-2,-8],[-5,28],[6,25],[-6,0],[48,65],[4,-17],[24,20],[-40,2],[14,18],[3,15],[-8,-2],[-8,-16],[-25,-27],[-8,0],[-10,-13],[-3,5],[-19,5]],[[2253,8939],[-13,7],[5,11],[24,19],[2,22],[14,10],[43,-39],[5,-18],[14,-17],[-20,-20],[-16,0],[-22,8],[-16,10],[-20,7]],[[2183,9185],[-35,40],[11,22],[21,-20],[19,-9],[24,37],[-26,32],[-1,11],[21,-3],[14,7],[13,-12],[14,0],[5,8],[16,5],[17,-3],[11,-7],[-15,-24],[-20,-12],[-5,-12],[9,-11],[9,3],[29,-14],[7,-9],[2,-14],[-8,-11],[-5,-34],[-13,-16],[-15,3],[-10,11],[-8,-4],[13,-18],[-10,-12],[-16,1],[-25,39],[-13,15],[-12,7],[-18,4]],[[2347,9280],[5,11],[16,-1],[-9,23],[6,5],[26,2],[34,-11],[16,-2],[16,5],[43,-4],[0,-29],[-37,-25],[-19,-29],[-17,-3],[-30,5],[-16,-2],[18,-23],[-3,-10],[-10,-12],[-12,-2],[-15,6],[-2,17],[-11,27],[-3,18],[4,34]],[[1510,7509],[-9,9],[2,14],[-6,11],[-13,4],[1,18],[-12,17],[-12,-1],[-26,45],[-3,11],[17,2],[24,-19],[35,-13],[12,-26],[6,-21],[9,-19],[24,-24],[8,-38],[-4,-11],[-21,8],[-20,20],[6,21],[-13,0],[-5,-8]],[[1323,7865],[8,2],[2,-16],[-2,-29],[-14,-8],[-11,27],[-2,30],[19,-6]],[[1896,9188],[15,3],[17,12],[14,1],[-12,32],[19,-4],[23,-15],[6,-25],[12,-34],[8,-12],[13,11],[2,8],[-16,44],[-5,43],[3,12],[46,-14],[25,-23],[8,-16],[2,-23],[7,-21],[15,-28],[-6,-34],[2,-10],[21,-25],[20,-13],[19,-4],[26,-18],[13,-13],[4,-26],[-15,0],[-22,15],[-15,-12],[-16,-5],[2,-23],[14,3],[16,8],[11,-17],[0,-8],[-13,-13],[-25,-7],[-28,3],[-20,8],[-29,16],[-12,18],[-13,-2],[-5,-12],[-14,-16],[-31,-4],[-16,-14],[-34,-11],[-33,-4],[-25,2],[-17,-3],[-13,10],[2,28],[-11,10],[-39,3],[-16,4],[-21,12],[-9,16],[-16,18],[10,10],[20,1],[8,6],[29,3],[60,-2],[35,1],[5,5],[-37,23],[-24,7],[-71,2],[-40,-3],[-21,17],[0,7],[30,10],[13,-1],[34,8],[6,9],[-5,12],[-25,-3],[-20,-5],[-28,25],[-9,-1],[-9,16],[16,32],[33,28],[32,19],[17,5],[8,9],[14,3],[13,-8],[-8,-19],[0,-26],[20,5],[14,18],[11,1],[22,-8],[12,-9],[-3,-28]],[[1522,9159],[-12,4],[-7,12],[20,20],[1,13],[-6,26],[13,6],[4,12],[14,17],[6,19],[-1,10],[-19,28],[-5,14],[21,2],[31,-2],[50,10],[47,-30],[11,-3],[26,6],[24,-3],[17,-12],[30,-26],[-3,-5],[-42,-19],[-36,-24],[-33,-42],[-19,-7],[1,-30],[-4,-16],[-8,-9],[-15,-4],[-15,2],[-7,-16],[-11,-10],[-25,4],[-17,39],[-14,12],[-17,2]],[[1823,9486],[23,-24],[19,7],[8,-5],[20,-25],[13,-11],[23,1],[18,-3],[21,6],[1,9],[-7,19],[-28,24],[18,23],[21,8],[6,-5],[10,-22],[0,-14],[6,-21],[19,-5],[22,-13],[-4,15],[7,12],[19,-8],[11,-13],[-3,-29],[-4,-15],[-17,-13],[-31,-3],[-44,9],[-50,-30],[-37,-16],[-25,1],[-27,12],[-4,12],[33,10],[46,9],[6,18],[-46,4],[-19,-9],[-47,-10],[-21,12],[-17,-8],[-13,4],[-10,11],[11,17],[39,3],[12,5],[-28,13],[-4,22],[38,14],[16,2]],[[1593,9472],[0,19],[30,12],[12,13],[20,12],[6,12],[14,7],[48,8],[21,-1],[11,10],[13,2],[18,-14],[-20,-11],[-2,-8],[7,-24],[-21,-4],[-12,-22],[-12,1],[-11,32],[-13,4],[-18,-41],[-8,-4],[-12,-24],[-10,-2],[-24,25],[-11,-9],[-16,-2],[-10,9]],[[1856,9582],[5,9],[17,6],[11,-2],[36,3],[29,-5],[-27,-30],[-36,-4],[-31,9],[-4,14]],[[2124,9616],[-18,2],[-22,17],[2,12],[31,-7],[11,0],[-3,17],[-17,16],[-38,12],[1,13],[28,4],[30,-5],[22,-27],[24,-6],[28,-4],[22,-16],[21,-38],[2,-14],[-17,-10],[-22,7],[-12,21],[-7,6],[-39,3],[-27,-3]],[[3316,7371],[10,-14],[-9,-40],[-11,-14],[-3,-15],[9,-7],[16,31],[10,-17],[-5,-17],[-14,-13],[-14,0],[-11,27],[1,21],[21,58]],[[3394,7520],[-9,21],[7,35],[14,44],[19,43],[15,20],[16,7],[4,-10],[-14,-12],[4,-15],[-24,-72],[-2,-26],[6,6],[12,24],[14,-10],[-11,-22],[24,-28],[9,1],[4,14],[13,0],[18,-14],[-17,-33],[10,-22],[15,9],[3,-9],[-8,-17],[-13,-7],[8,-33],[7,15],[6,-5],[1,-23],[10,-7],[-10,-52],[-15,11],[0,21],[-8,-13],[-6,8],[7,32],[-9,18],[-10,-22],[-10,-12],[-13,-28],[-11,2],[-1,11],[15,14],[14,28],[-16,6],[-4,-15],[-7,5],[0,16],[-9,-1],[-7,-16],[-13,-2],[-36,11],[-30,-7],[-4,21],[18,30],[15,16],[-15,8],[8,24],[11,3],[5,9]],[[2582,8569],[27,28],[-5,29],[6,41],[13,54],[14,-18],[-4,-17],[17,-14],[5,15],[18,-13],[19,-25],[27,-16],[8,-17],[-1,-30],[25,-1],[22,-18],[-15,-16],[-12,1],[-30,13],[-14,27],[-13,8],[-9,-9],[0,-22],[-16,-6],[-16,-25],[-14,-10],[-8,2],[1,28],[-5,11],[-42,-15],[2,15]],[[2867,8886],[8,9],[17,5],[21,-16],[-1,-39],[-17,-20],[-14,-4],[-22,6],[-5,24],[13,35]],[[3020,8556],[-17,17],[-14,4],[-10,11],[-11,24],[-1,16],[-14,2],[-16,12],[-8,1],[3,-25],[-7,-2],[-21,11],[-14,-21],[-16,-2],[-34,11],[-10,9],[2,23],[5,11],[13,6],[1,22],[19,-2],[24,-11],[12,-20],[0,25],[20,4],[16,9],[16,-3],[2,9],[-14,27],[-10,12],[1,12],[7,2],[27,28],[4,17],[16,27],[-1,20],[-16,43],[-7,12],[-21,10],[-13,16],[-10,28],[-12,-13],[-10,0],[-28,-10],[-2,22],[28,5],[2,9],[-39,41],[-18,7],[-3,18],[-8,11],[-17,11],[-14,15],[-7,-5],[-31,16],[-5,-4],[12,-12],[36,-23],[6,-18],[-14,-10],[-17,3],[-24,17],[-9,2],[-3,-12],[8,-22],[-27,19],[-13,-8],[-18,11],[-11,-4],[-43,11],[-31,0],[-10,6],[-1,19],[-15,7],[-5,-11],[-23,-2],[-14,6],[-16,15],[-4,22],[11,2],[30,-6],[14,7],[-21,24],[-25,7],[-17,0],[-15,7],[5,31],[12,7],[1,7],[-13,13],[5,31],[15,30],[28,32],[33,14],[35,2],[11,-6],[-40,-49],[-5,-17],[2,-12],[16,-18],[-7,-22],[14,-29],[20,-20],[-17,-14],[-1,-10],[31,-5],[8,21],[-6,22],[-14,8],[-11,18],[13,19],[23,-2],[-15,16],[-18,10],[0,24],[11,10],[34,-1],[-28,21],[10,9],[30,11],[21,10],[32,-6],[29,-47],[1,-5],[-16,-43],[0,-23],[13,-4],[13,10],[4,15],[17,1],[6,-5],[2,-24],[13,-2],[-2,28],[8,19],[13,9],[22,0],[26,-10],[15,3],[8,-5],[12,-19],[16,-17],[-22,-27],[-2,-7],[11,-11],[19,19],[12,-9],[11,-29],[21,34],[24,-8],[11,-12],[-17,-30],[15,2],[19,9],[0,-23],[10,-11],[17,9],[16,3],[18,-16],[-8,-12],[-23,-14],[-3,-9],[6,-8],[31,12],[9,12],[13,-8],[14,-28],[-27,-2],[-6,-4],[6,-13],[16,-2],[19,-13],[3,-10],[-27,2],[-21,9],[-4,-6],[15,-19],[-2,-7],[-20,-4],[3,-9],[46,-29],[8,-28],[9,7],[24,-11],[20,6],[20,-28],[5,-11],[-19,-7],[0,-14],[45,4],[-5,-18],[18,-6],[12,13],[24,-28],[-8,-21],[-10,-2],[-12,9],[-10,-7],[16,-20],[1,-9],[-14,-7],[-8,-17],[-15,23],[-4,-36],[5,-29],[-5,-2],[-18,14],[-7,22],[-12,-9],[-9,20],[4,22],[-19,7],[-33,39],[-10,2],[-13,-10],[-1,-8],[17,-28],[-12,-5],[-22,27],[15,-48],[14,-3],[14,-45],[7,-14],[11,9],[15,-22],[17,-12],[-8,-4],[1,-13],[23,-31],[1,-36],[-16,37],[-7,8],[1,-17],[13,-41],[0,-10],[-11,4],[11,-37],[-15,16],[-11,22],[-22,5],[-18,22],[-18,31],[3,-25],[-23,20],[-11,1],[12,-30],[10,-14],[23,-21],[16,-20],[10,-18],[11,-38],[-23,11],[-35,22],[-18,4],[-13,8],[-12,21],[-14,4],[-34,21],[-9,11],[10,26]],[[2505,9447],[6,-5],[15,-28],[8,-3],[3,12],[17,2],[11,6],[10,-3],[19,-17],[12,-1],[10,15],[17,9],[46,12],[56,-4],[21,-18],[29,-10],[7,-14],[-28,-18],[-2,-8],[6,-21],[-56,-5],[-16,10],[-4,21],[-15,3],[1,-23],[-27,-6],[-16,0],[-30,14],[-3,-14],[-33,-6],[-18,2],[-5,8],[-2,23],[-15,-5],[-9,-16],[-12,-6],[-38,26],[-8,-16],[-14,2],[-14,46],[7,15],[-3,23],[-23,30],[-1,11],[23,7],[31,1],[32,-3],[5,-16],[-5,-13],[-32,-15],[37,-4]],[[2538,9890],[32,5],[22,-10],[10,15],[16,9],[22,3],[25,-6],[41,-5],[33,-10],[36,-8],[6,5],[-39,25],[-10,14],[3,8],[31,13],[48,9],[45,-10],[32,-25],[3,12],[-22,26],[6,8],[41,-9],[21,-2],[20,-15],[6,5],[-4,18],[40,-2],[21,-19],[7,0],[-4,23],[13,3],[80,-22],[24,3],[38,-1],[41,-8],[23,-10],[21,-1],[17,-12],[-5,-11],[-16,-4],[-15,-12],[-23,-6],[-40,7],[-28,-1],[-34,-10],[-7,-15],[9,-12],[23,0],[21,10],[10,-1],[8,-18],[-33,-11],[-41,-27],[-16,-7],[-27,-21],[-28,0],[8,-29],[-5,-6],[-29,-15],[-30,2],[-18,7],[-30,5],[-8,-11],[32,-22],[-8,-5],[-41,0],[-33,7],[-25,-2],[-1,-22],[29,3],[28,-9],[7,-5],[2,-22],[-17,-10],[-7,-23],[-19,1],[-5,-6],[14,-16],[-25,-7],[-32,7],[-5,-3],[4,-33],[-18,-15],[-44,8],[-18,7],[-13,-2],[-15,-17],[18,-5],[49,-8],[19,-5],[25,-2],[8,-11],[0,-11],[-11,-13],[-45,-13],[-27,-9],[-16,29],[-15,-1],[-18,10],[4,-22],[-37,5],[-24,26],[-5,-2],[7,-23],[-13,-10],[-62,7],[-26,17],[-3,-15],[-8,-5],[-23,10],[5,27],[19,4],[19,13],[15,-1],[6,6],[-13,13],[-13,21],[7,9],[38,-5],[11,-6],[14,-17],[17,-11],[34,-2],[10,5],[8,18],[-38,0],[-13,6],[-2,27],[3,5],[-46,10],[-12,-4],[3,25],[14,18],[14,5],[23,0],[32,-4],[42,-13],[20,6],[-42,26],[-22,10],[-45,41],[-5,-7],[-17,28],[4,12],[22,-3],[49,-2],[20,-13],[32,-25],[28,-2],[-17,18],[-25,11],[15,24],[18,10],[22,1],[19,7],[57,8],[-22,16],[-18,4],[-31,0],[-15,-8],[-35,-12],[-25,-4],[-19,14],[-10,-8],[-27,0],[-19,-12],[4,27],[12,10],[-8,14],[-17,5],[-17,0],[-53,-16],[-25,-22],[-12,12],[13,5],[-10,23],[-42,9],[-4,21],[34,10],[0,3],[38,4]],[[2205,9437],[-43,-10],[-10,9],[0,11],[9,0],[14,10],[-5,19],[3,16],[17,-8],[30,-30],[4,11],[-16,20],[-5,11],[17,5],[32,-19],[8,19],[23,-14],[4,-25],[0,-20],[-14,-18],[5,-32],[-5,-5],[-21,3],[-28,-4],[-13,7],[-2,10],[16,22],[-6,10],[-14,2]],[[2313,9526],[30,2],[20,-9],[20,-2],[11,-11],[-4,-25],[-53,8],[-12,16],[-14,14],[2,7]],[[2297,9656],[61,-28],[-4,-22],[-38,-9],[-23,7],[-13,16],[-15,24],[3,11],[29,1]],[[2545,9757],[6,17],[18,-17],[5,-9],[0,-33],[9,-14],[28,3],[7,-8],[-20,-11],[-20,-7],[-10,-12],[-7,-17],[-5,-1],[-19,14],[-8,-11],[5,-22],[-10,-8],[-24,21],[0,-26],[-40,3],[-29,10],[-6,-1],[-39,42],[-3,9],[25,8],[42,-3],[11,-3],[39,-3],[-51,22],[-38,7],[-31,-3],[-20,-7],[-21,24],[-18,15],[-4,12],[24,-4],[29,5],[-16,8],[-9,12],[14,14],[21,-1],[2,7],[-23,26],[29,10],[14,-3],[9,7],[-7,16],[29,-7],[11,-6],[28,-37],[28,-8],[5,5],[11,-7],[10,-32],[20,-3],[-1,7]],[[5610,9725],[-45,1],[-32,-4],[-24,10],[10,15],[10,6],[24,34],[17,-23],[12,-3],[25,0],[9,-11],[11,10],[6,15],[11,10],[-2,-37],[10,0],[13,16],[13,8],[10,-4],[7,-15],[34,2],[19,-6],[7,-12],[-31,-27],[-21,-12],[-25,-7],[-17,-12],[-78,4],[-1,12],[19,8],[9,22]],[[5368,9727],[0,-23],[25,-9],[4,26],[14,6],[27,-41],[10,-7],[7,7],[-9,21],[-4,22],[11,14],[19,-9],[16,-1],[7,-6],[-3,-23],[8,-9],[15,14],[16,-24],[22,-8],[27,-22],[-16,-9],[-25,-7],[-9,-10],[-9,-37],[-11,-28],[-15,-4],[-10,-18],[-6,-31],[-17,-6],[-43,28],[-17,18],[8,12],[42,6],[12,12],[-8,8],[-43,-8],[-21,-1],[-6,17],[12,2],[44,17],[19,14],[-32,13],[-11,10],[-7,-5],[-13,-20],[-20,-12],[-16,6],[-27,25],[-9,13],[21,13],[-10,19],[-17,-11],[-6,3],[-11,24],[10,12],[20,4],[35,3]],[[5310,8231],[-10,3],[-11,28],[0,-17],[-7,-19],[-13,0],[-9,-15],[-33,-44],[-1,-6],[-33,-9],[-9,15],[-21,18],[-8,2],[-6,19],[7,18],[13,-12],[-9,20],[13,15],[-30,2],[-2,14],[8,15],[16,0],[-12,8],[8,9],[2,15],[-17,-2],[-5,10],[13,17],[-14,6],[1,23],[8,9],[-7,8],[1,43],[19,6],[-12,13],[18,24],[13,0],[2,18],[19,-7],[7,8],[-12,8],[-1,14],[25,3],[7,-8],[1,16],[10,19],[9,6],[7,-9],[7,16],[11,13],[6,27],[26,32],[10,-6],[1,15],[14,21],[6,15],[11,-1],[0,20],[-6,3],[11,35],[11,-2],[2,18],[12,4],[-12,19],[6,16],[17,1],[-7,17],[29,21],[-6,8],[11,14],[12,-4],[10,15],[-5,11],[14,16],[9,-13],[7,13],[-4,21],[15,0],[-5,16],[15,15],[4,15],[15,6],[6,22],[7,-9],[12,5],[16,-9],[16,41],[6,-3],[-5,-28],[10,14],[5,19],[11,3],[8,14],[14,-15],[11,29],[12,-3],[13,-16],[8,24],[9,14],[11,0],[10,19],[23,12],[12,-1],[-17,-24],[-4,-30],[5,-3],[9,19],[19,31],[9,9],[1,-38],[14,13],[11,29],[19,3],[3,-5],[-9,-17],[-3,-21],[11,-3],[3,14],[11,21],[6,0],[21,-19],[20,-5],[9,-16],[-15,-13],[-43,1],[23,-22],[5,-10],[28,4],[9,-8]],[[5862,8994],[-11,-16],[-20,-5],[-34,-47]],[[5797,8926],[1,18],[11,30],[-1,9],[-33,29],[-39,-6],[-11,-12],[-10,-28],[-4,-32],[-23,-28],[-20,21],[-20,-7],[-25,5],[-23,40],[-10,-1],[-13,-21]],[[5577,8943],[-17,2],[-6,-50],[-3,-8],[-25,10],[-22,12],[-2,-27],[-5,-16],[-23,3],[-6,-5],[-18,-38],[2,-24],[-2,-11],[-33,-55],[-12,-1],[-2,-40],[-9,-34],[-13,-34],[9,-13],[3,-19],[-8,-11],[-21,-1],[-15,-12],[-13,-31],[-5,-57],[8,-24],[-4,-38],[20,-27],[-6,-21],[-11,-5],[10,-38],[-3,-29],[-15,-13],[-8,-21],[3,-27],[-4,-23],[-5,-1],[-6,15]],[[5797,8926],[-4,-25],[1,-17],[18,-13],[19,-29],[-25,-47],[17,-45],[10,-39],[-8,-29],[-3,-25],[21,-62],[1,-16],[-11,-20],[6,-10],[25,-25],[8,-24],[-1,-13],[-13,-35],[-18,-25],[-49,-76],[-2,-9]],[[5789,8342],[-26,-13],[-9,1],[-7,-9],[-11,6],[-5,-9],[-21,-1],[-4,-8],[-26,-11],[-2,-9],[-13,5],[-21,-9],[-9,18],[3,11],[-17,-7],[-4,10],[-19,19],[-3,36],[3,34],[-9,27],[3,35],[-8,9],[4,21],[8,9],[5,21],[12,-6],[6,8],[7,37],[7,-10],[46,76],[13,13],[11,-1],[-5,20],[3,24],[-4,9],[-14,3],[-11,15],[-7,1]],[[5665,8717],[-8,34],[6,26],[-1,13],[-11,43],[1,31],[-16,25],[-20,7],[-13,9],[-26,38]],[[5533,7109],[8,5],[1,11],[-8,19],[11,3],[-14,18],[0,16],[6,28],[-6,2],[1,20],[19,3],[11,-6],[4,-22],[5,0]],[[5571,7206],[2,-3]],[[5573,7203],[3,-11],[16,12],[15,-10],[7,-12],[8,17]],[[5622,7199],[8,-8],[-7,-11],[7,-16]],[[5630,7164],[-9,-24],[-2,-18],[17,-37],[-3,-16],[-13,-21],[0,-26],[10,-17],[7,-28],[-1,-32]],[[5636,6945],[-13,-13],[-12,3],[-10,-19],[-17,-7]],[[5261,7042],[1,-38],[-8,-50],[-12,15],[0,23],[-6,18],[3,26],[18,17],[4,-11]],[[5209,7135],[1,24],[-10,-2],[-10,13],[-2,14],[4,23],[-12,18],[8,3],[9,20],[-12,27],[8,9]],[[5288,7353],[5,-12],[0,-30],[-3,-7],[2,-34],[7,-7],[4,14],[7,-7],[2,20],[9,-3],[0,20],[9,12],[-4,24],[9,13],[8,-16],[33,-14],[-6,-17],[7,-11],[-2,-23],[8,-17]],[[5383,7258],[-4,10],[-6,-5],[-8,6],[-2,-10],[-18,-14],[-7,-13],[9,-24],[-7,-15],[2,-27],[10,-26],[25,-29],[14,-67],[12,-27],[11,-19],[15,-8],[15,4],[5,-12],[-9,-17],[4,-7],[26,-23],[30,-36],[14,-36],[-4,-25],[-10,14],[-5,22],[-12,3],[-5,15],[-8,-1],[-9,-28],[-2,-29],[17,-20],[-2,-36],[-8,1],[-8,-15],[2,-19],[-7,-10],[-8,-28],[-11,5],[0,17],[8,22],[-3,6],[11,11],[-6,47],[-9,48],[-7,-8],[-15,19],[2,22],[-6,11],[-11,-8],[1,19],[-9,-6],[-7,30],[-23,13],[-9,12],[-32,61],[-11,12],[-10,22],[-7,28],[-6,33],[-10,30],[-28,23],[-7,-1],[-19,-33],[-12,-7]],[[5406,6624],[-12,19],[-33,35],[-11,4],[-5,13],[10,25],[7,-3],[8,11],[13,-18],[27,6],[17,11],[2,-7],[-8,-31],[-2,-28],[5,-17],[-7,-23],[-11,3]],[[5241,6784],[-9,22],[4,46],[-2,38],[-7,14],[1,14],[15,0],[15,24],[14,-45],[-5,-34],[2,-29],[-6,-40],[-12,6],[-10,-16]],[[5845,7302],[-10,-23],[-13,-8],[-3,-16],[6,-20],[-7,-24],[-11,-3],[-11,-28],[-5,-54]],[[5791,7126],[-25,15],[-18,21],[-7,1],[-32,-32],[-5,-2],[-21,12],[-13,-10],[-14,13],[-19,-7],[2,17],[-9,10]],[[5622,7199],[-2,17],[4,53],[15,10],[6,15],[9,-13],[14,15],[9,-15],[15,5],[16,-12],[-2,37],[6,7],[10,31],[-10,22],[-12,8],[10,12],[6,-5],[4,11],[16,2],[-13,50],[6,6],[-5,22],[11,-2]],[[5735,7475],[14,7],[3,11],[11,-12],[4,6],[2,-22],[33,-45],[6,-39],[9,-33],[18,-39],[10,-7]],[[5573,7203],[-2,3]],[[5514,7027],[-26,38],[-17,31],[-17,14],[-8,-6],[-5,16],[-13,20],[-8,22],[11,-1],[-15,23],[-1,27],[-17,29],[-4,-27],[-9,-14],[-6,21],[-4,30],[8,8]],[[5264,7396],[4,5]],[[5268,7401],[10,-5],[5,-13],[5,20],[12,-3],[10,-8],[11,13],[15,1],[1,6],[15,-1],[7,-15],[2,18],[-9,28],[17,17],[2,17],[7,-4],[9,8],[-6,21],[-7,4],[-15,29],[-11,12],[-3,10],[3,21],[-9,18],[7,11],[14,6],[7,13],[32,21],[17,-3],[8,8],[5,-14],[10,-2],[5,-10],[12,-3],[-6,-11],[14,-23],[8,10],[0,14],[10,-10],[9,0],[2,-22],[8,5],[15,-12],[20,24]],[[5536,7597],[27,-12],[15,18],[9,2],[21,31],[14,-10],[2,-22],[18,1],[26,17],[9,1],[21,-21],[2,-13],[13,-29],[16,-1]],[[5729,7559],[-1,-44]],[[5728,7515],[7,-40]],[[7996,5519],[-13,-20],[-1,-22],[-16,2],[-1,-19],[-11,-38],[-11,-17],[-4,-13],[-8,-62],[23,-60],[2,-33],[19,-43],[19,-48],[8,-2],[4,-13],[7,-52],[8,-19],[8,-67],[7,-91],[-7,-30],[0,-61],[-10,-36],[-15,-13],[-21,-43],[-11,5],[-7,15],[-1,-41],[-7,-38],[-7,0],[-8,-26],[-12,-11],[-8,-27],[-13,-12],[2,71],[4,36],[-6,14],[-9,8],[-7,17],[-18,0],[4,18],[-4,21],[-14,-12],[-2,34],[-8,49]],[[7777,5447],[10,21],[12,38],[6,12]],[[7805,5518],[6,-13],[10,-3],[5,18],[-6,48],[3,18],[15,18],[10,4],[12,-16],[11,17],[30,6],[24,37],[7,-19],[10,-8],[18,0],[4,-19],[-6,-24],[4,-29],[12,-20],[22,-14]],[[8015,5346],[0,9],[17,36],[7,-2],[3,19],[10,-9],[4,11],[16,5],[7,-22],[-12,-35],[-5,-43],[-16,-15],[-7,-23],[-22,27],[-2,42]],[[8617,7047],[-8,22],[-11,-15],[-3,-24],[-19,-25],[-22,3],[-3,-19],[6,-28],[-18,-7],[-13,13],[-3,13],[-11,-5],[-8,-33],[-8,-18],[-39,-48],[-10,-31]],[[8447,6845],[-30,-12],[-28,-30],[-15,-28],[-12,-9],[17,42],[-11,1],[-1,15],[24,58],[-10,27],[-9,10],[-11,-1],[-21,-51],[-12,-8],[-13,-14],[-11,-45],[-12,-3],[-7,-13],[-6,18],[-9,-3],[-9,-44],[5,-23],[17,-17],[15,2],[3,-9],[-2,-36],[4,-27],[18,3],[16,33],[14,12],[21,-29],[13,3],[14,-5],[-4,-41],[-11,9],[-28,-20],[-9,-14],[0,-24],[-7,-5],[-4,15],[-6,-4],[2,-15],[-8,-28],[-18,-36],[-1,-26],[8,-7],[19,-33],[5,-17],[5,-40],[8,-21],[1,-37],[11,-15],[5,-19],[10,-17],[1,-15],[-10,-12],[6,-13],[4,-25],[-2,-16],[-15,-8],[-12,-18],[-18,-17],[14,-8],[11,14],[9,0],[6,-20],[11,-6],[-3,-15],[-9,-15],[8,-7],[-6,-35],[-2,-32],[-5,-19],[-4,11],[-14,-50],[-5,-30],[-13,-34],[-12,-8],[3,-23],[-2,-36],[-4,-17],[-7,-7],[-7,-42],[-13,-28],[-12,7],[-4,-10],[2,-27],[-13,-26],[-12,-10],[-15,-25],[-2,-21],[-13,-6],[-5,-14],[-11,10],[-13,-19],[-8,-3],[0,15],[-23,-14],[-7,21],[-2,-44],[-8,-13],[-6,5],[-4,-22],[-20,-6],[-5,6],[-9,-18],[-12,-1],[-15,-18],[-9,3],[-4,-30],[10,-31],[-14,-14],[-6,24],[-3,35],[5,31],[-8,8],[-11,-14],[-8,7],[-7,23],[-5,-21],[-14,-5]],[[7805,5518],[-3,20],[-16,-19],[-8,12],[-8,36],[-12,-1],[-4,14],[9,52],[-1,8],[-13,1],[-3,11],[-3,57],[-18,0],[-10,-14],[-7,0],[3,27],[-3,38],[10,34],[14,26],[10,51],[-3,82],[-12,5],[-5,39]],[[7722,5997],[6,11],[5,-10],[8,6],[-2,56],[9,0],[-1,154],[-34,105],[-60,-59],[-7,50],[-65,19],[-70,40],[-20,57],[3,11],[1,51],[-7,2],[-2,33],[8,7],[0,26],[-11,4],[4,12]],[[7487,6572],[47,4],[-12,50],[15,20],[-35,100],[64,38],[17,114],[20,2],[12,57],[26,33],[6,-22],[22,32],[-4,38],[10,19]],[[7675,7057],[27,-3],[26,-10],[50,1],[47,-6],[17,-23],[32,-26],[28,-4],[9,-16],[14,10],[41,39],[15,11],[57,2],[24,24],[17,39],[8,13],[16,9],[6,18],[-10,20],[-5,19],[3,24],[6,19],[10,10],[25,-22],[21,2],[25,44],[16,-3],[11,4],[15,22],[9,37],[11,8],[6,-4],[15,15],[19,12],[29,-2],[11,3],[1,16],[-19,48],[-10,16],[-23,13],[-15,-25],[-13,18],[-17,-2],[-16,-13],[-4,27],[33,131]],[[8243,7572],[20,-24],[10,3],[30,24],[10,11],[1,18],[-5,16],[20,65],[7,17],[17,20],[2,26],[-7,18],[-17,-2],[1,8],[20,35],[13,10],[61,14],[14,-7],[21,-22],[25,3],[9,-15],[9,-31],[14,-77],[12,-52],[11,-62],[6,-12],[22,-18],[19,-8],[33,-27],[2,-5],[10,-70],[3,-14],[37,3],[20,17],[31,17],[15,-3],[2,-37],[-15,-26],[-7,-52],[-15,-69],[-11,-37],[-6,-11],[-28,19],[-21,-31],[-1,-18],[4,-30],[1,-67],[-8,-25],[-17,-17]],[[5415,5628],[-22,-29],[-18,36],[-33,25],[-10,4],[-74,-106],[-49,-78],[-49,-106],[-71,-36],[0,41],[-4,28],[-14,4],[-12,24],[-8,-9],[-20,48],[-1,22],[-31,47],[-45,76],[-52,91],[-55,94],[-52,78],[-35,49]],[[4760,5931],[-1,29]],[[4759,5960],[2,77],[8,10],[31,50],[21,0],[2,22],[21,7],[13,19],[6,21],[14,11],[19,23],[-1,47],[18,8],[8,24],[44,-1],[4,34],[-14,43],[-2,15],[0,68],[-2,29],[-9,16],[-3,17]],[[4939,6500],[19,12],[10,29],[20,17],[9,-9],[8,21],[16,25],[8,6],[41,8],[8,10],[14,-4],[11,13],[19,0],[20,-12],[25,12],[8,18],[17,-19],[10,17],[7,-1],[10,-19],[20,8]],[[5265,6150],[102,-197],[-91,-159],[3,-30],[10,-33],[7,6],[118,10],[1,-119]],[[5756,4344],[1,24],[-9,27],[-10,5],[-8,22],[-4,35],[-24,43],[0,29],[-7,15],[-20,22],[-9,27],[-13,-1],[-2,29],[5,48],[-6,35],[-17,54],[2,26],[-9,28],[-8,74],[-11,-3],[-3,12],[12,50],[-3,29],[10,21],[0,36],[8,26],[5,41],[3,4],[26,2],[0,106],[-1,81],[1,85],[-95,122],[-25,31]],[[5545,5529],[140,1]],[[5685,5530],[7,0],[1,20],[10,2],[96,0],[66,0],[157,0]],[[6022,5552],[9,-50],[3,-113],[4,-53],[3,-7],[32,-55]],[[5994,4301],[-19,-4],[-19,1],[-19,-54],[-13,-10],[-7,9],[-22,-15],[-12,-1],[-12,7],[-18,-10]],[[5948,6222],[11,-72],[11,-57]],[[5970,6093],[-5,-12],[-6,-37],[-6,-66],[-8,-2],[-20,55],[-4,32],[-6,14],[-9,47],[-6,-5],[-3,-17],[9,-56],[20,-62],[16,-97],[5,-15],[11,-56],[19,-85],[15,-35],[-7,-14],[3,-35],[4,-23],[15,-25],[15,-47]],[[5685,5530],[0,282],[17,51],[-2,62],[-14,8],[-2,309],[9,12]],[[5693,6254],[8,-15],[25,4],[45,-23],[4,-13],[17,-3],[20,-15],[12,22],[12,13],[24,17],[20,-6],[3,-15],[7,-12],[7,5],[13,-9],[7,13],[15,-12],[16,17]],[[5545,5529],[-102,129],[-5,-2],[-23,-28]],[[5318,6362],[30,-29],[18,3],[27,-8],[7,-15],[16,-8],[7,-13],[3,-27],[14,-37],[13,-9],[30,-12],[15,-17],[27,-40],[11,4],[18,33],[4,17],[-5,47],[4,31],[8,19],[19,24],[17,13],[25,-7],[13,-17],[4,-25],[15,-4],[9,-10],[22,-2],[4,-19]],[[4759,5960],[-104,-1],[-20,-1]],[[4635,5958],[7,22],[22,13],[14,14],[34,66],[13,36],[6,23],[1,32],[-5,25],[0,39],[14,49],[2,44],[17,39],[9,16],[27,26],[9,12],[15,48]],[[4820,6462],[103,-23],[12,61]],[[4935,6500],[4,0]],[[4820,6462],[15,86],[10,10],[11,-32],[16,-19],[32,1],[12,16],[5,-18],[14,-6]],[[4592,5817],[8,38],[21,34],[4,16],[10,53]],[[4760,5931],[-1,-78],[-1,-13],[-82,1],[-7,-2],[0,-17]],[[4669,5822],[0,-5]],[[4669,5817],[-77,0]],[[4527,5509],[6,48],[12,37],[18,99],[21,46],[4,16],[1,30],[3,32]],[[4669,5817],[-1,-68]],[[4668,5749],[-2,-84],[-21,-24],[-10,-26],[3,-109],[-111,3]],[[5001,4769],[-9,-32],[-3,-149],[7,-53],[1,-95],[25,-56]],[[5022,4384],[-20,-5],[-19,-24],[-16,-13],[-24,-32],[-20,29]],[[4923,4339],[-1,24],[-7,38],[-4,47],[9,74],[9,46],[-4,47],[-6,128],[5,17],[56,0],[12,14],[9,-5]],[[5001,4769],[24,-12],[-2,-33],[2,-12],[11,-20],[8,-65],[0,-64],[2,-49],[-3,-50],[5,-42]],[[5048,4422],[-16,-12],[-10,-26]],[[5389,4913],[1,-34],[-39,-212],[5,-14],[-2,-11],[-22,-11],[-9,-49],[-13,-4],[-21,-86],[-44,-109],[0,-32],[-7,-40]],[[5238,4311],[-7,10],[0,-17],[-5,-10],[-20,-5],[-11,8],[-5,-16],[-21,3],[-14,22],[-7,44],[3,16],[-8,12],[-15,42],[-15,16],[-4,10],[-13,-14],[-20,-3]],[[5076,4429],[2,46],[-3,47],[1,89],[3,13],[9,5],[1,42],[11,23],[6,50],[-7,48],[4,84],[4,15],[9,53],[8,13],[28,9],[14,-4],[10,-9],[14,-39],[7,-4],[17,18],[10,1],[15,-24],[12,-9],[15,2],[13,24],[10,9],[23,4],[28,-21],[24,41],[12,1],[2,-13],[11,-30]],[[5333,3611],[-7,33],[-31,79],[-3,15],[-17,38],[4,10],[-11,11],[-12,47],[6,13],[-9,17],[-9,33],[11,19],[8,54],[11,-3]],[[5274,3977],[165,92],[16,-30],[2,-29],[15,-27]],[[5472,3983],[0,-94]],[[4634,4610],[-3,30],[-10,26],[-1,21],[-11,11],[-15,28],[1,23],[-13,10],[1,13]],[[4539,4859],[-5,21],[0,40]],[[4542,4950],[-6,37],[-10,36],[-11,16],[16,36],[12,59],[2,43],[7,42],[4,63],[-2,36],[-4,26],[-8,24],[6,23],[0,32],[-3,29],[-13,30],[-5,-15],[0,42]],[[4668,5749],[1,73]],[[5472,3983],[9,194],[9,21],[4,-13],[10,10],[0,70],[-7,13],[-3,78],[-10,36],[-12,81],[-22,85],[-21,130],[-8,32],[-5,58],[2,21],[-2,39],[-5,29],[-11,40],[-11,6]],[[5076,4429],[-28,-7]],[[4923,4339],[-5,13],[-6,-10],[-22,9],[-29,-2],[-16,-8],[-21,-18],[-35,-38]],[[5274,4120],[-2,23],[3,32],[-4,40],[-5,22],[5,12],[-3,12],[-11,0],[-7,9],[-4,35],[-8,6]],[[5274,3977],[-15,33],[6,6],[2,20]],[[5923,3890],[19,1],[102,-148],[1,-38],[44,-83]],[[6089,3622],[-8,-57],[0,-51],[8,-32],[9,-19],[-8,-54],[6,-14],[-2,-53],[7,-77],[5,-15],[17,-34]],[[5922,3275],[-5,13],[-54,58],[-12,28]],[[5820,3868],[13,-7],[12,27],[20,2],[58,0]],[[6155,3836],[-14,-18],[-5,4],[-5,-38],[-8,-3],[-5,-13],[-1,-27],[-16,-64],[1,-17],[-5,-21],[-8,-17]],[[5923,3890],[16,88],[8,27],[19,47],[7,41],[-4,41],[36,60],[-4,64],[4,38]],[[6184,4270],[5,-18],[3,-95],[-11,-22],[16,-151],[-5,-12]],[[6192,3972],[-14,-37],[-23,-78],[0,-21]],[[6155,3836],[-15,58],[-1,143],[0,130],[21,80]],[[6330,4540],[13,9],[9,28],[-7,209]],[[6345,4786],[24,-3],[21,16],[18,34],[13,-12],[2,-9],[-5,-30],[2,-38],[-7,-31],[-1,-49],[-2,-17],[-16,-73],[-10,-26],[-1,-22],[-21,-92],[-3,-30],[-13,-57],[-26,-88],[-33,-95],[-23,-51],[-27,-36],[-23,-48],[-22,-57]],[[6202,4799],[2,-1],[25,-77],[21,4],[25,28],[14,-12],[7,2],[20,33],[17,-3],[12,13]],[[5173,7540],[0,-15],[7,-24],[17,-31],[0,-14],[-8,-13],[4,-11],[-1,-34]],[[5177,7314],[12,3]],[[5209,7135],[-28,-52],[-20,-9],[-11,6],[-10,16],[-18,2],[-9,10],[-17,-13],[-11,-26],[-2,-13],[2,-29]],[[4946,7095],[10,15],[7,75],[1,41],[3,27],[9,-13],[-11,26],[5,24],[-5,21],[-13,10],[-12,29],[4,14],[-16,20],[3,13],[-10,-1],[-31,30],[-12,-5],[-9,17],[11,2],[-8,11],[7,10],[-12,-2],[0,14],[21,13],[11,-3],[2,9],[13,4],[8,-20],[12,6],[4,-6],[21,6],[-3,7],[0,33],[-9,21],[-1,13],[19,0],[2,-27],[4,5],[22,-8],[16,12],[-7,4],[3,12],[9,11],[21,13],[8,16],[1,43],[12,13],[14,6]],[[5188,7323],[-1,1]],[[6559,5809],[-2,1],[2,34]],[[6559,5844],[4,14],[3,-21],[-7,-28]],[[7675,7057],[-9,20],[-20,70],[-1,18],[-20,13],[-28,35],[-21,10],[-31,1],[-46,16],[0,50],[30,24],[2,15],[-32,21],[0,72],[-22,12],[-27,38],[-5,14],[-5,36]],[[7440,7522],[19,22],[18,3],[17,17],[5,35],[31,12],[29,21],[24,-8],[33,-7],[14,-38],[57,-8],[18,-9],[14,14],[9,19],[2,17],[-6,16],[-5,28],[12,37],[16,31],[58,-26],[31,-22],[4,-40],[10,-26],[29,-21],[31,18],[10,2],[33,-2],[9,-7],[25,-35],[24,-22],[28,-16],[21,-4],[33,5],[32,11],[14,13],[15,29],[15,16],[21,-3],[9,-17],[15,-9],[15,9],[14,-5]],[[7487,6572],[-1,9],[-28,23],[-63,-25],[-3,-22],[-30,-7],[-16,-19],[-26,-11],[-11,3],[-16,27],[-24,-36],[-35,12],[-17,-66],[-29,-22]],[[7188,6438],[-8,21],[-10,4],[-8,50],[0,17],[-29,6],[-11,24],[-9,-7],[-9,19],[3,33],[-7,18],[-11,-4],[0,15],[-20,6]],[[7075,6655],[8,18],[-4,25],[-1,35],[-7,22],[-11,3],[-9,-7],[-5,23],[2,7],[2,60],[5,13],[40,46],[4,1],[3,-21],[22,8],[15,48],[18,-6],[12,4],[8,11],[13,32],[35,23],[4,12],[-2,47],[16,41],[-9,50],[-1,44],[-13,9],[8,23],[40,16],[21,-13],[10,15],[-10,26],[17,96],[6,16],[30,-17],[17,-3],[15,6],[7,25],[-4,47],[10,28],[18,5],[4,7],[1,25],[10,13],[20,4]],[[7466,5932],[-3,21],[1,28],[-5,8],[-10,-7]],[[7250,6153],[-11,19],[-11,6],[1,12],[-13,19],[-5,-4],[-14,35],[-6,-10],[-4,16],[1,33],[-8,20],[-2,22],[10,7],[5,-21],[16,23],[-4,22],[1,14],[-23,22],[-1,37],[6,13]],[[7722,5997],[-5,14],[-10,8],[-4,-15],[-30,15],[6,23],[0,12],[-15,36],[-17,-27],[-5,-1],[-16,15],[-11,-12],[-14,-24],[-17,-20],[-14,-36],[-14,-16],[-12,-4]],[[8992,7579],[-46,-1]],[[8946,7578],[2,64],[-4,39],[-10,27],[-2,29],[6,30],[-1,46],[12,2],[13,18],[11,-35],[2,-40],[-5,-39],[0,-25],[3,-25],[8,-28],[11,-62]],[[3286,5199],[0,0]],[[3285,5241],[0,0]],[[3346,4913],[-3,19],[6,-11],[-3,-8]],[[3295,5068],[-3,30],[5,-3],[-2,-27]],[[3284,4837],[0,0]],[[3289,4858],[0,0]],[[3293,4870],[0,0]],[[3309,5010],[-5,5],[-5,25],[5,1],[6,-19],[-1,-12]],[[3273,5174],[0,0]],[[3245,5281],[0,0]],[[3262,5204],[0,0]],[[3258,5222],[0,0]],[[3306,4960],[-3,14],[4,15],[-1,-29]],[[3294,4879],[0,0]],[[3296,4887],[0,0]],[[3299,4909],[0,0]],[[3300,4919],[0,0]],[[3201,5253],[0,0]],[[3203,5294],[0,0]],[[3199,5292],[0,0]],[[3298,5116],[0,0]],[[3304,5148],[0,0]],[[3296,5149],[-7,-9],[-3,-18],[-3,21],[6,2],[4,17],[3,-13]],[[3255,5262],[0,0]],[[3105,4853],[0,0]],[[3084,4851],[0,0]],[[3251,5231],[0,0]],[[3249,5274],[-3,0]],[[3246,5274],[3,0]],[[3249,5274],[-3,0]],[[5948,6222],[10,30],[9,76],[3,2],[16,102],[10,22],[-4,23],[2,38],[-6,11],[7,30],[-5,21],[12,26],[-6,20],[-18,-27],[-16,18],[-5,-1],[-20,-35],[-16,-12],[-15,2],[-8,9],[-12,27],[-15,15],[-13,6],[-9,-2],[-3,-42],[-23,-8],[-10,7],[-8,38],[-5,-12],[-10,15],[-12,-15],[-1,27],[-19,1],[6,15],[-10,17],[-1,38],[-12,16],[-8,-1],[2,25],[7,-12],[7,9],[-8,17],[9,13],[-12,32],[10,21],[-22,-8],[1,40],[16,27],[14,6],[14,-12],[19,8],[16,-5],[-4,21],[27,9],[-15,0],[-9,17],[4,17],[28,-6],[3,4],[13,-11],[14,1],[4,17],[29,33],[20,15],[12,2],[30,-8],[10,13],[2,-18],[9,-12],[15,4],[6,-24],[6,-9],[12,4],[12,-19],[39,-7],[20,10],[18,-8],[10,1],[25,23],[6,11]],[[6348,6135],[-15,-2],[-3,-6]],[[6302,6094],[-28,31],[-29,10],[-21,24],[-113,293],[-19,15],[-36,0],[-23,-75],[-19,-173],[2,-99],[32,-70],[80,-337],[6,-128],[42,-75],[57,-285],[31,-162]],[[6264,5063],[1,-6],[-54,-160]],[[6211,4897],[-9,29],[2,24],[-16,137],[3,37],[-4,48],[-6,31],[-15,48],[-10,22],[-7,28],[-10,61],[-9,42],[-26,39],[-17,59],[-1,85],[-6,34],[-16,69],[-9,21],[-12,11],[-10,28],[0,36],[-15,62],[-10,29],[-24,94],[-9,25],[-10,2],[3,19],[6,71],[-4,5]],[[5535,8150],[0,0]],[[5350,8012],[-6,16],[13,19],[-16,27],[-12,45],[-7,21],[5,27],[-16,10],[-1,54]],[[5665,8717],[-21,-9],[-16,19],[-12,-16],[-7,-20],[-12,-5],[-7,-12],[6,-14],[-15,-22],[12,-23],[-9,-12],[-10,-29],[-28,-31],[-10,4],[-7,-18],[-16,-15],[-5,-14],[-12,0],[2,-18],[-6,-13],[-12,6],[5,-26],[-3,-31],[-9,-9],[4,-62],[21,-6],[13,-29],[11,-6],[6,-28],[-28,-26],[-26,14],[-16,2],[-3,-9],[10,2],[17,-17],[25,3],[3,-9],[-17,-21],[-1,17],[-10,-26],[-8,-7],[-18,-1],[9,-23],[-1,-31],[-7,1],[5,-33],[-7,-26],[-1,-19],[-16,-57],[-8,10],[-8,-6],[-16,3],[-10,-16],[-4,-17],[4,-11],[-4,-12],[-9,5],[-14,-8],[-14,3],[5,23],[-10,26]],[[5504,8076],[-1,44],[9,21],[15,7],[-5,-15],[-3,-33],[-9,-8],[-6,-16]],[[4286,9112],[-18,-11],[-35,-4],[-14,-13],[-8,-31],[13,-13],[12,-5],[34,-2],[23,7],[24,2],[27,-16],[40,-2],[-16,-21],[-44,-31],[-16,4],[-12,-22],[-29,-31],[-16,-11],[-28,-2],[-40,-18],[-12,13],[-5,-1],[-8,-30],[-12,-4],[-17,9],[-8,15],[-19,21],[-1,-7],[9,-34],[-26,-24],[-7,-13],[-21,-50],[-13,-28],[-10,-9],[-13,-2],[-12,9],[-8,-37],[-9,-9],[-21,2],[-14,-15],[12,56],[-25,6],[3,-28],[-15,-26],[-14,-6],[-28,-2],[8,-27],[-6,-15],[-32,6],[16,-26],[4,-11],[-4,-13],[-28,-5],[22,-25],[5,-11],[-10,-18],[-14,0],[4,-20],[-5,-15],[-14,6],[3,-31],[-13,3],[-26,-4],[8,-16],[18,-19],[-1,-34],[-4,-30],[-16,-1],[6,-19],[1,-36],[-20,-4],[10,-12],[5,-20],[-1,-15],[-16,8],[-13,16],[-12,-29],[-8,20],[2,18],[-18,13],[-8,10],[5,21],[-9,15],[-8,-11],[-30,-7],[-13,-18],[-10,31],[-26,28],[-7,25],[1,24],[-26,15],[-3,11],[9,36],[-17,7],[-4,27],[-14,3],[-7,18],[10,27],[16,11],[11,14],[-3,21],[-24,-9],[-8,-13],[-14,-14],[-5,10],[1,20],[-4,52],[-3,10],[-10,-1],[-15,27],[-1,12],[11,17],[-4,6],[-13,-2],[3,15],[22,5],[4,22],[-27,1],[-5,11],[13,17],[-12,3],[3,19],[14,11],[64,-21],[4,30],[-4,6],[-65,38],[4,11],[10,0],[18,-11],[20,2],[2,30],[17,0],[-2,18],[-12,10],[9,29],[-3,9],[-30,5],[-35,26],[-21,4],[-20,27],[6,6],[15,1],[35,-11],[43,-30],[-3,23],[-11,18],[-10,29],[-14,9],[13,17],[-9,8],[-21,3],[-15,11],[-18,-34],[-11,-8],[-17,2],[-13,11],[-5,18],[10,31],[-2,40],[16,-4],[6,15],[-5,12],[-17,22],[-12,26],[-25,72],[-7,15],[-23,13],[-12,15],[-1,22],[-11,14],[-32,8],[-48,25],[-27,6],[-32,3],[-10,-6],[-41,-14],[-34,15],[4,-28],[-30,7],[-39,20],[25,22],[-7,13],[-41,1],[-18,3],[-26,20],[7,10],[16,2],[38,-5],[42,-2],[27,5],[16,10],[1,11],[-18,17],[-29,-14],[-31,3],[-20,-5],[-19,8],[-9,11],[-18,8],[-15,1],[-18,16],[4,26],[45,11],[42,8],[12,13],[24,11],[31,0],[13,3],[25,-1],[16,16],[8,41],[-12,8],[-24,1],[-14,-6],[-12,4],[-16,12],[8,25],[17,11],[78,27],[26,5],[14,-2],[32,4],[5,13],[-5,32],[6,4],[24,2],[19,-7],[53,-26],[10,9],[-20,17],[-9,16],[29,6],[38,10],[32,7],[22,-6],[3,-57],[11,6],[7,10],[6,33],[12,-1],[25,-11],[42,-21],[3,10],[-29,40],[3,9],[32,-1],[48,-19],[16,-9],[50,-20],[23,-6],[10,6],[11,48],[-21,18],[-14,17],[9,8],[30,0],[37,11],[16,2],[19,-5],[28,-16],[45,-10],[3,24],[-3,16],[33,7],[25,2],[57,-8],[53,13],[26,0],[23,-7],[23,2],[24,-6],[7,3],[24,-4],[43,-5],[30,-25],[17,-8],[17,3],[46,-13],[6,-14],[-10,-10],[-80,-14],[-81,7],[-17,-6],[-59,-3],[-41,-16],[-4,-15],[9,-8],[32,9],[17,2],[49,-1],[28,4],[41,1],[12,-2],[31,-17],[53,22],[25,5],[7,-15],[-7,-16],[-41,-32],[-16,-24],[5,-15],[16,5],[20,18],[40,30],[31,17],[21,5],[38,-6],[18,10],[9,11],[14,7],[27,0],[35,-5],[43,-15],[1,-17],[-43,-13],[-22,-25],[-21,-12],[-19,-18],[-13,-2],[-59,1],[-28,-14],[-6,-17],[2,-11],[24,10],[20,2],[23,-4],[0,-13],[-9,-8],[-30,-4],[-9,-11],[-7,-42],[-9,-6],[-22,2],[-23,-65],[-2,-11],[11,-13],[16,27],[11,2],[34,-12],[2,-16],[-23,3],[-9,-10],[4,-9],[29,-10],[23,4],[9,-17],[-4,-19],[-23,7],[-30,4],[-17,-3],[-17,-15],[-16,9],[-13,-1],[-4,-13],[17,-19],[15,-7],[37,-7],[9,-5],[10,-30],[0,-18],[-10,-15],[-26,9],[-5,-3],[2,-26],[22,-15],[21,-10],[5,-12],[-5,-8],[-18,-8],[-22,1],[-35,5],[-7,-14],[7,-7],[17,-1],[22,-13],[1,-29],[-31,-2],[-7,-8],[-16,-1],[-15,5],[-19,13],[-16,18],[-26,-21],[-21,-8],[-30,3],[-17,-8],[-2,-14],[5,-17],[9,-8],[16,-2],[19,-8],[19,2],[32,-32],[31,-23],[4,-9],[6,-30],[15,12],[9,-21],[3,-49],[-7,-10],[-13,7],[-25,-2],[-18,9],[-8,14],[-10,29],[-25,28],[-23,7],[-19,-8],[27,-9],[4,-11]],[[5408,7949],[4,7],[7,-11],[-4,-6],[-7,10]],[[5241,8061],[0,0]],[[5320,8061],[0,0]],[[5350,8012],[-1,-19],[-8,-16],[2,-21],[-7,-4],[-1,-16],[-9,16],[-11,0],[-9,35],[11,10],[-3,10],[12,-2],[12,11],[12,-4]],[[5295,7999],[0,0]],[[5237,8059],[-8,9],[7,18],[19,7],[9,8],[17,26],[10,0],[0,-33],[-7,-11],[-12,4],[-22,-3],[-11,-11],[-2,-14]],[[5307,8105],[0,0]],[[5268,7927],[-1,2]],[[5267,7929],[-2,2]],[[5265,7931],[-11,-5],[-10,4]],[[5244,7930],[-3,5],[-4,36],[-12,5],[1,24],[6,6],[-7,7],[2,45],[15,-12],[7,22],[3,-15],[3,25],[24,8],[7,-18],[-9,-10],[10,1],[-4,-11],[17,-1],[4,-7],[-5,-15],[-14,-2],[-2,-22],[-6,-10],[-10,-4],[4,-9],[-7,-34],[4,-17]],[[5284,7934],[0,0]],[[5314,7914],[-9,11],[2,8],[30,-6],[-5,-13],[-18,0]],[[5297,7921],[0,0]],[[5271,7936],[0,0]],[[5296,7938],[0,0]],[[5343,7939],[0,0]],[[5351,7982],[0,0]],[[5297,7945],[-8,-4],[-11,11],[-5,24],[22,4],[5,-24],[-3,-11]],[[5232,7970],[0,0]],[[3496,8982],[-15,17],[-1,27],[3,11],[27,-6],[43,-28],[6,-17],[-18,-4],[-29,-14],[-16,14]],[[4365,9183],[-21,13],[-6,16],[19,1],[24,-13],[11,-10],[2,-16],[-10,-8],[-19,17]],[[6424,5732],[8,-29],[10,-5],[12,12],[16,-6],[4,5],[17,-8],[18,12],[7,17],[5,25],[19,50],[2,-4],[17,43]],[[6559,5809],[6,-2],[1,-46],[11,-39],[10,-21],[26,-35],[15,-3],[23,-66],[10,-19],[-8,-34],[-19,-50],[-9,-50],[-16,-1],[-4,-17],[-1,-62],[2,-20],[-18,-7],[-13,-18],[-5,-34],[-8,-17],[-19,-3],[-8,-19],[-2,-38],[-8,-13],[-23,4],[-33,-30],[-7,-8],[-12,-28],[-2,-30],[-23,-32],[-29,-21],[-26,-23],[-11,-30],[-11,-13],[-14,0],[-19,-27],[-21,-19],[-22,0],[-24,-42],[-7,0],[-7,-13],[-11,-2],[-12,16]],[[6264,5063],[119,181],[150,251],[3,68],[-51,18],[-43,12],[-3,29],[-20,109]],[[6345,6023],[9,-41],[2,-26],[8,1],[1,-11],[10,-27],[11,-5],[6,-14],[-6,-19],[4,-12],[-4,-26],[6,-30],[7,-5],[6,-43],[0,-14],[10,-17]],[[5636,6945],[24,7],[18,11],[8,-7],[-5,-37]],[[5681,6919],[-5,7],[-13,-17],[-7,3],[4,-21],[14,-22],[-14,16],[-4,-12],[6,-5],[-2,-13],[-5,15],[-9,3],[9,-22],[-9,3],[-4,21],[-11,16],[3,12],[-10,-11],[3,-7],[-3,-20],[9,-37],[12,-29],[-11,11],[-3,-5],[4,-19],[-11,-11],[19,-15],[11,-23],[7,0],[5,-42],[-4,-6],[-10,28],[-14,-8],[2,-23],[7,0],[3,-12],[-12,-6],[-10,7],[7,-32],[3,-31],[-9,10],[-8,-16],[-11,35],[-6,-14],[-6,21],[2,22],[-11,35],[6,20],[8,-3],[5,9],[23,-22],[11,14],[-22,20],[-14,2],[-18,-8],[-12,36],[11,11],[-4,8],[-9,-2],[-16,34]],[[5645,6787],[15,-23],[10,-5],[4,-33],[8,-3],[-1,-13],[-6,1],[-8,29],[-10,1],[-1,9],[-14,24],[-7,-2],[10,15]],[[5716,6597],[0,0]],[[5704,6604],[0,0]],[[5718,6628],[0,0]],[[5678,6625],[0,0]],[[5689,6615],[0,0]],[[5698,6621],[0,0]],[[5701,6622],[0,0]],[[5681,6648],[0,0]],[[5677,6688],[0,0]],[[5680,6668],[0,0]],[[5692,6677],[0,0]],[[5687,6712],[20,-41],[-4,-2],[-19,36],[3,7]],[[5686,6644],[0,0]],[[5702,6654],[0,-14],[-10,-3],[10,17]],[[5709,6656],[-2,-22],[-4,12],[6,10]],[[5404,6555],[0,0]],[[5396,6569],[0,0]],[[7738,4701],[-5,6],[0,26],[5,22],[4,41],[4,15],[-7,1],[1,29],[-2,49],[-3,27],[-8,39],[-10,70],[-3,28],[-4,103],[-7,6],[-3,30],[-10,29],[-3,-1],[-1,-32],[-7,-27],[-21,-25],[-11,-35],[-3,24],[-7,-12],[-6,7],[2,20],[-19,-15],[0,15],[9,76],[-1,63],[-13,76],[-3,-18],[-11,16],[10,6],[-2,25],[-11,31],[-12,6],[0,19],[-7,2],[-13,35],[-7,34],[-2,39],[-8,46],[-5,13],[-9,-11],[-30,0],[0,-46],[-3,15],[-2,-22],[-6,-10],[-4,18],[-6,-21],[-5,9],[-1,-17],[-8,0],[-5,26],[-5,-23],[-3,1],[-6,25],[-11,-27],[-20,-20],[-4,-11],[4,-32],[-8,-35],[-15,-29],[-20,-15],[-7,-11],[-24,-72],[-8,-17],[-8,-9],[-9,-27],[-28,-45],[-3,-32],[-13,-23],[-11,1],[-12,-45],[-6,9],[-12,-14],[-6,-34],[2,-93],[-2,-16],[6,-24],[-2,-36],[-13,-79],[-2,-21],[4,-78],[-1,-8],[-16,-4],[-8,-51],[6,-15],[-23,-21],[-5,-36],[-7,-17],[-11,-17],[-4,2],[-18,47],[-5,30],[-4,45],[-9,59],[-11,62],[-13,49],[-13,114],[-9,53],[-16,70],[-12,85],[-9,106],[-6,87],[-3,59],[10,45],[0,10],[-9,24],[-3,50],[1,20],[-11,-1],[-5,-20],[4,-20],[-4,-29],[-7,-12],[-24,-24],[-15,9],[-7,12],[-31,74],[-6,23],[17,-3],[13,7],[12,29],[-36,11],[-20,31],[-9,31],[-10,4],[-11,20],[-3,36],[-14,12],[-2,40],[-9,13],[-15,-13],[-37,-10],[-10,16],[-12,-4],[-6,-13],[-27,0],[-24,-9]],[[8992,7579],[8,-37],[14,-55],[-26,35],[-12,2],[-9,-10],[-6,-33],[-4,-55],[4,-32],[10,-36],[7,-7],[6,-21],[-4,-40],[-9,41],[-10,9],[-8,-10],[-12,-47],[-6,16],[-2,30],[8,37],[-5,29],[9,35],[-2,24],[-7,37],[5,10],[4,30],[1,47]],[[8602,6026],[-9,-27],[-7,10],[16,17]],[[8609,6135],[0,0]],[[8607,6123],[0,0]],[[8638,6192],[2,-7],[-5,-24],[3,31]],[[8628,6164],[0,0]],[[8383,5747],[-6,-39],[-4,-54],[-8,-41],[-8,-30],[0,-22],[-5,-7],[-4,30],[-9,22],[-5,35],[2,35],[16,70],[8,29],[14,19],[14,-19],[-5,-12],[0,-16]],[[8573,6323],[0,12],[7,-9],[-7,-3]],[[8504,6370],[4,14],[13,7],[4,-7],[-9,-16],[-12,2]],[[8519,6444],[0,0]],[[8531,6454],[0,0]],[[8547,6461],[0,0]],[[8510,6458],[-7,-9],[3,16],[4,-7]],[[8547,6467],[0,0]],[[8497,6473],[0,0]],[[8497,6475],[0,0]],[[8554,6485],[0,0]],[[8499,6486],[0,0]],[[8550,6487],[0,0]],[[8568,6484],[6,10],[1,-14],[-7,4]],[[8501,6502],[0,0]],[[8509,6597],[0,0]],[[8504,6628],[0,0]],[[8633,6676],[0,0]],[[8617,7047],[5,-27]],[[8622,7020],[-17,-30],[-5,-14],[0,-28],[-4,-43],[-9,-3],[-20,-41],[-21,-14],[-7,-18],[-4,-29],[3,-10],[24,-48],[3,15],[8,-37],[19,-62],[4,-40],[-3,-48],[6,-3],[-4,-37],[-9,-26],[-15,4],[-6,-10],[2,-14],[-12,11],[-10,-27],[-4,17],[-4,-7],[4,-13],[-10,-4],[5,16],[-9,-10],[-3,-14],[-3,13],[-5,-21],[-9,21],[2,41],[3,35],[9,18],[-7,18],[-1,42],[-6,4],[6,19],[7,0],[3,16],[-9,30],[-9,5],[-8,-17],[-5,19],[-5,4],[-8,-25],[-5,20],[-9,12],[-2,15],[6,23],[10,8],[-7,18],[8,39],[-11,19],[-10,-6],[-12,22]],[[8461,6706],[0,0]],[[8435,5725],[0,0]],[[8479,5765],[0,0]],[[8446,5734],[0,0]],[[8547,5852],[-2,10],[6,29],[11,16],[0,-13],[-12,-17],[-3,-25]],[[8520,5874],[0,0]],[[8581,5983],[0,0]],[[8570,5944],[0,0]],[[8610,6012],[0,0]],[[8589,5998],[0,0]],[[8603,6107],[0,0]],[[8852,6672],[4,21],[10,13],[8,36],[7,19],[8,58],[-6,29],[5,16],[-2,34],[15,29],[5,-19],[14,11],[-2,17],[-8,11],[8,13],[10,-12],[1,-55],[6,-14],[8,-46],[-3,-40],[-8,-24],[-2,-27],[-12,-11],[-6,-25],[3,-47],[0,-22],[-9,-25],[-3,-46],[8,-22],[-12,-19],[-2,-27],[-14,-14],[-1,9],[6,38],[-9,-3],[-7,-20],[-10,-11],[-1,-24],[-8,-3],[-2,25],[-6,-6],[-8,-27],[-11,1],[-14,-5],[-6,18],[-9,11],[-6,-26],[11,-19],[-20,-18],[-12,-48],[-19,25],[-3,32],[10,24],[-3,11],[-8,-6],[-14,7],[-17,-18],[-6,4],[-31,-22],[-8,11],[-5,-14],[0,-21],[-17,10],[-17,2],[3,20],[12,4],[10,15],[27,63],[9,5],[1,-14],[22,12],[26,8],[11,8],[6,-23],[16,20],[1,27],[19,50],[0,36],[4,10],[14,9],[1,-11],[-9,-17],[1,-27],[35,39],[11,17]],[[8716,6436],[6,1],[14,-13],[0,-26],[-15,-36],[-7,17],[-6,1],[-10,-13],[-7,-39],[-6,-9],[-6,15],[-4,25],[-6,17],[9,13],[10,28],[5,-8],[13,6],[10,21]],[[8616,6248],[-4,29],[11,23],[1,19],[-7,26],[-4,1],[-7,-24],[-14,40],[5,11],[18,3],[7,24],[12,0],[3,-12],[9,-8],[8,6],[3,-12],[-7,-15],[11,-30],[-7,-19],[-5,-25],[-2,-41],[-10,-23],[-6,-22],[-5,6],[5,37],[-5,3],[-9,-36],[-5,14],[4,25]],[[8902,7077],[-4,9],[7,10],[13,-16],[6,6],[0,39],[11,13],[1,52],[-6,40],[10,18],[32,-70],[13,-22],[15,-15],[16,-8],[21,29],[-8,-33],[10,-44],[-12,-17],[-12,-6],[-11,6],[-9,-12],[-14,-41],[-4,-20],[-35,42],[-15,1],[-13,-19],[-7,21],[-13,-13],[1,-10],[14,-16],[11,-19],[-5,-7],[-11,2],[-13,-29],[-4,17],[4,32],[-9,12],[-2,26],[22,30],[0,12]],[[9059,7112],[0,0]],[[9073,7124],[0,0]],[[9069,7170],[-12,-8],[-8,-22],[-11,-8],[10,16],[9,30],[13,-2],[-1,-6]],[[9119,7233],[-21,-30],[-9,-18],[-11,-10],[9,20],[-1,7],[21,31],[12,3],[11,18],[4,-12],[-15,-9]],[[9151,7260],[6,18],[18,26],[5,-1],[-23,-40],[-6,-3]],[[9189,7323],[0,0]],[[9186,7342],[0,0]],[[9236,7386],[0,0]],[[9252,7415],[0,0]],[[9257,7441],[0,0]],[[9283,7498],[0,0]],[[9275,7500],[0,0]],[[9291,7511],[0,0]],[[9302,7550],[-2,-20],[-7,-4],[9,24]],[[9290,7562],[0,0]],[[9222,7355],[0,0]],[[9315,7581],[-3,18],[10,6],[8,23],[6,3],[1,-16],[-10,-24],[-12,-10]],[[9338,7633],[8,5],[-2,-16],[-6,11]],[[9318,7644],[0,0]],[[5536,7597],[-15,-7],[-4,34],[-14,25],[0,56],[-6,29],[5,16],[10,0],[4,8],[-1,23],[8,18],[12,7],[20,-9],[3,10],[10,-4],[6,14],[12,-4],[47,39],[-4,55],[4,16],[-6,16],[-25,24],[-12,37],[-9,15]],[[5581,8015],[1,39],[10,18],[0,23],[10,21],[24,11],[1,-8],[13,-18],[4,-20],[16,-8],[13,11],[3,10],[-3,41],[7,35],[-5,7],[-7,-15],[-11,10],[1,30],[-5,-6],[-5,14],[2,25],[17,4],[9,14],[11,6],[14,-6],[5,9],[25,-3],[38,-11],[9,11],[2,15],[5,-7],[5,12],[9,-4],[8,17],[19,-12],[10,5],[-12,23],[-20,-2],[-11,7],[-4,29]],[[5862,8994],[8,1],[20,16],[4,-17],[11,-16],[19,-6],[1,-19],[9,10],[50,-5],[50,-25],[12,-12],[28,-35],[34,-15],[25,-20],[5,-9],[1,-24],[6,-19],[-11,-27],[-24,-26],[-22,-12],[-32,-2],[-63,18],[-45,27],[-20,5],[-12,20],[-10,5],[-12,-4],[15,-25],[20,-24],[30,-23],[5,-14],[-3,-23],[-9,-6],[4,-21],[9,-31],[3,-23],[6,-5],[26,-7],[6,-20],[33,-12],[14,7],[3,20],[-4,13],[-18,1],[-7,6],[-12,26],[9,22],[6,0],[14,-15],[44,-25],[12,-3],[10,5],[9,-6],[4,21],[-13,29],[-4,21],[3,10],[39,27],[24,33],[29,-12],[21,-17],[10,43],[-4,35],[-15,13],[15,32],[-2,27],[-9,17],[5,12],[18,-7],[25,3],[8,-4],[22,-49],[-33,-5],[-10,-7],[-6,-16],[14,-15],[9,-18],[19,-10],[33,7],[4,5],[10,49],[15,6],[16,14],[36,23],[37,18],[12,10],[2,-15],[11,1],[8,24],[14,9],[10,-2],[-3,-32],[-10,-3],[-3,-12],[9,-6],[26,8],[5,-8],[11,25],[5,6],[24,6],[23,-8],[14,3],[12,15],[23,11],[16,-11],[-8,-15],[2,-7],[17,-7],[5,20],[16,1],[12,16],[1,14],[-17,33],[19,20],[34,-3],[46,-17],[26,-17],[14,-3],[34,-22],[45,-49],[8,2],[17,43],[-17,1],[-11,21],[0,22],[-9,9],[-25,5],[2,24],[13,19],[-4,35],[-14,2],[-3,9],[4,17],[28,23],[14,16],[14,33],[7,39],[8,14],[24,-7],[40,7],[22,-1],[7,-4],[4,-19],[-10,-39],[-17,-27],[-2,-11],[9,-11],[15,-33],[3,-26],[-10,-20],[4,-38],[-1,-42],[9,-32],[13,-8],[2,-10],[-6,-16],[-9,-37],[-26,-35],[-14,-15],[4,-17],[-20,-12],[-29,15],[-20,-5],[3,-10],[16,-16],[20,-7],[48,-4],[10,23],[17,11],[14,16],[8,28],[11,11],[10,20],[-2,30],[-7,18],[3,17],[11,8],[18,5],[22,0],[19,-22],[2,-25],[-4,-34],[15,-15],[16,-2],[11,5],[2,9],[-17,12],[-12,2],[0,13],[13,12],[-9,48],[-7,9],[-50,20],[-19,-10],[-28,6],[-7,43],[4,21],[13,38],[-16,41],[-13,23],[11,18],[15,3],[21,20],[5,28],[-2,22],[17,-7],[-1,-33],[-8,-19],[0,-33],[10,-18],[37,-10],[21,-2],[10,-14],[14,1],[-7,29],[-6,9],[-36,5],[-14,20],[3,10],[17,2],[20,-8],[9,5],[-1,24],[16,6],[16,1],[31,-20],[14,-17],[23,-14],[23,0],[9,5],[1,-11],[-18,-20],[-5,-57],[4,-4],[9,25],[8,8],[8,-17],[-1,-25],[18,16],[-1,10],[-14,42],[11,32],[-10,14],[-21,17],[-3,12],[-37,16],[-4,10],[0,31],[-11,22],[11,17],[29,3],[31,1],[45,10],[10,-12],[24,18],[18,3],[7,-6],[-12,-11],[-5,-13],[28,11],[15,21],[-4,14],[-16,15],[-4,10],[4,25],[64,49],[20,10],[46,3],[54,17],[31,22],[35,-1],[5,-6],[-5,-14],[32,-2],[32,13],[12,2],[21,-8],[9,7],[0,16],[6,11],[23,1],[16,12],[-8,17],[1,11],[15,14],[19,13],[28,13],[16,2],[31,-1],[10,-9],[1,-9],[-19,-13],[-8,-11],[6,-5],[23,4],[19,-5],[26,3],[-3,-13],[-14,-15],[-4,-9],[35,0],[3,-3],[13,18],[39,3],[49,-9],[18,-8],[15,-14],[6,-14],[20,2],[5,-16],[-17,-27],[14,-16],[-29,-28],[-27,-11],[-80,-66],[-10,-9],[-30,-12],[-30,-19],[-25,-37],[22,8],[12,14],[36,6],[60,22],[13,9],[-7,17],[10,17],[11,-7],[8,-13],[15,-7],[20,0],[14,8],[6,-2],[3,-26],[6,-13],[18,25],[21,0],[19,5],[29,0],[50,-7],[-4,-25],[5,-10],[25,-5],[33,-10],[46,6],[18,-12],[17,30],[-3,23],[23,15],[16,-2],[25,-19],[56,0],[22,-20],[0,-12],[-33,-18],[-31,-23],[0,-10],[25,-3],[9,-5],[28,-28],[25,-41],[23,-26],[17,-10],[8,0],[9,13],[25,57],[11,11],[3,-15],[9,-10],[31,-14],[11,3],[24,15],[20,0],[15,-8],[24,-24],[15,21],[-1,8],[15,10],[14,-14],[16,-1],[0,31],[3,29],[-14,-5],[-11,3],[10,13],[35,8],[20,21],[25,-8],[66,-16],[29,-2],[-22,-21],[23,2],[1,-17],[-22,-15],[-3,-10],[9,-1],[18,9],[12,11],[20,26],[50,-3],[23,-10],[5,-10],[-28,-19],[28,-14],[27,-6],[22,-19],[4,-14],[14,-16],[35,4],[46,15],[28,4],[37,-4],[28,-9],[23,-19],[11,-23],[-5,-33],[6,-8],[28,-6],[0,-22],[5,-13],[9,5],[7,14],[15,13],[30,1],[19,9],[9,-1],[7,-14],[9,-4],[47,-2],[11,4],[17,16],[21,-31],[25,-19],[4,-13],[7,-5],[20,5],[20,10],[2,8],[-13,38],[-10,4],[11,29],[53,-8],[15,-5],[3,-11],[17,5],[55,2],[16,-5],[25,-13],[17,-3],[26,-17],[9,-2],[29,-22],[0,-286],[-27,-13],[-8,-12],[-20,-4],[-16,4],[-9,23],[-11,-11],[-11,0],[-10,9],[5,-16],[-7,-10],[16,-9],[8,11],[9,-4],[0,-15],[13,-16],[17,5],[7,-35],[-9,-17],[7,2],[18,-35],[-2,-15],[10,4],[-1,-21],[-14,-17],[-40,14],[-3,13],[-10,1],[-8,-22],[-38,-29],[-18,-6],[-17,-20],[-12,-1],[-16,-23],[-12,-1],[-13,-30],[-21,-14],[-5,-15],[-20,-12],[-2,-19],[-11,-11],[-7,10],[-5,21],[-8,10],[-26,0],[-31,-12],[-30,-40],[-2,4],[7,42],[-12,0],[-10,-17],[-13,-11],[-2,-17],[-8,-5],[-13,30],[-10,-14],[-10,-5],[-10,-25],[6,-13],[-14,-23],[4,-5],[-19,-30],[-11,-27],[-1,-18],[12,-13],[17,2],[8,-11],[-14,-28],[-3,-9],[7,-32],[10,-3],[1,-32],[-4,-12],[-13,5],[5,24],[-11,-8],[-13,-27],[-10,-41],[4,-22],[10,-18],[-12,-23],[-25,2],[-7,-6],[-13,-20],[-7,-16],[0,-20],[6,-25],[-16,-8],[-24,-22],[-2,-45],[-14,-38],[-33,-52],[-10,69],[0,26],[-9,37],[-9,74],[0,19],[-6,61],[-1,26],[5,71],[2,8],[24,41],[9,30],[-3,16],[20,12],[23,20],[30,42],[7,25],[33,43],[19,28],[8,24],[16,14],[26,17],[14,38],[-7,7],[10,30],[2,28],[7,7],[28,5],[-6,10],[-26,7],[-31,-15],[0,-10],[-8,-30],[1,-11],[-14,-8],[-20,-23],[-25,-34],[-17,-9],[6,26],[-12,2],[-2,9],[12,40],[-5,8],[-21,-16],[-11,17],[-48,-11],[-19,-16],[0,-21],[-21,-24],[2,-16],[-16,-12],[-23,-30],[-11,-30],[0,-12],[7,-7],[16,-1],[4,-13],[-27,-13],[-22,6],[-18,-17],[-8,11],[-24,-17],[-9,8],[1,9],[22,9],[-9,21],[-11,7],[-28,-3],[-11,14],[-19,0],[-9,-8],[1,-13],[-9,-15],[-14,12],[-26,-5],[-19,7],[-7,-2],[-3,-20],[-12,4],[-3,21],[-71,-4],[-14,-9],[-12,-15],[-16,-32],[-21,-18],[-15,-43],[-32,-38],[-15,-23],[-31,-59],[-20,-29],[-34,-40],[-8,-13],[-3,-21],[6,-9],[17,-2],[22,4],[-4,-55],[11,0],[8,12],[9,-4],[-8,-23],[25,-2],[7,8],[5,17],[0,20],[27,0],[20,-20],[6,-20],[22,-35],[-8,-16],[7,-17],[-4,-24],[9,-11],[-15,-48],[-9,-44],[-2,-22],[4,-30],[-4,-54],[-7,-62],[-24,-50],[-7,-35],[-17,-32],[-10,-44],[-7,-19],[-34,-75],[-13,-41],[-17,-26],[-13,-37],[-11,-22],[-12,-16],[-33,-23],[-3,14],[-10,1],[-8,23],[-14,-13],[5,19],[-8,-5],[-14,-34],[-18,-34]],[[6500,6665],[-4,49],[2,39],[3,24],[-11,30],[-13,6],[3,12],[14,-6],[-8,21],[5,15],[-20,-4],[-4,39],[6,42],[6,-21],[10,-1],[4,9],[2,-17],[11,7],[5,-5],[-1,17],[12,-1],[-2,18],[-16,25],[-5,45],[-7,2],[-19,-7],[-3,-19],[0,-28],[-7,11],[-5,39],[9,41],[-7,13],[-14,0],[-9,25],[-9,0],[1,15],[-8,24],[-6,35],[-16,7],[-1,19],[15,5],[12,-11],[7,6],[-13,23],[7,13],[4,23],[31,2],[18,-6],[-12,13],[0,10],[9,23],[3,26],[-4,13],[4,13],[-2,13],[-18,9],[-11,-11],[-10,13],[-12,6],[-20,-13],[-19,-26],[-12,-1],[-13,-29],[-6,-4],[-15,-23],[-12,-6],[-5,5],[-4,-22],[-10,-42],[-9,-13],[0,-17],[13,-19],[7,-25],[0,-60],[31,-84]],[[6113,7100],[-32,60],[-23,20],[-6,17],[-12,-2],[-14,38],[20,9],[1,16],[8,31],[13,6],[-6,17],[-14,20],[18,9],[25,25],[-4,14],[-48,-13],[-6,-14],[-38,-16],[-12,-12],[-5,10],[-9,-26],[-23,-1],[-7,-5],[33,-42],[1,-20],[7,-1],[15,9],[19,-4],[-7,-21],[-11,-5],[-14,4],[-9,-16],[-19,-8],[-10,-19],[-17,8],[5,24],[-5,23],[-11,9],[-14,5],[11,16],[21,19],[-3,15],[-28,-1],[-9,3],[-8,17],[8,14],[-7,19],[-5,-11],[-26,-10],[-11,-28]],[[5728,7515],[1,44]],[[0,8729],[0,213],[31,-20],[21,-20],[12,-5],[47,-33],[14,-12],[9,-26],[5,-26],[-3,-14],[13,-26],[12,-8],[3,17],[-8,13],[1,27],[13,6],[12,-9],[17,-5],[13,3],[11,-4],[21,-25],[38,-42],[-21,1],[-10,-26],[-20,15],[13,-23],[-27,2],[-24,15],[14,-21],[3,-35],[-20,-4],[-3,-5],[7,-28],[-2,-9],[-18,0],[-15,5],[-3,12],[-22,16],[-3,-9],[-19,21],[-5,32],[-11,11],[-16,1],[-11,-7],[-17,-3],[-15,4],[-1,21],[-8,16],[-11,-4],[-17,-53],[0,51]],[[6486,9246],[17,1],[17,8],[30,3],[19,-9],[-7,-23],[-12,-8],[-8,-20],[0,-26],[5,-34],[18,-37],[25,-22],[-1,-9],[-32,2],[-11,-1],[-19,-14],[-8,16],[-27,2],[-1,12],[17,11],[0,9],[-30,22],[-19,5],[-12,-9],[-8,1],[-8,13],[-2,14],[8,17],[17,-3],[20,31],[3,11],[-16,8],[25,29]],[[6548,9278],[-30,-8],[-18,19],[24,24],[28,3],[1,11],[-9,11],[10,14],[19,6],[-10,13],[20,29],[20,1],[12,18],[24,19],[28,8],[16,-1],[9,5],[10,20],[15,3],[21,-9],[30,12],[63,13],[14,23],[56,7],[11,-11],[2,-12],[-10,-15],[-24,-16],[-32,-14],[-54,-16],[-54,-19],[-23,-10],[-26,-8],[-12,-6],[-4,-9],[8,-7],[-17,-19],[-32,1],[-7,-14],[8,-8],[-19,-22],[-15,8],[-7,-10],[11,-9],[1,-11],[-14,-21],[-10,-9],[-34,16]],[[5791,7126],[-1,-19],[-12,-6],[-5,-48],[-10,-21],[6,-3],[8,-26],[-1,-15],[10,-26],[22,-17],[-8,-20],[-19,9],[-5,-8],[-12,1],[-6,-20],[-17,-18],[-10,-25],[-3,16],[17,18],[-2,6],[-19,-4],[-2,16],[-20,5],[-8,9],[-13,-11]],[[5401,7857],[0,0]],[[5268,7401],[-13,8]],[[5253,7410],[-4,0]],[[5198,7806],[-5,11],[6,19],[22,4],[6,-23],[0,15],[9,-6],[1,25],[16,0],[-7,5],[2,11],[-11,19],[11,10],[-10,25],[6,9]],[[5265,7931],[2,-2]],[[5268,7927],[9,-18],[-4,-13],[22,-11],[11,3],[-1,-15],[-8,-10],[19,-7],[5,12],[13,5],[17,16],[8,2],[14,-23],[6,4],[3,-22],[18,-13],[1,20]],[[5401,7857],[24,14],[16,4],[16,21],[33,19],[17,3],[7,-29],[22,-12],[28,30],[-14,-3],[3,23],[29,-3],[6,11],[1,28],[-6,21],[-2,31]],[[5392,7853],[-8,1],[-2,15],[10,-16]],[[262,2940],[0,0]],[[257,2935],[0,0]],[[291,2942],[0,0]],[[288,2948],[0,0]],[[286,2948],[0,0]],[[36,2481],[0,0]],[[50,2542],[0,0]],[[45,2592],[0,0]],[[9992,2592],[0,0]],[[40,2588],[0,0]],[[9948,2596],[0,0]],[[30,2602],[0,0]],[[4,2600],[0,0]],[[9957,2606],[0,0]],[[42,2625],[0,0]],[[9998,2634],[0,0]],[[9934,2631],[0,0]],[[9948,2644],[0,0]],[[35,2659],[0,0]],[[9981,2667],[0,0]],[[28,2678],[0,0]],[[47,2682],[0,0]],[[9983,2684],[0,0]],[[20,2691],[0,0]],[[9966,2700],[0,0]],[[24,2713],[0,0]],[[9963,2672],[-23,-18],[-15,11],[-2,17],[3,18],[12,19],[10,2],[12,-21],[3,-28]],[[9919,2723],[0,0]],[[24,2728],[0,0]],[[9983,2728],[0,0]],[[27,2732],[0,0]],[[9921,2737],[0,0]],[[9951,2758],[0,0]],[[9996,2748],[0,0]],[[2,2766],[0,0]],[[9931,2766],[0,0]],[[9996,2770],[0,0]],[[9999,2779],[0,0]],[[0,2782],[0,0]],[[9996,2801],[-11,-34],[10,14],[3,-16],[-18,-5],[-3,7],[-5,-16],[-9,-5],[-6,17],[14,21],[11,4],[3,10],[11,3]],[[281,2591],[0,0]],[[140,2431],[0,0]],[[135,2447],[0,0]],[[145,2512],[0,0]],[[155,2537],[0,0]],[[157,2543],[0,0]],[[136,2545],[0,0]],[[158,2548],[0,0]],[[138,2552],[0,0]],[[159,2555],[0,0]],[[148,2614],[0,0]],[[164,2623],[0,0]],[[166,2622],[0,0]],[[163,2623],[0,0]],[[167,2624],[0,0]],[[121,2844],[0,0]],[[54,2939],[0,0]],[[107,3009],[0,0]],[[238,2960],[-13,1],[2,15],[11,-16]],[[214,2999],[2,-23],[-9,0],[-6,19],[13,4]],[[1965,2015],[0,0]],[[8164,5580],[0,0]],[[8167,5595],[10,-5],[-7,-20],[-3,25]]]}